public_unit_id,family,seed,control_type,edited_object,delta_vx,delta_vy,M1,joint_pass,anchor_rmse,k1_rmse,t19_rmse
joint-2a931d7a53cb9c33974d,M1,291301,sham,0,0.0660007618367672,-0.0660007618367672,0.2192714462973432,true,0.03881173084336871,0.04270720622597466,0.15957597643919405
joint-4352a0ffd3ac22d2f5e6,M1,291301,sham,1,0.0660007618367672,-0.0660007618367672,0.16964812710166668,true,0.03242573659888231,0.03341305580677991,0.0980282157882916
joint-147f59a58d0ef285e900,M1,291301,sham,0,0.0660007618367672,-0.1320015236735344,0.354943484910215,true,0.05951991050681326,0.06282279050176912,0.27052313499009917
joint-d0326bfd1d59b011ffc1,M1,291301,sham,0,0.1320015236735344,0.0660007618367672,0.3488084102176669,true,0.05441693257281657,0.05825256278216214,0.17742274314958084
joint-b0a6408213b275a6eec4,M1,291301,sham,0,-0.1320015236735344,0.0660007618367672,0.30658515567783234,true,0.04853368713567667,0.04840976487157738,0.15309521613804664
joint-f16075ae76c562b01afa,M1,291301,sham,1,0.1320015236735344,0.0660007618367672,0.3325432823828196,true,0.05163927846456661,0.052287097822909696,0.2705973313037974
joint-6c84dffefac07a85efd4,M1,291301,sham,1,0.1320015236735344,-0.1320015236735344,0.38311182917927944,true,0.06618842334531738,0.06826556415941673,0.2019779762999201
joint-530af393a720d348afb0,M1,291301,sham,1,0.0660007618367672,0.0660007618367672,0.21167547805845258,true,0.03265630141417781,0.03252598890557758,0.09212985089240344
joint-66b0d86cfbc4d904308f,M1,291301,sham,0,-0.0660007618367672,0.0660007618367672,0.1730347561840357,true,0.03531917634327286,0.03441452094220775,0.10416129748547506
joint-cb84ae0ab47be6c0b097,M1,291301,sham,0,-0.0660007618367672,0.1320015236735344,0.3911794852479955,false,0.05745420802032028,0.05952375731504058,0.18205189543974404
joint-bd7b1bc3eac5c32be6ce,M1,291301,sham,0,-0.0660007618367672,-0.0660007618367672,0.15650858884768704,true,0.030261650274010295,0.030024677075331897,0.13854772148686578
joint-f42e2b2aa0bcf1904b2c,M1,291301,sham,1,0.1320015236735344,0.0660007618367672,0.31029164171578516,true,0.049629702223006514,0.05047689631514831,0.2658709212196718
joint-0cc5980f554a68da719e,M1,291301,sham,0,0.1320015236735344,0.1320015236735344,0.357632705929315,true,0.07109260468213541,0.07209334679431265,0.30170359772937266
joint-c71196ce6b27a5f15741,M1,291301,sham,1,-0.0660007618367672,-0.0660007618367672,0.13419930201707334,true,0.025454683292427605,0.031772515198681045,0.0901756902988969
joint-08a29e94c959b15daf6c,M1,291301,sham,0,-0.1320015236735344,-0.0660007618367672,0.35427649614151974,true,0.05695778238741762,0.05884977301303746,0.22208585301927367
joint-009344968abd7434a0a8,M1,291301,sham,1,0.1320015236735344,-0.1320015236735344,0.39981451097650156,false,0.07221304177828652,0.07507961122676822,0.21842921576133723
joint-0d9b039cb21daac03d2a,M1,291301,sham,1,0.0660007618367672,0.0660007618367672,0.1644094494443076,true,0.03135309422073869,0.03515279977053745,0.10392136418508717
joint-96bbd61ef63ebf358d5e,M1,291301,sham,0,-0.0660007618367672,0.0660007618367672,0.18027824858632982,true,0.033820864474976085,0.032546444792677064,0.10270372566875167
joint-71226efdc82c7b8eb4e1,M1,291301,sham,1,0.1320015236735344,-0.1320015236735344,0.3804249192893981,false,0.07167988176248688,0.07552875340552467,0.30023089795969155
joint-2b6a5ce6c26b3991652e,M1,291301,sham,0,0.0660007618367672,-0.1320015236735344,0.3157110544901072,true,0.05147759813846056,0.05232447028395437,0.16208559450080173
joint-c45a492c6ab0e2e5bfbe,M1,291301,sham,1,0.1320015236735344,-0.0660007618367672,0.34722892306594366,true,0.056706528931787466,0.05642532265623306,0.2747565652958159
joint-b2b2ebaf8b3253aafde3,M1,291301,sham,0,0.1320015236735344,-0.1320015236735344,0.3634715592864257,true,0.06994753367099599,0.07081082946219534,0.26717303859992925
joint-58d5f239e12552c3626e,M1,291301,sham,0,-0.1320015236735344,0.1320015236735344,0.3384062016364789,true,0.06645795806683404,0.06871435253157357,0.2933804754027472
joint-fc2b76f0772372bf8c3c,M1,291301,sham,1,-0.1320015236735344,0.0660007618367672,0.32019069916893617,true,0.050384845654226046,0.053641554028476576,0.16584381099600706
joint-fe2aefddb9b7745686ad,M1,291301,sham,1,-0.0660007618367672,0.0660007618367672,0.1403979379142702,true,0.027759671611668833,0.029354328939588472,0.13444508423826723
joint-8b6ff975d45da97a4933,M1,291301,sham,1,0.1320015236735344,-0.1320015236735344,0.465413674876626,false,0.07591649551305112,0.07657495571902471,0.22292676396922376
joint-175e17d0ef9573bac40e,M1,291301,sham,0,-0.1320015236735344,0.1320015236735344,0.3564284232447751,true,0.06777960829685839,0.07024283592344623,0.21920492997494603
joint-a3d06b9cb0966439eddd,M1,291301,sham,1,0.0660007618367672,0.1320015236735344,0.39832346187614365,true,0.05419837622404189,0.056533299853645844,0.20208721317096565
joint-04c90cd2b55e51d7395c,M1,291301,sham,0,0.0660007618367672,-0.1320015236735344,0.3300328099207393,true,0.050140740093935675,0.050583344010538864,0.19573398182785973
joint-03d19206c4766692b70a,M1,291301,sham,0,-0.0660007618367672,0.0660007618367672,0.17663350652412416,true,0.034222241399554806,0.03415330676689473,0.10536392007446078
joint-f3533a47857412ee6574,M1,291301,sham,1,-0.0660007618367672,-0.0660007618367672,0.13435481831746748,true,0.02437584939879276,0.030162545336746057,0.0961796450285596
joint-19e423cc276169fd1073,M1,291301,sham,1,0.1320015236735344,0.0660007618367672,0.33303657205302706,true,0.05171684886431381,0.05411549243413636,0.22331333687570884
joint-ff96f3eeddc533681410,M1,291301,sham,0,-0.1320015236735344,0.0660007618367672,0.3009508917668937,true,0.05283298898317999,0.05369793763319872,0.21239862000550655
joint-c4e21270ec4d0d7be262,M1,291301,sham,0,-0.0660007618367672,0.1320015236735344,0.3228164779584431,true,0.050611019465254065,0.05556046173965438,0.16180272490665923
joint-f3c2aa3445150de38445,M1,291301,sham,1,-0.0660007618367672,-0.1320015236735344,0.3590504787834249,true,0.05165665797026027,0.05432821356828176,0.16893544514966738
joint-9b1bd063fe31242ee1d4,M1,291301,sham,0,-0.1320015236735344,0.0660007618367672,0.34002095235596597,true,0.05562552759363878,0.05490415568953095,0.17208889604111824
joint-dc07119105a4b0f17fef,M1,291301,sham,0,-0.1320015236735344,-0.1320015236735344,0.38777125867523965,true,0.07054125284078515,0.07065301213054054,0.22171623102612417
joint-e62d176dd1f3b78034aa,M1,291301,sham,1,0.0660007618367672,0.0660007618367672,0.18021844439487444,true,0.034317094576383954,0.034615765528752916,0.10261089407728378
joint-7fb044ff7f38057c2332,M1,291301,sham,1,-0.0660007618367672,-0.1320015236735344,0.3717370356751079,true,0.053358622945005575,0.05454357530098546,0.16490747123555713
joint-86e6ae730070eee6983b,M1,291301,sham,1,0.0660007618367672,-0.0660007618367672,0.19835800620584806,true,0.032268871033799364,0.03317935878963913,0.14679743768012662
joint-9a206f19112cd83d8451,M1,291301,sham,1,0.1320015236735344,-0.1320015236735344,0.3157435255057351,true,0.059977517939369236,0.06265318630738731,0.18813682376500984
joint-d9be6f5c2e8106f0264a,M1,291301,sham,1,0.0660007618367672,-0.0660007618367672,0.16502766774768562,true,0.03180187316939441,0.032981843070312114,0.09414089292368219
joint-6f8a92fc80c9c4920afe,M1,291301,sham,1,0.0660007618367672,-0.0660007618367672,0.20095637884136827,true,0.03191308633293749,0.029817502254218906,0.1441962561265367
joint-2a31fc646bfd539046d7,M1,291301,sham,1,0.0660007618367672,0.1320015236735344,0.312506470944033,true,0.04808796320421981,0.049845002555853744,0.2773743155788406
joint-e8ed568644109d3c68dd,M1,291301,sham,1,0.0660007618367672,0.0660007618367672,0.19601538120391435,true,0.03557724579345383,0.03811783510593086,0.11688657991714436
joint-310c46903e1f1c1d5a60,M1,291301,sham,0,-0.0660007618367672,0.0660007618367672,0.18398308378101977,true,0.032545083034277084,0.030923671563707223,0.09570019131098492
joint-1285f64b5ffdc41a435d,M1,291301,sham,0,0.0660007618367672,0.0660007618367672,0.19344981825407104,true,0.034494514747954376,0.03387529521355331,0.13934075650737718
joint-70524fe1e7c2518c400a,M1,291301,sham,1,0.0660007618367672,-0.1320015236735344,0.3864420040322532,true,0.05686686565646086,0.05958170913882393,0.17198978270653792
joint-41ae71c0e6c6d51506eb,M1,291301,sham,0,-0.0660007618367672,-0.0660007618367672,0.22389305807396748,true,0.04051429680068044,0.04335931673396768,0.17031142476509747
joint-f2a415df92c5dbd9c22b,M1,291301,sham,1,0.1320015236735344,0.0660007618367672,0.3195587752061894,true,0.053691195546639536,0.055196686559207196,0.16436051431361182
joint-05f0f9643ecc833a54a1,M1,291301,sham,1,0.1320015236735344,-0.1320015236735344,0.3750742070437049,true,0.06670983879399421,0.06866461284704707,0.20214367576302705
joint-6731d5008cdff8444b8a,M1,291301,sham,0,0.0660007618367672,0.1320015236735344,0.3278728788805202,true,0.05239435246277859,0.054336239720384594,0.16056417057933597
joint-cd5d57fb2d2fc404ed88,M1,291301,sham,1,0.0660007618367672,-0.1320015236735344,0.358775823899285,true,0.05179406597148186,0.05485758183118932,0.16468073293275196
joint-c73f7954cc710bf9d63c,M1,291301,sham,0,-0.1320015236735344,0.1320015236735344,0.30487621649169905,true,0.06166358390872911,0.0637934043112013,0.29206144735239625
joint-8c80649d97868318c9fe,M1,291301,sham,1,-0.0660007618367672,0.1320015236735344,0.37788509884128213,true,0.0544808615969976,0.05456162224936802,0.16606707022410166
joint-e8ffd69e58705acdb563,M1,291301,sham,0,-0.1320015236735344,-0.1320015236735344,0.3855031372069791,true,0.06781847067409645,0.07333382362184256,0.2543738789121122
joint-2474a6ed6bbe4f7e1b97,M1,291301,sham,1,-0.0660007618367672,-0.0660007618367672,0.214790352503202,true,0.041466182249510895,0.04366396361946826,0.1635766193148585
joint-1b6c644185589ebc48c8,M1,291301,sham,1,-0.1320015236735344,0.1320015236735344,0.38592655240207896,true,0.06458553422425482,0.0660599541681437,0.2048384323852412
joint-efe7c8a0a11bb35094e0,M1,291301,sham,0,-0.1320015236735344,0.0660007618367672,0.3720632850924348,true,0.058787272515723354,0.06219195830085011,0.27800741045221494
joint-9ea456682d298ae62b43,M1,291301,sham,0,0.1320015236735344,0.1320015236735344,0.36848597408453393,false,0.07411906888815614,0.0750458371235367,0.2963190449888753
joint-7d924a87e8568d82b71b,M1,291301,sham,1,-0.0660007618367672,-0.1320015236735344,0.385349881260201,true,0.05168097182258418,0.05640331907338365,0.17125695332500443
joint-f012efad790d4bcb5275,M1,291301,sham,1,0.0660007618367672,-0.1320015236735344,0.32528937568627825,true,0.04700496691789463,0.05034255947425994,0.18917324875060207
joint-99a2122f162a74088f58,M1,291301,sham,0,0.1320015236735344,0.0660007618367672,0.36838176077059875,true,0.06047759795348784,0.06404682285430416,0.18759631904749122
joint-ce884c4d333127e8b6dc,M1,291301,sham,0,0.1320015236735344,-0.1320015236735344,0.3838793034145837,false,0.0712208232114594,0.07230674008324392,0.211039896714358
joint-50af49320c1511a0d6c6,M1,291301,sham,1,0.1320015236735344,0.1320015236735344,0.3876202922258802,true,0.0710190680514112,0.07379060766754603,0.31443986550161
joint-4664e26abb95085a572a,M1,291301,sham,1,-0.1320015236735344,-0.1320015236735344,0.4025945014967426,true,0.06517171761653408,0.06701806569549829,0.28642953916292524
joint-79aa8ba0c5489ddf2497,M1,291301,sham,1,0.0660007618367672,0.0660007618367672,0.202092410739208,true,0.03973748813268073,0.04076599873432005,0.16195143975397375
joint-d987f2e8f59153959f0b,M1,291301,sham,0,0.0660007618367672,-0.0660007618367672,0.17753822040029224,true,0.03728462456451573,0.03707021666287429,0.1509665543235434
joint-cb8130fb1c35fd8e7b18,M1,291301,sham,0,0.1320015236735344,0.1320015236735344,0.3556730360807153,true,0.07025278015012279,0.07150128481945663,0.21654465141203047
joint-d18a1d26ca0c2d035ee3,M1,291301,sham,1,-0.0660007618367672,0.0660007618367672,0.2177282243860314,true,0.04115540442600832,0.04007580402256979,0.16480278685614977
joint-da2f34f1c087e97b1afb,M1,291301,sham,0,-0.0660007618367672,0.0660007618367672,0.22598334580281196,true,0.04011641953745552,0.041513337940589215,0.12816519506248852
joint-d61e8bcf8b85f15c898a,M1,291301,sham,1,-0.0660007618367672,-0.0660007618367672,0.17406540639257,true,0.03229560129780136,0.03473508778847054,0.10651833058764998
joint-4de8fb543630717fe750,M1,291301,sham,1,0.0660007618367672,0.1320015236735344,0.36573464995923255,true,0.051682767782698334,0.053408489734323585,0.15965398552742588
joint-dc3cf8ce3539277e0726,M1,291301,sham,0,-0.0660007618367672,-0.1320015236735344,0.3900021255337038,true,0.06260570411173791,0.06259638113923881,0.29605109519061806
joint-afc74f4446a723051311,M1,291301,sham,0,0.1320015236735344,0.0660007618367672,0.3564620479774718,true,0.057950334212483114,0.0607346906302562,0.19876049429294465
joint-b8e91cf056a2850aa06d,M1,291301,sham,1,0.1320015236735344,0.1320015236735344,0.38558688822693943,true,0.06629795841384357,0.0690148117376763,0.31164816479731455
joint-1f313d8436034e3c8a2f,M1,291301,sham,0,0.0660007618367672,-0.0660007618367672,0.1940805274586248,true,0.03740071963267059,0.03746156632161641,0.10957665093469843
joint-86283058a19cd7794f47,M1,291301,sham,1,-0.1320015236735344,0.1320015236735344,0.3269824908211845,true,0.05895174539543313,0.06276149326444971,0.29578457132563946
joint-a5ed81533299a3f553ae,M1,291301,sham,1,0.0660007618367672,0.1320015236735344,0.41201314419531376,false,0.06049260581856957,0.05994947594779601,0.17964822887569928
joint-1b3125f558c72b1ea5e4,M1,291301,sham,1,-0.0660007618367672,0.1320015236735344,0.30704798102601466,true,0.04546469471532319,0.04781402765932548,0.15476241949823152
joint-3dcb938aa6f788013529,M1,291301,sham,0,-0.0660007618367672,-0.0660007618367672,0.13680656816906261,true,0.027387208117227807,0.030588305913709275,0.1293248117693207
joint-f3d0c584cd58125ec9bd,M1,291301,sham,0,-0.0660007618367672,-0.1320015236735344,0.3148886969937586,true,0.049488242547815364,0.053942313740707494,0.20467847610023676
joint-a4fe2bd135f56d3a3b4d,M1,291301,sham,0,-0.1320015236735344,-0.0660007618367672,0.36011637010427633,true,0.05984749030105806,0.06434110520292358,0.204955623779558
joint-baf9ad5b2a0e2663433b,M1,291301,sham,0,0.1320015236735344,0.1320015236735344,0.33770817189659885,true,0.06659169392087695,0.06559768303388086,0.2953536142298224
joint-63dd4abeb6e1325c7806,M1,291301,sham,0,-0.1320015236735344,0.1320015236735344,0.3742920466570807,true,0.070575832619622,0.07175164964444042,0.22380103692750442
joint-89a8114aac92bfca40db,M1,291301,sham,0,0.0660007618367672,0.1320015236735344,0.33960735868315073,true,0.05745966484470303,0.05744924334962473,0.20044671267875047
joint-fdd9add87d3e0887f0db,M1,291301,sham,0,-0.0660007618367672,-0.0660007618367672,0.1572679340453663,true,0.03018204932516596,0.02816127917591456,0.08965919582335612
joint-8deb233befdaaa44244e,M1,291301,sham,0,-0.0660007618367672,-0.1320015236735344,0.38611776223880456,true,0.0602872664020119,0.06601550288285785,0.29730166791898444
joint-750a25537e1c577ecb17,M1,291301,sham,0,0.1320015236735344,0.0660007618367672,0.3397017898169868,true,0.055749886467446295,0.05731633304762171,0.2671878765665822
joint-d20c3c92116f8fce3c1e,M1,291301,sham,0,-0.1320015236735344,-0.0660007618367672,0.36600916604864725,true,0.06025636322234489,0.05932814823766813,0.2900450626499615
joint-83912571774477870e69,M1,291301,sham,0,0.1320015236735344,-0.0660007618367672,0.31233093376431537,true,0.051900728588142986,0.05695947072859137,0.1734308649973705
joint-0b091357d2bc89169b82,M1,291301,sham,0,0.1320015236735344,-0.1320015236735344,0.4042252132707372,false,0.078430045832584,0.08213667003294652,0.3267173509405797
joint-79a2726c7c85c127d89d,M1,291301,sham,0,-0.1320015236735344,-0.1320015236735344,0.39496827906429444,true,0.0727273045321477,0.07374869672820904,0.3289566764389967
joint-ff0e8b614b34aecce4b3,M1,291301,sham,1,0.0660007618367672,0.1320015236735344,0.3396501821082405,true,0.04883481871376767,0.050703157753088784,0.17195195322029788
joint-a6e0056491e5774f3780,M1,291301,sham,0,0.0660007618367672,-0.1320015236735344,0.43752821140011433,true,0.06847996174605873,0.06929105257101154,0.2448133646235443
joint-009541860623d2bb9f1f,M1,291301,sham,0,-0.0660007618367672,0.1320015236735344,0.367460235488755,true,0.05659660021298087,0.05535640122191099,0.17319527205597243
joint-ffe811f4bd9985f39189,M1,291301,sham,0,-0.0660007618367672,-0.1320015236735344,0.3181876687210501,true,0.05203070342160871,0.05114099014751919,0.16252093804019183
joint-08c462a1ad92c4ade964,M1,291301,sham,0,0.1320015236735344,-0.0660007618367672,0.3048103051025593,true,0.048543981610611846,0.0510416746938091,0.15286339396759388
joint-2ce56f0ea0683dcda2f5,M1,291301,sham,0,-0.1320015236735344,-0.0660007618367672,0.2832839184788351,true,0.05011887684079182,0.05209323300140187,0.2502040718099474
joint-e8e45e1d9d7dc3a06a25,M1,291301,sham,0,0.1320015236735344,-0.1320015236735344,0.3414438969013918,true,0.0668638904961158,0.07029035432966295,0.20818673286494874
joint-cf92d455cc3ba4b96312,M1,291301,sham,1,-0.1320015236735344,0.1320015236735344,0.3845715605430379,true,0.06100223438658598,0.0647654801814958,0.28470883698900057
joint-2a931d7a53cb9c33974d,M1,291301,random,0,0.0660007618367672,-0.0660007618367672,0.21098122528950705,true,0.03779322264743629,0.042851100082247164,0.1590681360920374
joint-4352a0ffd3ac22d2f5e6,M1,291301,random,1,0.0660007618367672,-0.0660007618367672,0.15454564556125508,true,0.03055773860704573,0.032076858451355786,0.0964492798320181
joint-147f59a58d0ef285e900,M1,291301,random,0,0.0660007618367672,-0.1320015236735344,0.35179718105327296,true,0.05758820082010083,0.062246292911543155,0.26942493634088854
joint-d0326bfd1d59b011ffc1,M1,291301,random,0,0.1320015236735344,0.0660007618367672,0.3410270629700169,true,0.053807484139813386,0.06021335702867524,0.1745826268448392
joint-b0a6408213b275a6eec4,M1,291301,random,0,-0.1320015236735344,0.0660007618367672,0.30345597674393704,true,0.05368228814061622,0.057120730720750405,0.16684481534740375
joint-f16075ae76c562b01afa,M1,291301,random,1,0.1320015236735344,0.0660007618367672,0.31617491591176566,false,0.08915415219365423,0.07846525692433452,0.27853330851588837
joint-6c84dffefac07a85efd4,M1,291301,random,1,0.1320015236735344,-0.1320015236735344,0.3924631304149766,false,0.06544145329709013,0.06504630263941137,0.1984676338280737
joint-530af393a720d348afb0,M1,291301,random,1,0.0660007618367672,0.0660007618367672,0.24338083411718298,true,0.04166182727584328,0.03704355463166583,0.1189914339469253
joint-66b0d86cfbc4d904308f,M1,291301,random,0,-0.0660007618367672,0.0660007618367672,0.1903027432702622,true,0.04320141289966461,0.04657801659419178,0.11299638332158954
joint-cb84ae0ab47be6c0b097,M1,291301,random,0,-0.0660007618367672,0.1320015236735344,0.35609423418893776,true,0.06064977560433596,0.06344726584994928,0.18997119116653904
joint-bd7b1bc3eac5c32be6ce,M1,291301,random,0,-0.0660007618367672,-0.0660007618367672,0.1315499902454185,true,0.03170332312792094,0.03550925742815731,0.13774639250468307
joint-f42e2b2aa0bcf1904b2c,M1,291301,random,1,0.1320015236735344,0.0660007618367672,0.308780200678777,true,0.07957511630594397,0.07281285669797721,0.2903915387491296
joint-0cc5980f554a68da719e,M1,291301,random,0,0.1320015236735344,0.1320015236735344,0.3670868769907646,false,0.11566460042319443,0.10320454657172985,0.29638370993883023
joint-c71196ce6b27a5f15741,M1,291301,random,1,-0.0660007618367672,-0.0660007618367672,0.1594134637111231,true,0.03518471350832074,0.04355026827005182,0.10316841152539254
joint-08a29e94c959b15daf6c,M1,291301,random,0,-0.1320015236735344,-0.0660007618367672,0.35702992159391134,true,0.0647786046187306,0.07172909948146687,0.18943091617783708
joint-009344968abd7434a0a8,M1,291301,random,1,0.1320015236735344,-0.1320015236735344,0.4757284129720187,false,0.08392328598357288,0.07968996839998212,0.22587406101449442
joint-0d9b039cb21daac03d2a,M1,291301,random,1,0.0660007618367672,0.0660007618367672,0.19592146964004242,true,0.03844162327702658,0.040357015263961835,0.11890971900590325
joint-96bbd61ef63ebf358d5e,M1,291301,random,0,-0.0660007618367672,0.0660007618367672,0.18409352321043893,true,0.03648564946706221,0.033878877501384665,0.10205489057591717
joint-71226efdc82c7b8eb4e1,M1,291301,random,1,0.1320015236735344,-0.1320015236735344,0.4001431930406353,false,0.07099378100936864,0.07086322805355735,0.3011799875019127
joint-2b6a5ce6c26b3991652e,M1,291301,random,0,0.0660007618367672,-0.1320015236735344,0.305084158038216,true,0.052712690362613404,0.05103165324253563,0.15540822798143575
joint-c45a492c6ab0e2e5bfbe,M1,291301,random,1,0.1320015236735344,-0.0660007618367672,0.3310112023886335,true,0.07403836236767884,0.0812803822797899,0.29967324084540875
joint-b2b2ebaf8b3253aafde3,M1,291301,random,0,0.1320015236735344,-0.1320015236735344,0.332446262382114,true,0.06760003587116442,0.07161851337082513,0.2515138780826987
joint-58d5f239e12552c3626e,M1,291301,random,0,-0.1320015236735344,0.1320015236735344,0.34586427039846446,true,0.07487356330826644,0.07238985537463076,0.2907320842371846
joint-fc2b76f0772372bf8c3c,M1,291301,random,1,-0.1320015236735344,0.0660007618367672,0.3462238244450339,true,0.057905621596899645,0.05876780727274695,0.16839038563116118
joint-fe2aefddb9b7745686ad,M1,291301,random,1,-0.0660007618367672,0.0660007618367672,0.16158481292113003,true,0.030263036888255965,0.02701404292798435,0.1342215609085572
joint-8b6ff975d45da97a4933,M1,291301,random,1,0.1320015236735344,-0.1320015236735344,0.43739991784251575,false,0.07541052791441198,0.0798114364999663,0.22899555689201584
joint-175e17d0ef9573bac40e,M1,291301,random,0,-0.1320015236735344,0.1320015236735344,0.3459505642395236,true,0.07025976659679,0.07541676516635167,0.2260021319820984
joint-a3d06b9cb0966439eddd,M1,291301,random,1,0.0660007618367672,0.1320015236735344,0.23991297783176546,false,0.09356180563154781,0.08639237938976908,0.16448895531613328
joint-04c90cd2b55e51d7395c,M1,291301,random,0,0.0660007618367672,-0.1320015236735344,0.3657080523512673,true,0.06640313436068063,0.06609452790277597,0.1965876620285924
joint-03d19206c4766692b70a,M1,291301,random,0,-0.0660007618367672,0.0660007618367672,0.17460425612896924,true,0.03474598699494389,0.034957429973582144,0.0992103071714287
joint-f3533a47857412ee6574,M1,291301,random,1,-0.0660007618367672,-0.0660007618367672,0.09503996024582488,true,0.03799448374152241,0.04043112218102227,0.10651652645649497
joint-19e423cc276169fd1073,M1,291301,random,1,0.1320015236735344,0.0660007618367672,0.37742468428731213,true,0.07575711136467411,0.0671269610473045,0.21498632551734648
joint-ff96f3eeddc533681410,M1,291301,random,0,-0.1320015236735344,0.0660007618367672,0.2722478323016951,true,0.06151230083017881,0.05851754602538856,0.1786208357544028
joint-c4e21270ec4d0d7be262,M1,291301,random,0,-0.0660007618367672,0.1320015236735344,0.2647746132160954,true,0.04759919231295645,0.049178957573947094,0.1494206165190455
joint-f3c2aa3445150de38445,M1,291301,random,1,-0.0660007618367672,-0.1320015236735344,0.47695238674682855,false,0.07060048148346097,0.07324310168153128,0.19624887998180726
joint-9b1bd063fe31242ee1d4,M1,291301,random,0,-0.1320015236735344,0.0660007618367672,0.39160880342674464,false,0.06188703466776976,0.056466197386576676,0.17432286270585146
joint-dc07119105a4b0f17fef,M1,291301,random,0,-0.1320015236735344,-0.1320015236735344,0.315845131232518,true,0.06694667123078508,0.06376420304401767,0.20346901328732842
joint-e62d176dd1f3b78034aa,M1,291301,random,1,0.0660007618367672,0.0660007618367672,0.17450130450734863,true,0.035556087507755005,0.03816294739430922,0.09662853675639312
joint-7fb044ff7f38057c2332,M1,291301,random,1,-0.0660007618367672,-0.1320015236735344,0.38386928528735165,true,0.05848496202270741,0.06140732288807521,0.17643768467369883
joint-86e6ae730070eee6983b,M1,291301,random,1,0.0660007618367672,-0.0660007618367672,0.20204877231194163,true,0.03475484838386833,0.034651469519212136,0.14790391851684206
joint-9a206f19112cd83d8451,M1,291301,random,1,0.1320015236735344,-0.1320015236735344,0.31315104576879044,true,0.05922271762454031,0.06324957209689949,0.19541424921251918
joint-d9be6f5c2e8106f0264a,M1,291301,random,1,0.0660007618367672,-0.0660007618367672,0.16181820048013662,true,0.0316965841192217,0.03595631759930058,0.09795989354744582
joint-6f8a92fc80c9c4920afe,M1,291301,random,1,0.0660007618367672,-0.0660007618367672,0.18045250676439123,true,0.03393198601713731,0.03101780929770667,0.1423742170377406
joint-2a31fc646bfd539046d7,M1,291301,random,1,0.0660007618367672,0.1320015236735344,0.305791627543484,true,0.05644527546954347,0.03950083106935464,0.2535881967867548
joint-e8ed568644109d3c68dd,M1,291301,random,1,0.0660007618367672,0.0660007618367672,0.2643653626528864,true,0.044846731488294475,0.04594458545011525,0.1194326948293571
joint-310c46903e1f1c1d5a60,M1,291301,random,0,-0.0660007618367672,0.0660007618367672,0.1787209414508858,true,0.03330779015041763,0.033857883429976,0.09962044529880851
joint-1285f64b5ffdc41a435d,M1,291301,random,0,0.0660007618367672,0.0660007618367672,0.13900612975082535,true,0.041222227881123195,0.03771043144581057,0.13590956822335634
joint-70524fe1e7c2518c400a,M1,291301,random,1,0.0660007618367672,-0.1320015236735344,0.34356881390024335,true,0.05473562944366784,0.059407574472914206,0.16745511595172202
joint-41ae71c0e6c6d51506eb,M1,291301,random,0,-0.0660007618367672,-0.0660007618367672,0.21527232235961502,true,0.06541346433841223,0.06830573896449375,0.17426573780282006
joint-f2a415df92c5dbd9c22b,M1,291301,random,1,0.1320015236735344,0.0660007618367672,0.3349140105973238,true,0.06877332948177477,0.058406212867027435,0.1552575720253464
joint-05f0f9643ecc833a54a1,M1,291301,random,1,0.1320015236735344,-0.1320015236735344,0.329073074676975,true,0.06758082148592953,0.07318710632519974,0.20580543902563755
joint-6731d5008cdff8444b8a,M1,291301,random,0,0.0660007618367672,0.1320015236735344,0.3891623382020575,false,0.06475225922825847,0.0677953145931137,0.17841378320988924
joint-cd5d57fb2d2fc404ed88,M1,291301,random,1,0.0660007618367672,-0.1320015236735344,0.3637101998344526,true,0.06061342542360118,0.0664523824768257,0.17435266333118032
joint-c73f7954cc710bf9d63c,M1,291301,random,0,-0.1320015236735344,0.1320015236735344,0.3061639849074853,true,0.06123817077676334,0.06660003865709796,0.28211502296206387
joint-8c80649d97868318c9fe,M1,291301,random,1,-0.0660007618367672,0.1320015236735344,0.3602893201539342,true,0.05494758004981494,0.05061720764334538,0.16364692587076937
joint-e8ffd69e58705acdb563,M1,291301,random,0,-0.1320015236735344,-0.1320015236735344,0.39380350228453603,false,0.10611961885214938,0.10009083389333794,0.28360882626023004
joint-2474a6ed6bbe4f7e1b97,M1,291301,random,1,-0.0660007618367672,-0.0660007618367672,0.21097391182252204,true,0.0468076688005126,0.0431370953138659,0.17110020238671036
joint-1b6c644185589ebc48c8,M1,291301,random,1,-0.1320015236735344,0.1320015236735344,0.38074829792232856,true,0.0688326201284175,0.06808730192133822,0.21092441245457902
joint-efe7c8a0a11bb35094e0,M1,291301,random,0,-0.1320015236735344,0.0660007618367672,0.3864915665224593,true,0.06967822005755733,0.06278021079514215,0.2516394459166954
joint-9ea456682d298ae62b43,M1,291301,random,0,0.1320015236735344,0.1320015236735344,0.3703274338914873,false,0.10819284198741251,0.10187721265023593,0.27452375472234397
joint-7d924a87e8568d82b71b,M1,291301,random,1,-0.0660007618367672,-0.1320015236735344,0.33013771113765006,true,0.06975608793421356,0.06782576809989484,0.17356238028871268
joint-f012efad790d4bcb5275,M1,291301,random,1,0.0660007618367672,-0.1320015236735344,0.28611396899894836,true,0.04451101466075819,0.04886230892985072,0.1850451469049222
joint-99a2122f162a74088f58,M1,291301,random,0,0.1320015236735344,0.0660007618367672,0.36606675761687457,true,0.06217240239105994,0.07110212698671371,0.18532464776507038
joint-ce884c4d333127e8b6dc,M1,291301,random,0,0.1320015236735344,-0.1320015236735344,0.40500228963923823,false,0.07244596759920412,0.0734615057652509,0.20028127869163975
joint-50af49320c1511a0d6c6,M1,291301,random,1,0.1320015236735344,0.1320015236735344,0.5776277488057174,false,0.10258125891427092,0.10534792465296698,0.3832071738624196
joint-4664e26abb95085a572a,M1,291301,random,1,-0.1320015236735344,-0.1320015236735344,0.3390627246714434,true,0.06318825083896797,0.0681795048720587,0.32143652306185067
joint-79aa8ba0c5489ddf2497,M1,291301,random,1,0.0660007618367672,0.0660007618367672,0.21911646386424596,true,0.05163207412902186,0.05102857295843154,0.17226124060485695
joint-d987f2e8f59153959f0b,M1,291301,random,0,0.0660007618367672,-0.0660007618367672,0.18256254735506283,true,0.03859726178597859,0.036237653280441484,0.14579525812612298
joint-cb8130fb1c35fd8e7b18,M1,291301,random,0,0.1320015236735344,0.1320015236735344,0.4177673087899565,false,0.08563079124811303,0.06808756667599224,0.18164055477867233
joint-d18a1d26ca0c2d035ee3,M1,291301,random,1,-0.0660007618367672,0.0660007618367672,0.2302755575435919,true,0.04864417870727105,0.046689941744859714,0.17351088296844158
joint-da2f34f1c087e97b1afb,M1,291301,random,0,-0.0660007618367672,0.0660007618367672,0.20695426134240474,true,0.04173411982497629,0.03767712614652216,0.12076234513848437
joint-d61e8bcf8b85f15c898a,M1,291301,random,1,-0.0660007618367672,-0.0660007618367672,0.16202901534183328,true,0.03427255895187675,0.0384137274003084,0.11448286318562255
joint-4de8fb543630717fe750,M1,291301,random,1,0.0660007618367672,0.1320015236735344,0.3768424930756351,true,0.059540634253790865,0.06406725394332727,0.1532685929259574
joint-dc3cf8ce3539277e0726,M1,291301,random,0,-0.0660007618367672,-0.1320015236735344,0.38922156542865227,true,0.07793950358479547,0.06573664291790239,0.30392523541403826
joint-afc74f4446a723051311,M1,291301,random,0,0.1320015236735344,0.0660007618367672,0.33085551740008845,false,0.08515357428921372,0.07667304640771261,0.17679720132114463
joint-b8e91cf056a2850aa06d,M1,291301,random,1,0.1320015236735344,0.1320015236735344,0.4879763966135308,false,0.09939832635527172,0.11052265343321456,0.3146586763274953
joint-1f313d8436034e3c8a2f,M1,291301,random,0,0.0660007618367672,-0.0660007618367672,0.18471587533736383,true,0.03803051860368817,0.03831179433006447,0.10713055566191805
joint-86283058a19cd7794f47,M1,291301,random,1,-0.1320015236735344,0.1320015236735344,0.3736627849544881,true,0.07627201162747486,0.08342041388461229,0.3427810516900295
joint-a5ed81533299a3f553ae,M1,291301,random,1,0.0660007618367672,0.1320015236735344,0.36953138412487035,true,0.06031572541803629,0.0647071090224045,0.2032332472667491
joint-1b3125f558c72b1ea5e4,M1,291301,random,1,-0.0660007618367672,0.1320015236735344,0.2889954506416533,true,0.044965930635538554,0.04395886859352077,0.15098987975178818
joint-3dcb938aa6f788013529,M1,291301,random,0,-0.0660007618367672,-0.0660007618367672,0.17460167392682457,true,0.03287875683153001,0.034791163868904164,0.15254062863084406
joint-f3d0c584cd58125ec9bd,M1,291301,random,0,-0.0660007618367672,-0.1320015236735344,0.31360930526651415,true,0.07367118670270802,0.05778883351046334,0.18320097147368
joint-a4fe2bd135f56d3a3b4d,M1,291301,random,0,-0.1320015236735344,-0.0660007618367672,0.21107148543391996,true,0.08434997595299282,0.08972571837303867,0.18145050920569072
joint-baf9ad5b2a0e2663433b,M1,291301,random,0,0.1320015236735344,0.1320015236735344,0.38752355353500123,false,0.09642601497907569,0.10766863278304911,0.3324218488349841
joint-63dd4abeb6e1325c7806,M1,291301,random,0,-0.1320015236735344,0.1320015236735344,0.36538636919918777,true,0.07115473223375092,0.06890565132733333,0.21110165190708918
joint-89a8114aac92bfca40db,M1,291301,random,0,0.0660007618367672,0.1320015236735344,0.3225650093423171,true,0.06772693008946522,0.06597684044878602,0.20852357301521907
joint-fdd9add87d3e0887f0db,M1,291301,random,0,-0.0660007618367672,-0.0660007618367672,0.15128841720675348,true,0.03146567056588215,0.03320390273932885,0.07925681278165377
joint-8deb233befdaaa44244e,M1,291301,random,0,-0.0660007618367672,-0.1320015236735344,0.39907715840557917,true,0.07622311800251785,0.06597711041207754,0.3004957678755799
joint-750a25537e1c577ecb17,M1,291301,random,0,0.1320015236735344,0.0660007618367672,0.317408145640489,true,0.07596867330454707,0.07613566078849675,0.27338043970031356
joint-d20c3c92116f8fce3c1e,M1,291301,random,0,-0.1320015236735344,-0.0660007618367672,0.366549763349633,true,0.061547554657772924,0.06486380438665765,0.26486361704843847
joint-83912571774477870e69,M1,291301,random,0,0.1320015236735344,-0.0660007618367672,0.3150810979181201,true,0.05459249675284214,0.05882616508402107,0.168829935498164
joint-0b091357d2bc89169b82,M1,291301,random,0,0.1320015236735344,-0.1320015236735344,0.3683927411809049,false,0.07574903732526797,0.08891298349076646,0.3258533250437363
joint-79a2726c7c85c127d89d,M1,291301,random,0,-0.1320015236735344,-0.1320015236735344,0.44891348625826505,true,0.11309174140950928,0.10493686753362162,0.372496656575709
joint-ff0e8b614b34aecce4b3,M1,291301,random,1,0.0660007618367672,0.1320015236735344,0.3174957153871391,false,0.13394956476103706,0.11253411446664038,0.20000147230467746
joint-a6e0056491e5774f3780,M1,291301,random,0,0.0660007618367672,-0.1320015236735344,0.42617137169311436,true,0.06975226480644194,0.07306135002479694,0.24647884399879658
joint-009541860623d2bb9f1f,M1,291301,random,0,-0.0660007618367672,0.1320015236735344,0.37912343733896886,true,0.058675182991484276,0.05269403834055833,0.1565314079284085
joint-ffe811f4bd9985f39189,M1,291301,random,0,-0.0660007618367672,-0.1320015236735344,0.3304698293025964,true,0.05607206525264473,0.06116390124118292,0.17085087506032412
joint-08c462a1ad92c4ade964,M1,291301,random,0,0.1320015236735344,-0.0660007618367672,0.29500328377013657,true,0.04665985187411413,0.04880142704186724,0.15287757927528353
joint-2ce56f0ea0683dcda2f5,M1,291301,random,0,-0.1320015236735344,-0.0660007618367672,0.28794027459645705,true,0.07307868516826009,0.07502038913365845,0.23988160146637852
joint-e8e45e1d9d7dc3a06a25,M1,291301,random,0,0.1320015236735344,-0.1320015236735344,0.38575722885175406,true,0.07157978258536678,0.07808129568578041,0.21925277944714386
joint-cf92d455cc3ba4b96312,M1,291301,random,1,-0.1320015236735344,0.1320015236735344,0.39626502867547914,true,0.07977587651366046,0.08414169666374861,0.27903887160966545
joint-2a931d7a53cb9c33974d,M1,291301,wrong_object,0,0.0660007618367672,-0.0660007618367672,0.22143591087311415,true,0.03925946929056391,0.04186379749129261,0.15971558559774857
joint-4352a0ffd3ac22d2f5e6,M1,291301,wrong_object,1,0.0660007618367672,-0.0660007618367672,0.18558122640321387,true,0.036706681175205084,0.03706894311334273,0.10840662297450247
joint-147f59a58d0ef285e900,M1,291301,wrong_object,0,0.0660007618367672,-0.1320015236735344,0.3320449770137351,true,0.05688224770806181,0.05854805507422066,0.2703470187509489
joint-d0326bfd1d59b011ffc1,M1,291301,wrong_object,0,0.1320015236735344,0.0660007618367672,0.3204490471512714,false,0.0785499790718223,0.06818602809382678,0.2021508453938776
joint-b0a6408213b275a6eec4,M1,291301,wrong_object,0,-0.1320015236735344,0.0660007618367672,0.3051163297966629,true,0.055907449949053015,0.0602091218487029,0.1701197153879171
joint-f16075ae76c562b01afa,M1,291301,wrong_object,1,0.1320015236735344,0.0660007618367672,0.3251121049921499,true,0.0617005936576348,0.05294555659993509,0.29108569028591114
joint-6c84dffefac07a85efd4,M1,291301,wrong_object,1,0.1320015236735344,-0.1320015236735344,0.35725000045044236,true,0.0702624383469508,0.06721710979350042,0.201082975525792
joint-530af393a720d348afb0,M1,291301,wrong_object,1,0.0660007618367672,0.0660007618367672,0.22906627549640904,true,0.047267328427960165,0.043333923699353044,0.13383564619681487
joint-66b0d86cfbc4d904308f,M1,291301,wrong_object,0,-0.0660007618367672,0.0660007618367672,0.17109403836976494,true,0.03637815494553008,0.03457258767586467,0.10233367721111392
joint-cb84ae0ab47be6c0b097,M1,291301,wrong_object,0,-0.0660007618367672,0.1320015236735344,0.38465567086392577,true,0.06278217724250514,0.06315980320262973,0.18968729731384656
joint-bd7b1bc3eac5c32be6ce,M1,291301,wrong_object,0,-0.0660007618367672,-0.0660007618367672,0.19387980935468713,false,0.06007414083312185,0.052687422694363197,0.21241428128190024
joint-f42e2b2aa0bcf1904b2c,M1,291301,wrong_object,1,0.1320015236735344,0.0660007618367672,0.313312348332153,true,0.06248940898768482,0.05087220488602423,0.28844080101831865
joint-0cc5980f554a68da719e,M1,291301,wrong_object,0,0.1320015236735344,0.1320015236735344,0.35414874959346343,false,0.10374557286256929,0.10435463405744903,0.31690435955479973
joint-c71196ce6b27a5f15741,M1,291301,wrong_object,1,-0.0660007618367672,-0.0660007618367672,0.18575863506093482,true,0.0425067020822655,0.044412911098891825,0.12644293348787913
joint-08a29e94c959b15daf6c,M1,291301,wrong_object,0,-0.1320015236735344,-0.0660007618367672,0.4276766163053312,false,0.10149030945501757,0.08810090678270989,0.32470957388915617
joint-009344968abd7434a0a8,M1,291301,wrong_object,1,0.1320015236735344,-0.1320015236735344,0.379485884957517,false,0.07557890538712453,0.0757220124255932,0.2197941895541582
joint-0d9b039cb21daac03d2a,M1,291301,wrong_object,1,0.0660007618367672,0.0660007618367672,0.1905612432851974,true,0.04537607542143976,0.04740960350956094,0.13428795819665
joint-96bbd61ef63ebf358d5e,M1,291301,wrong_object,0,-0.0660007618367672,0.0660007618367672,0.17573411078826534,true,0.03540779048355406,0.03559471473917491,0.1032075978757616
joint-71226efdc82c7b8eb4e1,M1,291301,wrong_object,1,0.1320015236735344,-0.1320015236735344,0.4346450814617774,false,0.0792203624920695,0.08350610643520151,0.3046267050615239
joint-2b6a5ce6c26b3991652e,M1,291301,wrong_object,0,0.0660007618367672,-0.1320015236735344,0.3232510263712831,true,0.053319331380793686,0.0546991048733038,0.16435784800194317
joint-c45a492c6ab0e2e5bfbe,M1,291301,wrong_object,1,0.1320015236735344,-0.0660007618367672,0.34185799703666375,true,0.06234523750920618,0.06096720441805829,0.2830064375505777
joint-b2b2ebaf8b3253aafde3,M1,291301,wrong_object,0,0.1320015236735344,-0.1320015236735344,0.40407870381547645,false,0.08484590786576167,0.0771169213247777,0.2629844781943803
joint-58d5f239e12552c3626e,M1,291301,wrong_object,0,-0.1320015236735344,0.1320015236735344,0.3788283656234178,false,0.08733181603172448,0.08028328279452887,0.3078928403231704
joint-fc2b76f0772372bf8c3c,M1,291301,wrong_object,1,-0.1320015236735344,0.0660007618367672,0.3136662599636166,true,0.06256676502402374,0.06987117233844486,0.2024905725211253
joint-fe2aefddb9b7745686ad,M1,291301,wrong_object,1,-0.0660007618367672,0.0660007618367672,0.11845834959656731,true,0.033960177749708095,0.02990773353716336,0.13157696077788342
joint-8b6ff975d45da97a4933,M1,291301,wrong_object,1,0.1320015236735344,-0.1320015236735344,0.4390086583306795,false,0.07780491587168074,0.07235388226371264,0.2159021291190632
joint-175e17d0ef9573bac40e,M1,291301,wrong_object,0,-0.1320015236735344,0.1320015236735344,0.346254759532984,false,0.0723601296114473,0.08218618510147375,0.2348295510348176
joint-a3d06b9cb0966439eddd,M1,291301,wrong_object,1,0.0660007618367672,0.1320015236735344,0.3680401684408071,true,0.06055705882512315,0.05781374673577496,0.21692634396161817
joint-04c90cd2b55e51d7395c,M1,291301,wrong_object,0,0.0660007618367672,-0.1320015236735344,0.3316403083185481,true,0.05181210193949496,0.05130716932414733,0.19998617020673928
joint-03d19206c4766692b70a,M1,291301,wrong_object,0,-0.0660007618367672,0.0660007618367672,0.17148932684628593,true,0.0363246172644281,0.042262771722653705,0.10994429683295998
joint-f3533a47857412ee6574,M1,291301,wrong_object,1,-0.0660007618367672,-0.0660007618367672,0.18565595702957063,true,0.04282556128763688,0.04375470856961802,0.1320518092919183
joint-19e423cc276169fd1073,M1,291301,wrong_object,1,0.1320015236735344,0.0660007618367672,0.27051254330512253,false,0.06937347078034882,0.0681334420087512,0.2778887609953055
joint-ff96f3eeddc533681410,M1,291301,wrong_object,0,-0.1320015236735344,0.0660007618367672,0.2840192301295417,false,0.06634451694312439,0.06622915712776711,0.24327052631007678
joint-c4e21270ec4d0d7be262,M1,291301,wrong_object,0,-0.0660007618367672,0.1320015236735344,0.32104524935206963,true,0.05444752555193972,0.05569296139502163,0.1651712691918738
joint-f3c2aa3445150de38445,M1,291301,wrong_object,1,-0.0660007618367672,-0.1320015236735344,0.3905028150167433,false,0.07118738563463968,0.07667879527349733,0.23230681731298422
joint-9b1bd063fe31242ee1d4,M1,291301,wrong_object,0,-0.1320015236735344,0.0660007618367672,0.3375856517566395,true,0.06391508253380383,0.07065195685571843,0.1951419992953198
joint-dc07119105a4b0f17fef,M1,291301,wrong_object,0,-0.1320015236735344,-0.1320015236735344,0.3990395996765191,false,0.08783179424128151,0.0903579236095475,0.26111793416393725
joint-e62d176dd1f3b78034aa,M1,291301,wrong_object,1,0.0660007618367672,0.0660007618367672,0.20968580228215733,true,0.049275353410533004,0.047544213176449225,0.13862540901582063
joint-7fb044ff7f38057c2332,M1,291301,wrong_object,1,-0.0660007618367672,-0.1320015236735344,0.4037149434986986,false,0.07021933013402915,0.07592963973416898,0.22326419370918552
joint-86e6ae730070eee6983b,M1,291301,wrong_object,1,0.0660007618367672,-0.0660007618367672,0.213787447097413,true,0.03626012671131203,0.03359364758395316,0.14445967681474073
joint-9a206f19112cd83d8451,M1,291301,wrong_object,1,0.1320015236735344,-0.1320015236735344,0.32848570058895,true,0.06706559665038106,0.06774554277722594,0.20033476394048863
joint-d9be6f5c2e8106f0264a,M1,291301,wrong_object,1,0.0660007618367672,-0.0660007618367672,0.1806557299758748,true,0.03495469251295605,0.03446063509118805,0.09840540162110836
joint-6f8a92fc80c9c4920afe,M1,291301,wrong_object,1,0.0660007618367672,-0.0660007618367672,0.2005709457931932,true,0.033999443614542144,0.032223693173550914,0.1478379003717745
joint-2a31fc646bfd539046d7,M1,291301,wrong_object,1,0.0660007618367672,0.1320015236735344,0.31350378676479723,false,0.06813644391706782,0.06846278978366552,0.3445393236894467
joint-e8ed568644109d3c68dd,M1,291301,wrong_object,1,0.0660007618367672,0.0660007618367672,0.24301439161141392,true,0.049095412934851014,0.04728826514271629,0.13964206157109027
joint-310c46903e1f1c1d5a60,M1,291301,wrong_object,0,-0.0660007618367672,0.0660007618367672,0.18107745204117023,true,0.03483117697254672,0.034485522749308654,0.09604172123424158
joint-1285f64b5ffdc41a435d,M1,291301,wrong_object,0,0.0660007618367672,0.0660007618367672,0.23202634801039992,true,0.05567350893901101,0.05241649732052719,0.1759145838234921
joint-70524fe1e7c2518c400a,M1,291301,wrong_object,1,0.0660007618367672,-0.1320015236735344,0.37947722260484057,true,0.05806583698599324,0.06334464254610854,0.18281219200639331
joint-41ae71c0e6c6d51506eb,M1,291301,wrong_object,0,-0.0660007618367672,-0.0660007618367672,0.2119255194712522,false,0.0633424433964833,0.05887037293446294,0.23966243089009054
joint-f2a415df92c5dbd9c22b,M1,291301,wrong_object,1,0.1320015236735344,0.0660007618367672,0.33093760870168737,true,0.07257191606155161,0.07178891991459249,0.21192047059593344
joint-05f0f9643ecc833a54a1,M1,291301,wrong_object,1,0.1320015236735344,-0.1320015236735344,0.3464755329743036,true,0.07085833347929124,0.06689477883113244,0.1989458227897046
joint-6731d5008cdff8444b8a,M1,291301,wrong_object,0,0.0660007618367672,0.1320015236735344,0.31557648171594455,true,0.06456531545974514,0.058132721411387714,0.18143359339277004
joint-cd5d57fb2d2fc404ed88,M1,291301,wrong_object,1,0.0660007618367672,-0.1320015236735344,0.3570099533310819,true,0.053237456024209456,0.05776000729410311,0.1761357811031191
joint-c73f7954cc710bf9d63c,M1,291301,wrong_object,0,-0.1320015236735344,0.1320015236735344,0.3031563460259736,true,0.06062378587088621,0.06738076968614805,0.316506044483607
joint-8c80649d97868318c9fe,M1,291301,wrong_object,1,-0.0660007618367672,0.1320015236735344,0.38344520481954325,true,0.05610505129577724,0.06382029912746577,0.19154160583234092
joint-e8ffd69e58705acdb563,M1,291301,wrong_object,0,-0.1320015236735344,-0.1320015236735344,0.36428897928491555,false,0.11501541055011552,0.10613333080766905,0.3428404908976915
joint-2474a6ed6bbe4f7e1b97,M1,291301,wrong_object,1,-0.0660007618367672,-0.0660007618367672,0.20327677078908385,false,0.06259522156092015,0.05237083243732142,0.17347141275678948
joint-1b6c644185589ebc48c8,M1,291301,wrong_object,1,-0.1320015236735344,0.1320015236735344,0.3805664301620498,false,0.06965428464081416,0.08306404195732871,0.23767266063835865
joint-efe7c8a0a11bb35094e0,M1,291301,wrong_object,0,-0.1320015236735344,0.0660007618367672,0.3593386986321515,false,0.07855053898133907,0.08068440898016176,0.30856907851520093
joint-9ea456682d298ae62b43,M1,291301,wrong_object,0,0.1320015236735344,0.1320015236735344,0.3475197154931055,false,0.10549616865677064,0.10725200033610759,0.2800564628544571
joint-7d924a87e8568d82b71b,M1,291301,wrong_object,1,-0.0660007618367672,-0.1320015236735344,0.4180910339756236,false,0.07089170654215869,0.07832564909450956,0.22940041384254256
joint-f012efad790d4bcb5275,M1,291301,wrong_object,1,0.0660007618367672,-0.1320015236735344,0.31714830506970243,true,0.04783103925181309,0.05082678880830975,0.19120083007990524
joint-99a2122f162a74088f58,M1,291301,wrong_object,0,0.1320015236735344,0.0660007618367672,0.3498655156823489,true,0.08201783323542705,0.0751202283705732,0.22080767024957076
joint-ce884c4d333127e8b6dc,M1,291301,wrong_object,0,0.1320015236735344,-0.1320015236735344,0.3761240094954175,true,0.0744628933293481,0.07398377102773711,0.21285098098359675
joint-50af49320c1511a0d6c6,M1,291301,wrong_object,1,0.1320015236735344,0.1320015236735344,0.35084427393807044,false,0.08610618338538231,0.07622112778107162,0.34422385152991997
joint-4664e26abb95085a572a,M1,291301,wrong_object,1,-0.1320015236735344,-0.1320015236735344,0.3386548028230506,false,0.08551683163449814,0.07712985236941994,0.2747499172016758
joint-79aa8ba0c5489ddf2497,M1,291301,wrong_object,1,0.0660007618367672,0.0660007618367672,0.19624150809678312,true,0.04649194743223121,0.04531517510458037,0.18883466858739456
joint-d987f2e8f59153959f0b,M1,291301,wrong_object,0,0.0660007618367672,-0.0660007618367672,0.18119473246573534,true,0.03841805800645537,0.03727329702384295,0.1477372584601249
joint-cb8130fb1c35fd8e7b18,M1,291301,wrong_object,0,0.1320015236735344,0.1320015236735344,0.3449236476975306,false,0.08520248235854391,0.08063017129817303,0.25669256098480236
joint-d18a1d26ca0c2d035ee3,M1,291301,wrong_object,1,-0.0660007618367672,0.0660007618367672,0.21766330852307592,true,0.05417078120039268,0.04547380091510253,0.16432755951041592
joint-da2f34f1c087e97b1afb,M1,291301,wrong_object,0,-0.0660007618367672,0.0660007618367672,0.2257641328360862,true,0.04113340247948893,0.042163171603281695,0.12687026495158307
joint-d61e8bcf8b85f15c898a,M1,291301,wrong_object,1,-0.0660007618367672,-0.0660007618367672,0.19462432397267243,true,0.04657865475108693,0.04784098326936482,0.15009639070256847
joint-4de8fb543630717fe750,M1,291301,wrong_object,1,0.0660007618367672,0.1320015236735344,0.3967418745319464,false,0.06576655822751282,0.0637369912658483,0.20057548996433913
joint-dc3cf8ce3539277e0726,M1,291301,wrong_object,0,-0.0660007618367672,-0.1320015236735344,0.31972905919392425,false,0.10230131666192172,0.089437860693845,0.40344441219733
joint-afc74f4446a723051311,M1,291301,wrong_object,0,0.1320015236735344,0.0660007618367672,0.37569900299320974,false,0.0842327587996678,0.08865191616865657,0.23939589158874758
joint-b8e91cf056a2850aa06d,M1,291301,wrong_object,1,0.1320015236735344,0.1320015236735344,0.4257698348099473,false,0.09131054243593857,0.08775794185379664,0.39732934595551445
joint-1f313d8436034e3c8a2f,M1,291301,wrong_object,0,0.0660007618367672,-0.0660007618367672,0.1876347049703091,true,0.041868768318194555,0.04105365365191536,0.11879229875538502
joint-86283058a19cd7794f47,M1,291301,wrong_object,1,-0.1320015236735344,0.1320015236735344,0.39054421106751436,true,0.07275292034121902,0.0670565503710819,0.296062449317057
joint-a5ed81533299a3f553ae,M1,291301,wrong_object,1,0.0660007618367672,0.1320015236735344,0.45751210998236835,false,0.07507024715733922,0.06733234701836949,0.21064843450943335
joint-1b3125f558c72b1ea5e4,M1,291301,wrong_object,1,-0.0660007618367672,0.1320015236735344,0.3043581747592391,true,0.04546255055286522,0.0529322903343405,0.1723712153195837
joint-3dcb938aa6f788013529,M1,291301,wrong_object,0,-0.0660007618367672,-0.0660007618367672,0.15931310434961274,false,0.04924213888311865,0.049258068715746936,0.17627910011721512
joint-f3d0c584cd58125ec9bd,M1,291301,wrong_object,0,-0.0660007618367672,-0.1320015236735344,0.3134596785888011,false,0.08115032617796365,0.07737440084537596,0.2573645883131282
joint-a4fe2bd135f56d3a3b4d,M1,291301,wrong_object,0,-0.1320015236735344,-0.0660007618367672,0.3981652736335446,false,0.09566661055401901,0.08924644242976496,0.31013963554166074
joint-baf9ad5b2a0e2663433b,M1,291301,wrong_object,0,0.1320015236735344,0.1320015236735344,0.38869627848760924,false,0.11213569208373453,0.10326026366117447,0.3005213973480815
joint-63dd4abeb6e1325c7806,M1,291301,wrong_object,0,-0.1320015236735344,0.1320015236735344,0.37044680070246777,false,0.0771200525750926,0.08494665688627033,0.24077109784542727
joint-89a8114aac92bfca40db,M1,291301,wrong_object,0,0.0660007618367672,0.1320015236735344,0.32532481563007487,false,0.08093433330940139,0.07826291359774779,0.23524419677418174
joint-fdd9add87d3e0887f0db,M1,291301,wrong_object,0,-0.0660007618367672,-0.0660007618367672,0.16340877398339573,true,0.046228813779281126,0.0435472869284704,0.12373374277461896
joint-8deb233befdaaa44244e,M1,291301,wrong_object,0,-0.0660007618367672,-0.1320015236735344,0.31466323057467416,false,0.09195892542512973,0.08275266606685185,0.3913131374871683
joint-750a25537e1c577ecb17,M1,291301,wrong_object,0,0.1320015236735344,0.0660007618367672,0.3296210417645339,false,0.08510629727727212,0.08833160551172878,0.2599181561087005
joint-d20c3c92116f8fce3c1e,M1,291301,wrong_object,0,-0.1320015236735344,-0.0660007618367672,0.3400498963809245,false,0.09410953219060265,0.09231779792272783,0.4091396481082982
joint-83912571774477870e69,M1,291301,wrong_object,0,0.1320015236735344,-0.0660007618367672,0.3012309187228304,true,0.05724673759194046,0.05691333715140858,0.17733712061145743
joint-0b091357d2bc89169b82,M1,291301,wrong_object,0,0.1320015236735344,-0.1320015236735344,0.4510356304799763,false,0.0997454898158841,0.09344019767332379,0.3233551903364629
joint-79a2726c7c85c127d89d,M1,291301,wrong_object,0,-0.1320015236735344,-0.1320015236735344,0.42277641232323504,false,0.11538725890184814,0.11532502942902025,0.4532307701226283
joint-ff0e8b614b34aecce4b3,M1,291301,wrong_object,1,0.0660007618367672,0.1320015236735344,0.33486406567080423,true,0.05099609691760633,0.048565378092893484,0.17967243780673808
joint-a6e0056491e5774f3780,M1,291301,wrong_object,0,0.0660007618367672,-0.1320015236735344,0.48515568302604234,false,0.0830620874363367,0.07866677219396545,0.2654239265690707
joint-009541860623d2bb9f1f,M1,291301,wrong_object,0,-0.0660007618367672,0.1320015236735344,0.36223193115290286,true,0.06270230209021133,0.06642737360694502,0.1899722580341551
joint-ffe811f4bd9985f39189,M1,291301,wrong_object,0,-0.0660007618367672,-0.1320015236735344,0.33160305370875165,true,0.06553854378265928,0.06655545865100199,0.18810274003765026
joint-08c462a1ad92c4ade964,M1,291301,wrong_object,0,0.1320015236735344,-0.0660007618367672,0.29883345659915395,true,0.05439582870469893,0.053497184817923454,0.15905579173417558
joint-2ce56f0ea0683dcda2f5,M1,291301,wrong_object,0,-0.1320015236735344,-0.0660007618367672,0.28043730512534465,false,0.07946153540037057,0.07595720978447011,0.34130790967117725
joint-e8e45e1d9d7dc3a06a25,M1,291301,wrong_object,0,0.1320015236735344,-0.1320015236735344,0.3529642007126007,true,0.07313068741061153,0.07336199064461554,0.21897985168893727
joint-cf92d455cc3ba4b96312,M1,291301,wrong_object,1,-0.1320015236735344,0.1320015236735344,0.4048954805723473,true,0.06989375131414441,0.06527913001283028,0.2759510398172618
joint-2a931d7a53cb9c33974d,M1,291301,wrong_vector,0,0.0660007618367672,-0.0660007618367672,0.26447508302304684,true,0.04668259680480413,0.04886246450607604,0.16694390417000132
joint-4352a0ffd3ac22d2f5e6,M1,291301,wrong_vector,1,0.0660007618367672,-0.0660007618367672,0.2568045863737791,true,0.0476660860807996,0.051950817794647906,0.14016250248078965
joint-147f59a58d0ef285e900,M1,291301,wrong_vector,0,0.0660007618367672,-0.1320015236735344,0.39597323626063,false,0.0758177035544671,0.07667791782457138,0.2780310836978877
joint-d0326bfd1d59b011ffc1,M1,291301,wrong_vector,0,0.1320015236735344,0.0660007618367672,0.17063586724222746,true,0.03438702904316639,0.02810188926429664,0.07934560788975163
joint-b0a6408213b275a6eec4,M1,291301,wrong_vector,0,-0.1320015236735344,0.0660007618367672,0.3413322908695794,true,0.05322843827389899,0.04840728682099067,0.14994518837615256
joint-f16075ae76c562b01afa,M1,291301,wrong_vector,1,0.1320015236735344,0.0660007618367672,0.32276130917592927,true,0.06351016598679828,0.059194377447685916,0.20569655136939777
joint-6c84dffefac07a85efd4,M1,291301,wrong_vector,1,0.1320015236735344,-0.1320015236735344,0.5477306796911563,false,0.09486427867183318,0.10286580940125885,0.275510265244957
joint-530af393a720d348afb0,M1,291301,wrong_vector,1,0.0660007618367672,0.0660007618367672,0.2865300534489016,true,0.038944547384159166,0.03865579589793958,0.10897766675690039
joint-66b0d86cfbc4d904308f,M1,291301,wrong_vector,0,-0.0660007618367672,0.0660007618367672,0.23522279122764952,true,0.03789940419945136,0.03237559505363595,0.09761738026611752
joint-cb84ae0ab47be6c0b097,M1,291301,wrong_vector,0,-0.0660007618367672,0.1320015236735344,0.2841832956845883,true,0.05264266510021724,0.054710846986574135,0.1579629474468475
joint-bd7b1bc3eac5c32be6ce,M1,291301,wrong_vector,0,-0.0660007618367672,-0.0660007618367672,0.12755214294654496,true,0.032578096788740823,0.029085640117324542,0.1311756867601161
joint-f42e2b2aa0bcf1904b2c,M1,291301,wrong_vector,1,0.1320015236735344,0.0660007618367672,0.29772800192268856,true,0.06840616046964824,0.05443472856827375,0.16120772212946183
joint-0cc5980f554a68da719e,M1,291301,wrong_vector,0,0.1320015236735344,0.1320015236735344,0.35569189972822346,true,0.070884938158544,0.07137232526498487,0.29761002364687095
joint-c71196ce6b27a5f15741,M1,291301,wrong_vector,1,-0.0660007618367672,-0.0660007618367672,0.2340064402153364,true,0.031633386894033416,0.04723012630276407,0.10296439116855667
joint-08a29e94c959b15daf6c,M1,291301,wrong_vector,0,-0.1320015236735344,-0.0660007618367672,0.15924131319593865,true,0.028887560631010074,0.032375140206917646,0.14440730581248964
joint-009344968abd7434a0a8,M1,291301,wrong_vector,1,0.1320015236735344,-0.1320015236735344,0.5555200921058099,false,0.09881415433664609,0.11543155801545633,0.3037125706970408
joint-0d9b039cb21daac03d2a,M1,291301,wrong_vector,1,0.0660007618367672,0.0660007618367672,0.24803851451782055,true,0.03636796244748651,0.038821125496206345,0.11899472049841432
joint-96bbd61ef63ebf358d5e,M1,291301,wrong_vector,0,-0.0660007618367672,0.0660007618367672,0.24107730397383587,true,0.0370368533132173,0.0330757980906054,0.09772371398181426
joint-71226efdc82c7b8eb4e1,M1,291301,wrong_vector,1,0.1320015236735344,-0.1320015236735344,0.3956335623036038,true,0.07433251190281653,0.07012013616506232,0.3010266094466135
joint-2b6a5ce6c26b3991652e,M1,291301,wrong_vector,0,0.0660007618367672,-0.1320015236735344,0.33917649838323266,true,0.05622087621949676,0.05363368935835387,0.1413829935853415
joint-c45a492c6ab0e2e5bfbe,M1,291301,wrong_vector,1,0.1320015236735344,-0.0660007618367672,0.3645705186330398,true,0.07548903679761935,0.06412886718985072,0.2719867902386703
joint-b2b2ebaf8b3253aafde3,M1,291301,wrong_vector,0,0.1320015236735344,-0.1320015236735344,0.344062738991018,true,0.07391097740451523,0.07126626013327837,0.2609482785880451
joint-58d5f239e12552c3626e,M1,291301,wrong_vector,0,-0.1320015236735344,0.1320015236735344,0.3291226189839102,true,0.06630231746861841,0.0694691953379755,0.2914497227127328
joint-fc2b76f0772372bf8c3c,M1,291301,wrong_vector,1,-0.1320015236735344,0.0660007618367672,0.3454325523953196,true,0.06459774676219884,0.06937598464889397,0.19694153797674566
joint-fe2aefddb9b7745686ad,M1,291301,wrong_vector,1,-0.0660007618367672,0.0660007618367672,0.22077581742769592,true,0.03886001541536751,0.03901954840722646,0.1448852424715275
joint-8b6ff975d45da97a4933,M1,291301,wrong_vector,1,0.1320015236735344,-0.1320015236735344,0.6202046281718964,false,0.1022508353619982,0.11375146331454185,0.3020065555793166
joint-175e17d0ef9573bac40e,M1,291301,wrong_vector,0,-0.1320015236735344,0.1320015236735344,0.4474579487635988,false,0.07214449713951238,0.06757396834823362,0.20033822454938302
joint-a3d06b9cb0966439eddd,M1,291301,wrong_vector,1,0.0660007618367672,0.1320015236735344,0.10637595574963118,true,0.025627314955120866,0.0416775162154155,0.10190333759880618
joint-04c90cd2b55e51d7395c,M1,291301,wrong_vector,0,0.0660007618367672,-0.1320015236735344,0.17551214997981424,true,0.054911438107157665,0.04587818747995735,0.1673059000829692
joint-03d19206c4766692b70a,M1,291301,wrong_vector,0,-0.0660007618367672,0.0660007618367672,0.23877049112679005,true,0.038981450263228204,0.036263461986368456,0.09530049037671111
joint-f3533a47857412ee6574,M1,291301,wrong_vector,1,-0.0660007618367672,-0.0660007618367672,0.2297693212017324,true,0.030523770713031764,0.045230269174284625,0.11240971295191977
joint-19e423cc276169fd1073,M1,291301,wrong_vector,1,0.1320015236735344,0.0660007618367672,0.11008639396442342,true,0.04596007380782667,0.027084837932574535,0.08526710390062363
joint-ff96f3eeddc533681410,M1,291301,wrong_vector,0,-0.1320015236735344,0.0660007618367672,0.21936769166586723,true,0.052307898195141304,0.047016943227403164,0.1904566714714794
joint-c4e21270ec4d0d7be262,M1,291301,wrong_vector,0,-0.0660007618367672,0.1320015236735344,0.3344792648526411,true,0.05502375993889479,0.0678366175241876,0.201629968275097
joint-f3c2aa3445150de38445,M1,291301,wrong_vector,1,-0.0660007618367672,-0.1320015236735344,0.2745106226510831,true,0.03931389055329132,0.04690666484737369,0.16067985992883
joint-9b1bd063fe31242ee1d4,M1,291301,wrong_vector,0,-0.1320015236735344,0.0660007618367672,0.37396621575766514,true,0.06005760571847389,0.05629429444540694,0.17023409429245664
joint-dc07119105a4b0f17fef,M1,291301,wrong_vector,0,-0.1320015236735344,-0.1320015236735344,0.2764950655176903,true,0.04953887751830103,0.04617207714515577,0.13646789965454023
joint-e62d176dd1f3b78034aa,M1,291301,wrong_vector,1,0.0660007618367672,0.0660007618367672,0.26255582633092733,true,0.03929971055649405,0.03909711597975385,0.1189662027228885
joint-7fb044ff7f38057c2332,M1,291301,wrong_vector,1,-0.0660007618367672,-0.1320015236735344,0.2826085480879821,true,0.03981029909549252,0.04805420779089797,0.1480287972751201
joint-86e6ae730070eee6983b,M1,291301,wrong_vector,1,0.0660007618367672,-0.0660007618367672,0.2208265409188503,true,0.04212292346631938,0.04418245794736046,0.16283609248634665
joint-9a206f19112cd83d8451,M1,291301,wrong_vector,1,0.1320015236735344,-0.1320015236735344,0.4988482322654268,false,0.09057908496390876,0.10270228110780061,0.27571298008435413
joint-d9be6f5c2e8106f0264a,M1,291301,wrong_vector,1,0.0660007618367672,-0.0660007618367672,0.25187502054310257,true,0.04720915891470196,0.050682469778447675,0.13433555427382685
joint-6f8a92fc80c9c4920afe,M1,291301,wrong_vector,1,0.0660007618367672,-0.0660007618367672,0.13593305280827359,true,0.045797423539153545,0.03139572318660093,0.1403457263381008
joint-2a31fc646bfd539046d7,M1,291301,wrong_vector,1,0.0660007618367672,0.1320015236735344,0.30472613734131915,true,0.06194189315950052,0.06108413282202265,0.20807915226019782
joint-e8ed568644109d3c68dd,M1,291301,wrong_vector,1,0.0660007618367672,0.0660007618367672,0.2993367171921175,true,0.043029904962670305,0.04330450552150098,0.13264700031829973
joint-310c46903e1f1c1d5a60,M1,291301,wrong_vector,0,-0.0660007618367672,0.0660007618367672,0.2460268434223756,true,0.03693024780772787,0.03370882976641804,0.09740647969299494
joint-1285f64b5ffdc41a435d,M1,291301,wrong_vector,0,0.0660007618367672,0.0660007618367672,0.1787319483336165,true,0.03546991315412479,0.032469765235982426,0.13776092932338818
joint-70524fe1e7c2518c400a,M1,291301,wrong_vector,1,0.0660007618367672,-0.1320015236735344,0.43441307200619844,false,0.07601424208530282,0.09027897844740561,0.242871653464417
joint-41ae71c0e6c6d51506eb,M1,291301,wrong_vector,0,-0.0660007618367672,-0.0660007618367672,0.21044256631876895,true,0.039896755787294465,0.0425893171117204,0.16775867335718672
joint-f2a415df92c5dbd9c22b,M1,291301,wrong_vector,1,0.1320015236735344,0.0660007618367672,0.10040957775705707,true,0.027159252711109756,0.028823222511006927,0.07569274792271108
joint-05f0f9643ecc833a54a1,M1,291301,wrong_vector,1,0.1320015236735344,-0.1320015236735344,0.5301064151901993,false,0.09427855186288457,0.10292054690239047,0.27598244764355556
joint-6731d5008cdff8444b8a,M1,291301,wrong_vector,0,0.0660007618367672,0.1320015236735344,0.15952226237318423,true,0.030563794524017255,0.04029002188805944,0.11692538205117359
joint-cd5d57fb2d2fc404ed88,M1,291301,wrong_vector,1,0.0660007618367672,-0.1320015236735344,0.4151538717294168,false,0.07210326750297276,0.0784040922192409,0.2208067280094424
joint-c73f7954cc710bf9d63c,M1,291301,wrong_vector,0,-0.1320015236735344,0.1320015236735344,0.31890259865771325,true,0.0792444034598142,0.06916209675238207,0.2890654397229695
joint-8c80649d97868318c9fe,M1,291301,wrong_vector,1,-0.0660007618367672,0.1320015236735344,0.4995144005029858,false,0.0819685172426366,0.0681734545320362,0.20538872372818218
joint-e8ffd69e58705acdb563,M1,291301,wrong_vector,0,-0.1320015236735344,-0.1320015236735344,0.34721706891297105,true,0.06762236638260054,0.0672899626768753,0.24684627653632904
joint-2474a6ed6bbe4f7e1b97,M1,291301,wrong_vector,1,-0.0660007618367672,-0.0660007618367672,0.19862817107372105,true,0.05333279477473407,0.04642832566199847,0.15437560803467712
joint-1b6c644185589ebc48c8,M1,291301,wrong_vector,1,-0.1320015236735344,0.1320015236735344,0.5686616307426374,false,0.09304917345950812,0.08615650633142571,0.25747090437606135
joint-efe7c8a0a11bb35094e0,M1,291301,wrong_vector,0,-0.1320015236735344,0.0660007618367672,0.36469775341461136,true,0.06416453841188563,0.06580142894023662,0.2738924569025489
joint-9ea456682d298ae62b43,M1,291301,wrong_vector,0,0.1320015236735344,0.1320015236735344,0.3638411436925997,true,0.0725051210739059,0.07227035505424848,0.2892390596473347
joint-7d924a87e8568d82b71b,M1,291301,wrong_vector,1,-0.0660007618367672,-0.1320015236735344,0.30342134964646783,true,0.047240226497064414,0.055329234779042565,0.17890696684036841
joint-f012efad790d4bcb5275,M1,291301,wrong_vector,1,0.0660007618367672,-0.1320015236735344,0.17447670510163116,true,0.03491574195686907,0.03372306174864425,0.14963185086136133
joint-99a2122f162a74088f58,M1,291301,wrong_vector,0,0.1320015236735344,0.0660007618367672,0.20142919674034565,true,0.037940347551543185,0.03269427162433999,0.09727411953686443
joint-ce884c4d333127e8b6dc,M1,291301,wrong_vector,0,0.1320015236735344,-0.1320015236735344,0.5281597088010999,false,0.08321513888562479,0.07720588522058101,0.22159978919605935
joint-50af49320c1511a0d6c6,M1,291301,wrong_vector,1,0.1320015236735344,0.1320015236735344,0.33417290469174027,true,0.06061069173379776,0.06252962205045184,0.2847376024974741
joint-4664e26abb95085a572a,M1,291301,wrong_vector,1,-0.1320015236735344,-0.1320015236735344,0.25677058640006256,true,0.06354466893622984,0.06252471904153571,0.2748267991362539
joint-79aa8ba0c5489ddf2497,M1,291301,wrong_vector,1,0.0660007618367672,0.0660007618367672,0.19961854510397484,true,0.03297989225667072,0.034356763809624706,0.14730519027131972
joint-d987f2e8f59153959f0b,M1,291301,wrong_vector,0,0.0660007618367672,-0.0660007618367672,0.18407540076715503,true,0.0453635833365023,0.04005076574144314,0.14543404791233402
joint-cb8130fb1c35fd8e7b18,M1,291301,wrong_vector,0,0.1320015236735344,0.1320015236735344,0.22845322480636626,true,0.046720733696417084,0.052894242505811706,0.14930993766118136
joint-d18a1d26ca0c2d035ee3,M1,291301,wrong_vector,1,-0.0660007618367672,0.0660007618367672,0.22072197020248216,true,0.039414796474004976,0.03858368450384392,0.15554628761302966
joint-da2f34f1c087e97b1afb,M1,291301,wrong_vector,0,-0.0660007618367672,0.0660007618367672,0.2311453526694091,true,0.04066483248515878,0.03694513186475949,0.11067462270155871
joint-d61e8bcf8b85f15c898a,M1,291301,wrong_vector,1,-0.0660007618367672,-0.0660007618367672,0.25811532943609555,true,0.03522294595148633,0.04014000405177782,0.11436372999526127
joint-4de8fb543630717fe750,M1,291301,wrong_vector,1,0.0660007618367672,0.1320015236735344,0.32871215025644457,true,0.05158990513084106,0.04528460361145432,0.12518683875111333
joint-dc3cf8ce3539277e0726,M1,291301,wrong_vector,0,-0.0660007618367672,-0.1320015236735344,0.36040641725796885,true,0.06010640383350023,0.06555719846597897,0.2553895005173341
joint-afc74f4446a723051311,M1,291301,wrong_vector,0,0.1320015236735344,0.0660007618367672,0.17610337683579308,true,0.026923681090920852,0.03257461793203934,0.16813371901151758
joint-b8e91cf056a2850aa06d,M1,291301,wrong_vector,1,0.1320015236735344,0.1320015236735344,0.38668584093090963,true,0.05455322142130671,0.05872001152912222,0.2887945350342515
joint-1f313d8436034e3c8a2f,M1,291301,wrong_vector,0,0.0660007618367672,-0.0660007618367672,0.25340358581409145,true,0.040811385899938976,0.03896705837351071,0.10444453299413356
joint-86283058a19cd7794f47,M1,291301,wrong_vector,1,-0.1320015236735344,0.1320015236735344,0.31424958011189214,true,0.05348921318445093,0.05376244675437671,0.27382020049930506
joint-a5ed81533299a3f553ae,M1,291301,wrong_vector,1,0.0660007618367672,0.1320015236735344,0.3708916650165551,true,0.05710627296667425,0.0542514855799876,0.14689393419633057
joint-1b3125f558c72b1ea5e4,M1,291301,wrong_vector,1,-0.0660007618367672,0.1320015236735344,0.40364576961506604,false,0.06947639841311082,0.0653216482835036,0.19896036055823962
joint-3dcb938aa6f788013529,M1,291301,wrong_vector,0,-0.0660007618367672,-0.0660007618367672,0.13596507016655832,true,0.02996276283409568,0.03137568321034486,0.1268216567421142
joint-f3d0c584cd58125ec9bd,M1,291301,wrong_vector,0,-0.0660007618367672,-0.1320015236735344,0.11398240414138527,true,0.03556605466284981,0.03676386124222599,0.13948126081829512
joint-a4fe2bd135f56d3a3b4d,M1,291301,wrong_vector,0,-0.1320015236735344,-0.0660007618367672,0.15754140055688984,true,0.02736283808589268,0.0398104129827664,0.14278993560462397
joint-baf9ad5b2a0e2663433b,M1,291301,wrong_vector,0,0.1320015236735344,0.1320015236735344,0.30541507781196914,true,0.07824591552065883,0.06677419070610174,0.2918467200134728
joint-63dd4abeb6e1325c7806,M1,291301,wrong_vector,0,-0.1320015236735344,0.1320015236735344,0.4552530082893982,false,0.07480170516505859,0.07203426992779674,0.21078669111848503
joint-89a8114aac92bfca40db,M1,291301,wrong_vector,0,0.0660007618367672,0.1320015236735344,0.22283093134364992,true,0.04967059895233361,0.042663465369663554,0.16610277213813288
joint-fdd9add87d3e0887f0db,M1,291301,wrong_vector,0,-0.0660007618367672,-0.0660007618367672,0.09442951082504376,true,0.021678682560269606,0.02038987476253009,0.06569269073856107
joint-8deb233befdaaa44244e,M1,291301,wrong_vector,0,-0.0660007618367672,-0.1320015236735344,0.3534925319033671,true,0.05949493861804796,0.06720110206360896,0.2538478097062087
joint-750a25537e1c577ecb17,M1,291301,wrong_vector,0,0.1320015236735344,0.0660007618367672,0.3450574350600149,true,0.05194082403860721,0.0515814635043691,0.268836774847876
joint-d20c3c92116f8fce3c1e,M1,291301,wrong_vector,0,-0.1320015236735344,-0.0660007618367672,0.3178692117282085,true,0.06444041540050899,0.05430442068962796,0.24880004706235023
joint-83912571774477870e69,M1,291301,wrong_vector,0,0.1320015236735344,-0.0660007618367672,0.3455362900491173,true,0.05757550017939169,0.057254157412710095,0.1689208565747666
joint-0b091357d2bc89169b82,M1,291301,wrong_vector,0,0.1320015236735344,-0.1320015236735344,0.4047907990713,false,0.08223048725186712,0.08236037934857027,0.32431101452542754
joint-79a2726c7c85c127d89d,M1,291301,wrong_vector,0,-0.1320015236735344,-0.1320015236735344,0.36151143460242113,true,0.07853465270645602,0.0767745947029646,0.32233979781917954
joint-ff0e8b614b34aecce4b3,M1,291301,wrong_vector,1,0.0660007618367672,0.1320015236735344,0.13049100297599525,true,0.0312744355203676,0.03837091177711246,0.11779091927039943
joint-a6e0056491e5774f3780,M1,291301,wrong_vector,0,0.0660007618367672,-0.1320015236735344,0.3647078040931406,true,0.06487410329173919,0.06393005429540112,0.21841813501703405
joint-009541860623d2bb9f1f,M1,291301,wrong_vector,0,-0.0660007618367672,0.1320015236735344,0.3218011518972208,true,0.05591316293174233,0.05190815286611686,0.14283584631213422
joint-ffe811f4bd9985f39189,M1,291301,wrong_vector,0,-0.0660007618367672,-0.1320015236735344,0.12639975902678008,true,0.03197780977442378,0.03480326362671129,0.09042655829358577
joint-08c462a1ad92c4ade964,M1,291301,wrong_vector,0,0.1320015236735344,-0.0660007618367672,0.3433599662057577,true,0.05442218273280339,0.05252434090643823,0.14925696499515975
joint-2ce56f0ea0683dcda2f5,M1,291301,wrong_vector,0,-0.1320015236735344,-0.0660007618367672,0.26103554335033585,true,0.043847851600688985,0.04973838932032473,0.19436653381856733
joint-e8e45e1d9d7dc3a06a25,M1,291301,wrong_vector,0,0.1320015236735344,-0.1320015236735344,0.46381502888628134,false,0.07419277532518503,0.06923129251852975,0.1916464231150096
joint-cf92d455cc3ba4b96312,M1,291301,wrong_vector,1,-0.1320015236735344,0.1320015236735344,0.41644469672789475,false,0.07931553144247493,0.0806716426468086,0.30105144207070283
joint-2a931d7a53cb9c33974d,M1,291302,sham,0,0.0660007618367672,-0.0660007618367672,0.22946415324787509,true,0.04111412107613193,0.04067720081985639,0.16255657266570112
joint-4352a0ffd3ac22d2f5e6,M1,291302,sham,1,0.0660007618367672,-0.0660007618367672,0.16891613747754466,true,0.030504524048357233,0.03074965860118569,0.09611661828912921
joint-147f59a58d0ef285e900,M1,291302,sham,0,0.0660007618367672,-0.1320015236735344,0.33516786368737644,true,0.054956631721500365,0.057533937012899536,0.26672061183295487
joint-d0326bfd1d59b011ffc1,M1,291302,sham,0,0.1320015236735344,0.0660007618367672,0.34704916199131514,true,0.0549905712324635,0.05640147480847651,0.1741346435642459
joint-b0a6408213b275a6eec4,M1,291302,sham,0,-0.1320015236735344,0.0660007618367672,0.3359239830664155,true,0.052065555685250245,0.05326902821240528,0.15972345371097338
joint-f16075ae76c562b01afa,M1,291302,sham,1,0.1320015236735344,0.0660007618367672,0.32937391949380534,true,0.049495716772930506,0.05083629637341638,0.2639064935986619
joint-6c84dffefac07a85efd4,M1,291302,sham,1,0.1320015236735344,-0.1320015236735344,0.3549927912434095,true,0.06370752498897177,0.06563394359913398,0.20184892931783946
joint-530af393a720d348afb0,M1,291302,sham,1,0.0660007618367672,0.0660007618367672,0.20036325755859036,true,0.03226478186044938,0.031178838247836894,0.08940241825492473
joint-66b0d86cfbc4d904308f,M1,291302,sham,0,-0.0660007618367672,0.0660007618367672,0.18626651163478922,true,0.03667881321291123,0.03753517292730171,0.11126266448455295
joint-cb84ae0ab47be6c0b097,M1,291302,sham,0,-0.0660007618367672,0.1320015236735344,0.38496020829155775,true,0.056816069148650485,0.06012488260958491,0.18110065870757128
joint-bd7b1bc3eac5c32be6ce,M1,291302,sham,0,-0.0660007618367672,-0.0660007618367672,0.16327500515101706,true,0.03821464876147928,0.04431798286936195,0.1512798974358849
joint-f42e2b2aa0bcf1904b2c,M1,291302,sham,1,0.1320015236735344,0.0660007618367672,0.30833099656484775,true,0.049102763257534814,0.04962825651743866,0.26275098700195326
joint-0cc5980f554a68da719e,M1,291302,sham,0,0.1320015236735344,0.1320015236735344,0.3609191683996046,true,0.07152557264019077,0.07205857058761149,0.299629573764108
joint-c71196ce6b27a5f15741,M1,291302,sham,1,-0.0660007618367672,-0.0660007618367672,0.15118064711884446,true,0.02525670526466842,0.02898831753234792,0.08844145659172607
joint-08a29e94c959b15daf6c,M1,291302,sham,0,-0.1320015236735344,-0.0660007618367672,0.35901108636501544,true,0.058094440414633665,0.062445302894947964,0.225316571280487
joint-009344968abd7434a0a8,M1,291302,sham,1,0.1320015236735344,-0.1320015236735344,0.36422669261278506,true,0.0669720844148978,0.06776356436051016,0.20712330596406497
joint-0d9b039cb21daac03d2a,M1,291302,sham,1,0.0660007618367672,0.0660007618367672,0.17527208669647176,true,0.033285118272378775,0.03513398935683446,0.10777035113444153
joint-96bbd61ef63ebf358d5e,M1,291302,sham,0,-0.0660007618367672,0.0660007618367672,0.18089530110305105,true,0.03331288109653548,0.0345296106527019,0.10136734183052712
joint-71226efdc82c7b8eb4e1,M1,291302,sham,1,0.1320015236735344,-0.1320015236735344,0.39285648835021103,false,0.07178615650231299,0.07401963505125064,0.2968514073371394
joint-2b6a5ce6c26b3991652e,M1,291302,sham,0,0.0660007618367672,-0.1320015236735344,0.31136463899646216,true,0.04949672931170109,0.0515206548436242,0.16091338038780362
joint-c45a492c6ab0e2e5bfbe,M1,291302,sham,1,0.1320015236735344,-0.0660007618367672,0.34506532816942337,true,0.053900735210843924,0.05764703666942425,0.275229550230092
joint-b2b2ebaf8b3253aafde3,M1,291302,sham,0,0.1320015236735344,-0.1320015236735344,0.3605941728883614,true,0.07253578693311016,0.07186817573812555,0.25642882261479694
joint-58d5f239e12552c3626e,M1,291302,sham,0,-0.1320015236735344,0.1320015236735344,0.3318095506887663,true,0.06736081043026526,0.06938118975373904,0.2929916747120033
joint-fc2b76f0772372bf8c3c,M1,291302,sham,1,-0.1320015236735344,0.0660007618367672,0.35033272472702154,true,0.0550394265696067,0.056965260882793994,0.17171071452393363
joint-fe2aefddb9b7745686ad,M1,291302,sham,1,-0.0660007618367672,0.0660007618367672,0.16737517462249968,true,0.037487012580255615,0.03713259467153295,0.13428663823748951
joint-8b6ff975d45da97a4933,M1,291302,sham,1,0.1320015236735344,-0.1320015236735344,0.4258734498746539,false,0.06979776884353621,0.06972725805963181,0.21087984352294123
joint-175e17d0ef9573bac40e,M1,291302,sham,0,-0.1320015236735344,0.1320015236735344,0.33957078197034357,true,0.06748917634614383,0.07042545353485785,0.21190231809968335
joint-a3d06b9cb0966439eddd,M1,291302,sham,1,0.0660007618367672,0.1320015236735344,0.38190688759280195,true,0.052007367902428964,0.05392202164422996,0.18776602921703145
joint-04c90cd2b55e51d7395c,M1,291302,sham,0,0.0660007618367672,-0.1320015236735344,0.2992295771012499,true,0.046412299106774614,0.05419213849688876,0.18365190261568112
joint-03d19206c4766692b70a,M1,291302,sham,0,-0.0660007618367672,0.0660007618367672,0.16988862220350975,true,0.03179688223947528,0.03383954943362863,0.10262504123140412
joint-f3533a47857412ee6574,M1,291302,sham,1,-0.0660007618367672,-0.0660007618367672,0.1839431433715107,true,0.02685926485873568,0.029538230186309907,0.09267427931257877
joint-19e423cc276169fd1073,M1,291302,sham,1,0.1320015236735344,0.0660007618367672,0.31701155601733133,true,0.05307724491330023,0.05185638269452931,0.2104681020119753
joint-ff96f3eeddc533681410,M1,291302,sham,0,-0.1320015236735344,0.0660007618367672,0.3082994498679809,true,0.05301596556261367,0.05532234910044191,0.2079054718571868
joint-c4e21270ec4d0d7be262,M1,291302,sham,0,-0.0660007618367672,0.1320015236735344,0.3471385301131349,true,0.05633280399022296,0.05878174906369294,0.17450954347060163
joint-f3c2aa3445150de38445,M1,291302,sham,1,-0.0660007618367672,-0.1320015236735344,0.3500878589781565,true,0.050225325465897086,0.0534228525731015,0.16694191795416816
joint-9b1bd063fe31242ee1d4,M1,291302,sham,0,-0.1320015236735344,0.0660007618367672,0.3620842673197657,true,0.05718425440086785,0.05761905658737078,0.17437285294123153
joint-dc07119105a4b0f17fef,M1,291302,sham,0,-0.1320015236735344,-0.1320015236735344,0.3646505536417595,true,0.07023074622990794,0.0719948702014581,0.22140741608457043
joint-e62d176dd1f3b78034aa,M1,291302,sham,1,0.0660007618367672,0.0660007618367672,0.1832157139763217,true,0.035197083350510125,0.03561511616469119,0.1072740508351189
joint-7fb044ff7f38057c2332,M1,291302,sham,1,-0.0660007618367672,-0.1320015236735344,0.35171987953913814,true,0.051753236271314305,0.05334577371416618,0.16387255640387166
joint-86e6ae730070eee6983b,M1,291302,sham,1,0.0660007618367672,-0.0660007618367672,0.1881323071009468,true,0.031795524139959994,0.03486599111365974,0.14684061129623038
joint-9a206f19112cd83d8451,M1,291302,sham,1,0.1320015236735344,-0.1320015236735344,0.31461656591630865,true,0.06003116529599798,0.06222673622360646,0.19118223979555307
joint-d9be6f5c2e8106f0264a,M1,291302,sham,1,0.0660007618367672,-0.0660007618367672,0.15745745866626487,true,0.030114256311942724,0.030512726969717328,0.09418030691110948
joint-6f8a92fc80c9c4920afe,M1,291302,sham,1,0.0660007618367672,-0.0660007618367672,0.20064449249909025,true,0.03281421208646234,0.03107760034275148,0.14258766426470956
joint-2a31fc646bfd539046d7,M1,291302,sham,1,0.0660007618367672,0.1320015236735344,0.3558229194929258,true,0.04956020333811612,0.05262858858375552,0.2712736649599177
joint-e8ed568644109d3c68dd,M1,291302,sham,1,0.0660007618367672,0.0660007618367672,0.23814100613535516,true,0.037362197831617316,0.03938341407048786,0.1167927265701343
joint-310c46903e1f1c1d5a60,M1,291302,sham,0,-0.0660007618367672,0.0660007618367672,0.18844352109205628,true,0.03369395291971993,0.03500413281875865,0.10211549312794203
joint-1285f64b5ffdc41a435d,M1,291302,sham,0,0.0660007618367672,0.0660007618367672,0.18018311502414222,true,0.04229727640591625,0.04226611439655539,0.13976954124252933
joint-70524fe1e7c2518c400a,M1,291302,sham,1,0.0660007618367672,-0.1320015236735344,0.3596957407659667,true,0.053091294782655854,0.05355791268882709,0.1653964299339333
joint-41ae71c0e6c6d51506eb,M1,291302,sham,0,-0.0660007618367672,-0.0660007618367672,0.20357199895178257,true,0.03674825963798667,0.03715648184773538,0.1584024882180598
joint-f2a415df92c5dbd9c22b,M1,291302,sham,1,0.1320015236735344,0.0660007618367672,0.32946963963033865,true,0.05495527394848163,0.0550023887884922,0.16532351358385988
joint-05f0f9643ecc833a54a1,M1,291302,sham,1,0.1320015236735344,-0.1320015236735344,0.34426707032403886,true,0.06415342301409414,0.06490962485274378,0.19813042247706603
joint-6731d5008cdff8444b8a,M1,291302,sham,0,0.0660007618367672,0.1320015236735344,0.31939798736053926,true,0.04952203395618262,0.051482746346039714,0.15559853256683862
joint-cd5d57fb2d2fc404ed88,M1,291302,sham,1,0.0660007618367672,-0.1320015236735344,0.3345158640807673,true,0.048444054232822005,0.050888467844085385,0.1611904806204792
joint-c73f7954cc710bf9d63c,M1,291302,sham,0,-0.1320015236735344,0.1320015236735344,0.35159574005601646,true,0.0691116937724251,0.07014985151457787,0.29965321764101993
joint-8c80649d97868318c9fe,M1,291302,sham,1,-0.0660007618367672,0.1320015236735344,0.3851561444109184,true,0.05513731272918677,0.056896613185448024,0.16892973531891523
joint-e8ffd69e58705acdb563,M1,291302,sham,0,-0.1320015236735344,-0.1320015236735344,0.3534631463795175,true,0.06940468394616077,0.07255820711535764,0.24201584618942326
joint-2474a6ed6bbe4f7e1b97,M1,291302,sham,1,-0.0660007618367672,-0.0660007618367672,0.2061769719266498,true,0.03910267151326739,0.03972879558569237,0.162254079075154
joint-1b6c644185589ebc48c8,M1,291302,sham,1,-0.1320015236735344,0.1320015236735344,0.4199412791905693,false,0.06962655557842144,0.07336400232311305,0.22097156323345404
joint-efe7c8a0a11bb35094e0,M1,291302,sham,0,-0.1320015236735344,0.0660007618367672,0.36267104164392466,true,0.05957276484863773,0.06290767399194351,0.2824090580971123
joint-9ea456682d298ae62b43,M1,291302,sham,0,0.1320015236735344,0.1320015236735344,0.374610507529629,false,0.07817889462306385,0.07627032946011508,0.28720199971421084
joint-7d924a87e8568d82b71b,M1,291302,sham,1,-0.0660007618367672,-0.1320015236735344,0.3847595919004135,true,0.05200942672796506,0.05197788076360453,0.16216039972650725
joint-f012efad790d4bcb5275,M1,291302,sham,1,0.0660007618367672,-0.1320015236735344,0.3118208748818415,true,0.04531690235568327,0.04820634035207467,0.1851293987118874
joint-99a2122f162a74088f58,M1,291302,sham,0,0.1320015236735344,0.0660007618367672,0.3435878494445156,true,0.05695576244174282,0.059091497718566845,0.18171902169356333
joint-ce884c4d333127e8b6dc,M1,291302,sham,0,0.1320015236735344,-0.1320015236735344,0.3668574372231357,true,0.06909240210023122,0.07037938993411748,0.21805736960598118
joint-50af49320c1511a0d6c6,M1,291302,sham,1,0.1320015236735344,0.1320015236735344,0.402043442599557,true,0.07299010597094195,0.07249066553121425,0.2942923031365056
joint-4664e26abb95085a572a,M1,291302,sham,1,-0.1320015236735344,-0.1320015236735344,0.35883491946874585,true,0.06180702419004164,0.0678201919410473,0.2807094627302969
joint-79aa8ba0c5489ddf2497,M1,291302,sham,1,0.0660007618367672,0.0660007618367672,0.21805761215355907,true,0.04173237122360916,0.04599749946275053,0.16095611668877766
joint-d987f2e8f59153959f0b,M1,291302,sham,0,0.0660007618367672,-0.0660007618367672,0.18750510095378864,true,0.036389913280318424,0.0383936560329402,0.1400876413614758
joint-cb8130fb1c35fd8e7b18,M1,291302,sham,0,0.1320015236735344,0.1320015236735344,0.3380863722703585,true,0.06651230858959153,0.07067215408049748,0.21623665860973945
joint-d18a1d26ca0c2d035ee3,M1,291302,sham,1,-0.0660007618367672,0.0660007618367672,0.2162294084408465,true,0.039937076785363915,0.03922602176796687,0.15412976379800997
joint-da2f34f1c087e97b1afb,M1,291302,sham,0,-0.0660007618367672,0.0660007618367672,0.2142705344977161,true,0.03843717677756683,0.04122274049446678,0.1253545477412199
joint-d61e8bcf8b85f15c898a,M1,291302,sham,1,-0.0660007618367672,-0.0660007618367672,0.16993734311007044,true,0.03075468089320854,0.03220893668168614,0.1012151234635089
joint-4de8fb543630717fe750,M1,291302,sham,1,0.0660007618367672,0.1320015236735344,0.3816917447373862,true,0.05250785174888315,0.052585017814853724,0.1571364507133221
joint-dc3cf8ce3539277e0726,M1,291302,sham,0,-0.0660007618367672,-0.1320015236735344,0.38016500780204326,true,0.06007039031774739,0.06173721168868963,0.29603298700693687
joint-afc74f4446a723051311,M1,291302,sham,0,0.1320015236735344,0.0660007618367672,0.33689477529917905,true,0.055626744339838975,0.05654613276649105,0.1934297878338206
joint-b8e91cf056a2850aa06d,M1,291302,sham,1,0.1320015236735344,0.1320015236735344,0.3816921611966495,true,0.06447877230657055,0.06843861307813948,0.2994109129173499
joint-1f313d8436034e3c8a2f,M1,291302,sham,0,0.0660007618367672,-0.0660007618367672,0.1733929138985616,true,0.03441400761590725,0.034118544009234614,0.10791811143845843
joint-86283058a19cd7794f47,M1,291302,sham,1,-0.1320015236735344,0.1320015236735344,0.34945475760610273,true,0.06181773076782893,0.0636118515829692,0.2866838144854012
joint-a5ed81533299a3f553ae,M1,291302,sham,1,0.0660007618367672,0.1320015236735344,0.416507239397331,false,0.05805275126114679,0.061774862210935824,0.18278208006552332
joint-1b3125f558c72b1ea5e4,M1,291302,sham,1,-0.0660007618367672,0.1320015236735344,0.316072486677808,true,0.04714387057313025,0.050000681504338756,0.15234885101960904
joint-3dcb938aa6f788013529,M1,291302,sham,0,-0.0660007618367672,-0.0660007618367672,0.11929808002687786,true,0.030572574755241496,0.03641960414080868,0.12745862797808938
joint-f3d0c584cd58125ec9bd,M1,291302,sham,0,-0.0660007618367672,-0.1320015236735344,0.3368358438037426,true,0.055355036370758795,0.058987409285315644,0.20362747881250437
joint-a4fe2bd135f56d3a3b4d,M1,291302,sham,0,-0.1320015236735344,-0.0660007618367672,0.3625964394387499,true,0.06330629204421759,0.06383154076286618,0.19477747684525712
joint-baf9ad5b2a0e2663433b,M1,291302,sham,0,0.1320015236735344,0.1320015236735344,0.3462624848878652,true,0.07388579311566491,0.07430936553107326,0.3121745575914448
joint-63dd4abeb6e1325c7806,M1,291302,sham,0,-0.1320015236735344,0.1320015236735344,0.362596228015841,true,0.06945123418066287,0.07243450565520665,0.22315119612949819
joint-89a8114aac92bfca40db,M1,291302,sham,0,0.0660007618367672,0.1320015236735344,0.33485629350177265,true,0.05638175974221922,0.057433213084503144,0.2130056810277768
joint-fdd9add87d3e0887f0db,M1,291302,sham,0,-0.0660007618367672,-0.0660007618367672,0.1957376006826582,true,0.03312455550579099,0.03249467765046151,0.09834651925237343
joint-8deb233befdaaa44244e,M1,291302,sham,0,-0.0660007618367672,-0.1320015236735344,0.36723302038390465,true,0.057227670958210936,0.060934044566261586,0.28435860935412655
joint-750a25537e1c577ecb17,M1,291302,sham,0,0.1320015236735344,0.0660007618367672,0.3508819660953287,true,0.057487769168400676,0.05777298881697617,0.2613307811036802
joint-d20c3c92116f8fce3c1e,M1,291302,sham,0,-0.1320015236735344,-0.0660007618367672,0.36189129479997184,true,0.057073641549545126,0.0597042056599393,0.2819507223570115
joint-83912571774477870e69,M1,291302,sham,0,0.1320015236735344,-0.0660007618367672,0.3007815080715379,true,0.0501249770814091,0.052448907290148596,0.1645977877524673
joint-0b091357d2bc89169b82,M1,291302,sham,0,0.1320015236735344,-0.1320015236735344,0.42569846623814717,false,0.08390125952800413,0.08275404306344679,0.30669747820276655
joint-79a2726c7c85c127d89d,M1,291302,sham,0,-0.1320015236735344,-0.1320015236735344,0.36366649973442183,true,0.06803861006073393,0.0730089444770733,0.31015200625348666
joint-ff0e8b614b34aecce4b3,M1,291302,sham,1,0.0660007618367672,0.1320015236735344,0.3311787343580966,true,0.04935304685304138,0.05223801077369913,0.1732589879574327
joint-a6e0056491e5774f3780,M1,291302,sham,0,0.0660007618367672,-0.1320015236735344,0.4090383187818987,true,0.06733552475323032,0.06946843065409132,0.22093081005352816
joint-009541860623d2bb9f1f,M1,291302,sham,0,-0.0660007618367672,0.1320015236735344,0.32974077939782465,true,0.052072187015942094,0.05522270412140119,0.16885501810600326
joint-ffe811f4bd9985f39189,M1,291302,sham,0,-0.0660007618367672,-0.1320015236735344,0.31867019194773005,true,0.051637544137670986,0.05290910455606809,0.1624712172333852
joint-08c462a1ad92c4ade964,M1,291302,sham,0,0.1320015236735344,-0.0660007618367672,0.2668729898692579,true,0.04414279236618583,0.04808741472265555,0.14774774725506243
joint-2ce56f0ea0683dcda2f5,M1,291302,sham,0,-0.1320015236735344,-0.0660007618367672,0.27622211376202,true,0.052372593380719284,0.05587506824285319,0.25014851718306297
joint-e8e45e1d9d7dc3a06a25,M1,291302,sham,0,0.1320015236735344,-0.1320015236735344,0.34606962693124044,true,0.06749878138819652,0.06760504370084626,0.2088838846591417
joint-cf92d455cc3ba4b96312,M1,291302,sham,1,-0.1320015236735344,0.1320015236735344,0.3810796745581286,true,0.06366545800996291,0.06415035729451815,0.2756920114415042
joint-2a931d7a53cb9c33974d,M1,291302,random,0,0.0660007618367672,-0.0660007618367672,0.2775002648564909,true,0.060838125634891035,0.05637952119848552,0.16969263686167738
joint-4352a0ffd3ac22d2f5e6,M1,291302,random,1,0.0660007618367672,-0.0660007618367672,0.1550892838885283,true,0.030029726461445076,0.03332230311248841,0.09320718578400293
joint-147f59a58d0ef285e900,M1,291302,random,0,0.0660007618367672,-0.1320015236735344,0.3616061297381384,true,0.08159935137283884,0.06893957737240454,0.3142485875847969
joint-d0326bfd1d59b011ffc1,M1,291302,random,0,0.1320015236735344,0.0660007618367672,0.3588153343293805,true,0.056319442125960247,0.058011383485328506,0.16460206734089786
joint-b0a6408213b275a6eec4,M1,291302,random,0,-0.1320015236735344,0.0660007618367672,0.3328832668566892,true,0.05581485059700315,0.05301367295884698,0.15004404611395503
joint-f16075ae76c562b01afa,M1,291302,random,1,0.1320015236735344,0.0660007618367672,0.3050183137822052,true,0.05631208664907969,0.0736166546232932,0.29712538075991934
joint-6c84dffefac07a85efd4,M1,291302,random,1,0.1320015236735344,-0.1320015236735344,0.3885258828939047,false,0.07063670818627098,0.07663922593966183,0.23713121823517838
joint-530af393a720d348afb0,M1,291302,random,1,0.0660007618367672,0.0660007618367672,0.24661926299445389,true,0.03848052907655283,0.033738944112420066,0.09243998288614567
joint-66b0d86cfbc4d904308f,M1,291302,random,0,-0.0660007618367672,0.0660007618367672,0.19305727649688717,true,0.039468686300875605,0.03939882684735409,0.11480326765828341
joint-cb84ae0ab47be6c0b097,M1,291302,random,0,-0.0660007618367672,0.1320015236735344,0.332714001378845,true,0.05455604069897304,0.05526665080686763,0.1700088514209233
joint-bd7b1bc3eac5c32be6ce,M1,291302,random,0,-0.0660007618367672,-0.0660007618367672,0.19412139779676021,true,0.0471595237105164,0.03978945535947383,0.13643719520099157
joint-f42e2b2aa0bcf1904b2c,M1,291302,random,1,0.1320015236735344,0.0660007618367672,0.29848167713913,true,0.05644170306839217,0.0511885656990083,0.2639729879793465
joint-0cc5980f554a68da719e,M1,291302,random,0,0.1320015236735344,0.1320015236735344,0.38703053819372557,true,0.07566042587222366,0.0798864860455855,0.2996280509603514
joint-c71196ce6b27a5f15741,M1,291302,random,1,-0.0660007618367672,-0.0660007618367672,0.15693558315195433,true,0.029156314293238176,0.027814465939727685,0.08829414679772453
joint-08a29e94c959b15daf6c,M1,291302,random,0,-0.1320015236735344,-0.0660007618367672,0.3424168579507714,true,0.07706540736796694,0.06852852862487809,0.24958347236814327
joint-009344968abd7434a0a8,M1,291302,random,1,0.1320015236735344,-0.1320015236735344,0.35448292016736327,true,0.06433585934763576,0.06940551731755469,0.22443746239030105
joint-0d9b039cb21daac03d2a,M1,291302,random,1,0.0660007618367672,0.0660007618367672,0.22277438812365755,true,0.04111561202700665,0.03627342772521806,0.10810488092847778
joint-96bbd61ef63ebf358d5e,M1,291302,random,0,-0.0660007618367672,0.0660007618367672,0.1826558464367953,true,0.03488934851314524,0.03958187968018285,0.10706290205071017
joint-71226efdc82c7b8eb4e1,M1,291302,random,1,0.1320015236735344,-0.1320015236735344,0.40249915789297797,false,0.0711960268795465,0.07455961743928553,0.30417920756943145
joint-2b6a5ce6c26b3991652e,M1,291302,random,0,0.0660007618367672,-0.1320015236735344,0.3232165088348595,true,0.04859532122052428,0.04992029012025346,0.14948245135747895
joint-c45a492c6ab0e2e5bfbe,M1,291302,random,1,0.1320015236735344,-0.0660007618367672,0.34132711099581325,true,0.0555490750830185,0.058777945586412986,0.27157423639529377
joint-b2b2ebaf8b3253aafde3,M1,291302,random,0,0.1320015236735344,-0.1320015236735344,0.3963549868766974,true,0.0756509979972032,0.07417310280964945,0.24620995739275092
joint-58d5f239e12552c3626e,M1,291302,random,0,-0.1320015236735344,0.1320015236735344,0.3163558580032649,true,0.0849077283953687,0.07063313611970207,0.26711686633535264
joint-fc2b76f0772372bf8c3c,M1,291302,random,1,-0.1320015236735344,0.0660007618367672,0.3199552291205567,true,0.05350021372706329,0.05601790195679231,0.1804996722905267
joint-fe2aefddb9b7745686ad,M1,291302,random,1,-0.0660007618367672,0.0660007618367672,0.19418964461661328,true,0.03913621344062116,0.03970629605213007,0.14045630916277776
joint-8b6ff975d45da97a4933,M1,291302,random,1,0.1320015236735344,-0.1320015236735344,0.43868944230536755,false,0.07632010508515481,0.06893841799186073,0.18939072935437234
joint-175e17d0ef9573bac40e,M1,291302,random,0,-0.1320015236735344,0.1320015236735344,0.339454746449031,true,0.07019330844909938,0.0671814880890103,0.18566100426778875
joint-a3d06b9cb0966439eddd,M1,291302,random,1,0.0660007618367672,0.1320015236735344,0.3533141272449393,true,0.05492023024440379,0.052522368891684476,0.17754379052137056
joint-04c90cd2b55e51d7395c,M1,291302,random,0,0.0660007618367672,-0.1320015236735344,0.2149935590395769,true,0.05360677374393921,0.06543478694157472,0.20985221974858626
joint-03d19206c4766692b70a,M1,291302,random,0,-0.0660007618367672,0.0660007618367672,0.1835485528045299,true,0.03583707667920265,0.03323785962044378,0.1043970640711236
joint-f3533a47857412ee6574,M1,291302,random,1,-0.0660007618367672,-0.0660007618367672,0.15475360731083482,true,0.02670625889026026,0.03346175456232278,0.09883617577196291
joint-19e423cc276169fd1073,M1,291302,random,1,0.1320015236735344,0.0660007618367672,0.40091929220514566,true,0.06685097825338417,0.05987913292154494,0.2259514066624056
joint-ff96f3eeddc533681410,M1,291302,random,0,-0.1320015236735344,0.0660007618367672,0.23270391985203442,true,0.046515276669883754,0.04691332649717945,0.18866246022071553
joint-c4e21270ec4d0d7be262,M1,291302,random,0,-0.0660007618367672,0.1320015236735344,0.3451303545854744,true,0.06028990246650146,0.060597955206697876,0.19413201281900028
joint-f3c2aa3445150de38445,M1,291302,random,1,-0.0660007618367672,-0.1320015236735344,0.3365166593193924,true,0.05761395282978217,0.05269334774866344,0.15554037678371677
joint-9b1bd063fe31242ee1d4,M1,291302,random,0,-0.1320015236735344,0.0660007618367672,0.3685549801978153,true,0.059312265884644624,0.061134449004327414,0.17685443356384248
joint-dc07119105a4b0f17fef,M1,291302,random,0,-0.1320015236735344,-0.1320015236735344,0.4154081298644646,false,0.08103877295831617,0.08302932757775998,0.25986613510591966
joint-e62d176dd1f3b78034aa,M1,291302,random,1,0.0660007618367672,0.0660007618367672,0.2111223576879137,true,0.03920969283643126,0.04023216858310194,0.11276479356196081
joint-7fb044ff7f38057c2332,M1,291302,random,1,-0.0660007618367672,-0.1320015236735344,0.40470282651714923,false,0.06199686617828283,0.058210167489282184,0.16012954439192723
joint-86e6ae730070eee6983b,M1,291302,random,1,0.0660007618367672,-0.0660007618367672,0.19794923061596556,true,0.03925597464998037,0.04234659805578061,0.16105395093428315
joint-9a206f19112cd83d8451,M1,291302,random,1,0.1320015236735344,-0.1320015236735344,0.32380444853709067,true,0.0650674871674561,0.07121929790334205,0.2164903862488627
joint-d9be6f5c2e8106f0264a,M1,291302,random,1,0.0660007618367672,-0.0660007618367672,0.15535309362828978,true,0.028625725936375013,0.03531936620737766,0.10421425313643519
joint-6f8a92fc80c9c4920afe,M1,291302,random,1,0.0660007618367672,-0.0660007618367672,0.17641989007202588,true,0.03295913285005116,0.03088152143044655,0.1467101963660643
joint-2a31fc646bfd539046d7,M1,291302,random,1,0.0660007618367672,0.1320015236735344,0.3056769763083002,true,0.06153569504628382,0.05065870730592282,0.2602001359870924
joint-e8ed568644109d3c68dd,M1,291302,random,1,0.0660007618367672,0.0660007618367672,0.24927323294162335,true,0.04110749827032472,0.03631461115575748,0.10833864198329797
joint-310c46903e1f1c1d5a60,M1,291302,random,0,-0.0660007618367672,0.0660007618367672,0.16992243964624296,true,0.03330744579853766,0.034178138517494495,0.09855603602926855
joint-1285f64b5ffdc41a435d,M1,291302,random,0,0.0660007618367672,0.0660007618367672,0.17021087927012532,true,0.06929283374861812,0.07235951369458019,0.13699125860618108
joint-70524fe1e7c2518c400a,M1,291302,random,1,0.0660007618367672,-0.1320015236735344,0.356951232574958,true,0.05470742262064646,0.0594886226716128,0.17279940587890688
joint-41ae71c0e6c6d51506eb,M1,291302,random,0,-0.0660007618367672,-0.0660007618367672,0.21200827492289417,true,0.047222218060050426,0.03866589176145182,0.15815758744502337
joint-f2a415df92c5dbd9c22b,M1,291302,random,1,0.1320015236735344,0.0660007618367672,0.34398923897328354,true,0.053183598398857265,0.05317954952748419,0.16403311638019993
joint-05f0f9643ecc833a54a1,M1,291302,random,1,0.1320015236735344,-0.1320015236735344,0.3722466985215224,true,0.06929300268133849,0.07746832248896766,0.23007666877740382
joint-6731d5008cdff8444b8a,M1,291302,random,0,0.0660007618367672,0.1320015236735344,0.37187581910742523,true,0.05859471772452628,0.05761630863779381,0.15394294079349893
joint-cd5d57fb2d2fc404ed88,M1,291302,random,1,0.0660007618367672,-0.1320015236735344,0.28103433207274514,true,0.043761148548987557,0.048896684605543056,0.14845401825393084
joint-c73f7954cc710bf9d63c,M1,291302,random,0,-0.1320015236735344,0.1320015236735344,0.33128741592799665,true,0.06712030593207818,0.06912435149213529,0.3173860643053468
joint-8c80649d97868318c9fe,M1,291302,random,1,-0.0660007618367672,0.1320015236735344,0.4125652442406576,false,0.058491410658760616,0.05955878021456793,0.1771073820723992
joint-e8ffd69e58705acdb563,M1,291302,random,0,-0.1320015236735344,-0.1320015236735344,0.3834859521461331,true,0.0774490532698465,0.0777183501613757,0.20928325615200585
joint-2474a6ed6bbe4f7e1b97,M1,291302,random,1,-0.0660007618367672,-0.0660007618367672,0.21735863830330565,true,0.04267184715971085,0.04915153281001213,0.14822740570720205
joint-1b6c644185589ebc48c8,M1,291302,random,1,-0.1320015236735344,0.1320015236735344,0.39540970464053377,false,0.0717446772277834,0.0758189606851319,0.2269859057771919
joint-efe7c8a0a11bb35094e0,M1,291302,random,0,-0.1320015236735344,0.0660007618367672,0.3526996953349769,true,0.07054925660660599,0.08104177582761168,0.30989801235497955
joint-9ea456682d298ae62b43,M1,291302,random,0,0.1320015236735344,0.1320015236735344,0.3485108537818258,true,0.08039113091206104,0.07438248065453265,0.29283330067263147
joint-7d924a87e8568d82b71b,M1,291302,random,1,-0.0660007618367672,-0.1320015236735344,0.3794429480074718,true,0.05390608733159248,0.0551491648164792,0.16129433729724446
joint-f012efad790d4bcb5275,M1,291302,random,1,0.0660007618367672,-0.1320015236735344,0.32671745614602665,true,0.04931018165144619,0.054124342760397,0.17451532473629225
joint-99a2122f162a74088f58,M1,291302,random,0,0.1320015236735344,0.0660007618367672,0.3786879090276582,true,0.0671274458557074,0.06777640577938147,0.16100745770084363
joint-ce884c4d333127e8b6dc,M1,291302,random,0,0.1320015236735344,-0.1320015236735344,0.3614560848964378,false,0.07048694135446365,0.08601429001398574,0.23692465101048976
joint-50af49320c1511a0d6c6,M1,291302,random,1,0.1320015236735344,0.1320015236735344,0.3514072892434419,true,0.06763087393690877,0.07374196765232144,0.28173738487705663
joint-4664e26abb95085a572a,M1,291302,random,1,-0.1320015236735344,-0.1320015236735344,0.31727395082943705,true,0.06312706905344118,0.08238448733542522,0.27559979346330327
joint-79aa8ba0c5489ddf2497,M1,291302,random,1,0.0660007618367672,0.0660007618367672,0.22323983000991326,true,0.043872221066429594,0.046113240354382114,0.17380606138875238
joint-d987f2e8f59153959f0b,M1,291302,random,0,0.0660007618367672,-0.0660007618367672,0.17774617207563867,true,0.03530737093915371,0.04503310051035531,0.15288032615510092
joint-cb8130fb1c35fd8e7b18,M1,291302,random,0,0.1320015236735344,0.1320015236735344,0.3474558978093941,true,0.0625842713259537,0.06973116558361406,0.20277494576669097
joint-d18a1d26ca0c2d035ee3,M1,291302,random,1,-0.0660007618367672,0.0660007618367672,0.2143442721233321,true,0.04723732225493622,0.048903232682068636,0.1456224058098253
joint-da2f34f1c087e97b1afb,M1,291302,random,0,-0.0660007618367672,0.0660007618367672,0.213198742182817,true,0.04092362333645842,0.038862209843480856,0.11537280439317245
joint-d61e8bcf8b85f15c898a,M1,291302,random,1,-0.0660007618367672,-0.0660007618367672,0.18434327943929588,true,0.037093172641225684,0.04026912559234106,0.10620908542969619
joint-4de8fb543630717fe750,M1,291302,random,1,0.0660007618367672,0.1320015236735344,0.38658697350180454,true,0.05359923366848257,0.05765143321518858,0.16023645290736654
joint-dc3cf8ce3539277e0726,M1,291302,random,0,-0.0660007618367672,-0.1320015236735344,0.3855414942491062,true,0.09181876558420997,0.07090226266019599,0.2606320259457695
joint-afc74f4446a723051311,M1,291302,random,0,0.1320015236735344,0.0660007618367672,0.3527900481299178,true,0.060801637526454545,0.05261774295627425,0.18893847543244424
joint-b8e91cf056a2850aa06d,M1,291302,random,1,0.1320015236735344,0.1320015236735344,0.3730263935542544,true,0.07962891284968515,0.07404017319418321,0.2799632372944766
joint-1f313d8436034e3c8a2f,M1,291302,random,0,0.0660007618367672,-0.0660007618367672,0.20360648414919683,true,0.04142588838773796,0.04038559808456522,0.10983629762016425
joint-86283058a19cd7794f47,M1,291302,random,1,-0.1320015236735344,0.1320015236735344,0.3049127390084608,true,0.06168767684878142,0.06805300102645971,0.2803393689515926
joint-a5ed81533299a3f553ae,M1,291302,random,1,0.0660007618367672,0.1320015236735344,0.38885805080230496,false,0.059032443775836344,0.062275932256308265,0.18370365990693566
joint-1b3125f558c72b1ea5e4,M1,291302,random,1,-0.0660007618367672,0.1320015236735344,0.30190533381327567,true,0.05034200009407245,0.050989028216930896,0.14134798451676917
joint-3dcb938aa6f788013529,M1,291302,random,0,-0.0660007618367672,-0.0660007618367672,0.11137369881378624,false,0.08941239854725058,0.0896904895651229,0.15901967463702382
joint-f3d0c584cd58125ec9bd,M1,291302,random,0,-0.0660007618367672,-0.1320015236735344,0.33205425265127625,true,0.05697408853523309,0.0815553328863143,0.21511922566884403
joint-a4fe2bd135f56d3a3b4d,M1,291302,random,0,-0.1320015236735344,-0.0660007618367672,0.22371917195593316,true,0.08593310877588307,0.08263633723622081,0.20520522832021895
joint-baf9ad5b2a0e2663433b,M1,291302,random,0,0.1320015236735344,0.1320015236735344,0.37357303268800923,false,0.07850614576616624,0.09816662610866973,0.3642266657327437
joint-63dd4abeb6e1325c7806,M1,291302,random,0,-0.1320015236735344,0.1320015236735344,0.4039010084027885,false,0.08466471939881291,0.08593787070820745,0.23848657686780186
joint-89a8114aac92bfca40db,M1,291302,random,0,0.0660007618367672,0.1320015236735344,0.34452998514413224,true,0.060163327913492944,0.058452984564952876,0.22903334502097583
joint-fdd9add87d3e0887f0db,M1,291302,random,0,-0.0660007618367672,-0.0660007618367672,0.21464718432263302,true,0.035667543702786846,0.03261465746177684,0.09258452540158896
joint-8deb233befdaaa44244e,M1,291302,random,0,-0.0660007618367672,-0.1320015236735344,0.4178342081846564,true,0.07036001181400496,0.07493755090764177,0.26100342920614594
joint-750a25537e1c577ecb17,M1,291302,random,0,0.1320015236735344,0.0660007618367672,0.3767185294037203,true,0.06640099547714212,0.06859229280595933,0.2642428661230242
joint-d20c3c92116f8fce3c1e,M1,291302,random,0,-0.1320015236735344,-0.0660007618367672,0.37151679521786596,true,0.05692764581534105,0.0677764555268387,0.31334268348972
joint-83912571774477870e69,M1,291302,random,0,0.1320015236735344,-0.0660007618367672,0.36476546242050023,true,0.06727404378230215,0.054548369533931364,0.15766762765607334
joint-0b091357d2bc89169b82,M1,291302,random,0,0.1320015236735344,-0.1320015236735344,0.38425839231509673,true,0.06906917113537256,0.07049254021572351,0.2890189652267886
joint-79a2726c7c85c127d89d,M1,291302,random,0,-0.1320015236735344,-0.1320015236735344,0.29833030864160043,true,0.06393001221042797,0.06247727844157263,0.28738827517939647
joint-ff0e8b614b34aecce4b3,M1,291302,random,1,0.0660007618367672,0.1320015236735344,0.3066094702447333,true,0.07044634869035273,0.05259971010463862,0.16751689342854623
joint-a6e0056491e5774f3780,M1,291302,random,0,0.0660007618367672,-0.1320015236735344,0.3725430947867692,true,0.061401530738436134,0.06569029870289038,0.21858071204939955
joint-009541860623d2bb9f1f,M1,291302,random,0,-0.0660007618367672,0.1320015236735344,0.23468191704120342,true,0.04176244317036867,0.04401800010083817,0.15711097835455345
joint-ffe811f4bd9985f39189,M1,291302,random,0,-0.0660007618367672,-0.1320015236735344,0.4133692432005519,false,0.07620292066957218,0.06686760698808558,0.20178059397625184
joint-08c462a1ad92c4ade964,M1,291302,random,0,0.1320015236735344,-0.0660007618367672,0.23868443731635,true,0.05512977659727353,0.05951421567800052,0.15751802990719813
joint-2ce56f0ea0683dcda2f5,M1,291302,random,0,-0.1320015236735344,-0.0660007618367672,0.3150728602153493,true,0.0779088479126309,0.061090366648506506,0.2453843434524889
joint-e8e45e1d9d7dc3a06a25,M1,291302,random,0,0.1320015236735344,-0.1320015236735344,0.3603793493630544,true,0.0734978978644033,0.0767794596428987,0.20264768459319943
joint-cf92d455cc3ba4b96312,M1,291302,random,1,-0.1320015236735344,0.1320015236735344,0.34012130164983756,true,0.05824133075997355,0.0599047785923658,0.2604080793402245
joint-2a931d7a53cb9c33974d,M1,291302,wrong_object,0,0.0660007618367672,-0.0660007618367672,0.21094716695540094,true,0.07423207198811584,0.0577673460023741,0.17814224779925747
joint-4352a0ffd3ac22d2f5e6,M1,291302,wrong_object,1,0.0660007618367672,-0.0660007618367672,0.16160562198123007,true,0.044134441934466126,0.04226911175572089,0.12762546647619283
joint-147f59a58d0ef285e900,M1,291302,wrong_object,0,0.0660007618367672,-0.1320015236735344,0.3389603449497471,false,0.10617464380542559,0.09000408957313819,0.30456206539628694
joint-d0326bfd1d59b011ffc1,M1,291302,wrong_object,0,0.1320015236735344,0.0660007618367672,0.3080701583411969,true,0.06963834236234458,0.06358820283051143,0.20077370446483989
joint-b0a6408213b275a6eec4,M1,291302,wrong_object,0,-0.1320015236735344,0.0660007618367672,0.35757548496319985,true,0.06944696147780655,0.07034455983747195,0.21319629812473231
joint-f16075ae76c562b01afa,M1,291302,wrong_object,1,0.1320015236735344,0.0660007618367672,0.31722980834107406,false,0.07453686541789016,0.058913532388609476,0.2981333133271001
joint-6c84dffefac07a85efd4,M1,291302,wrong_object,1,0.1320015236735344,-0.1320015236735344,0.36184900174088236,false,0.08648618532314574,0.08696878154514447,0.2607045199926833
joint-530af393a720d348afb0,M1,291302,wrong_object,1,0.0660007618367672,0.0660007618367672,0.24884069835077013,true,0.057214288261803393,0.05677840554779799,0.1609061277428064
joint-66b0d86cfbc4d904308f,M1,291302,wrong_object,0,-0.0660007618367672,0.0660007618367672,0.21465408591153373,true,0.04647707116059506,0.044781795760043916,0.1369255771386601
joint-cb84ae0ab47be6c0b097,M1,291302,wrong_object,0,-0.0660007618367672,0.1320015236735344,0.4208265896792863,false,0.07326984718626005,0.07151665828689016,0.21444966126949375
joint-bd7b1bc3eac5c32be6ce,M1,291302,wrong_object,0,-0.0660007618367672,-0.0660007618367672,0.1452096716526139,true,0.058592108753760995,0.05733083641600621,0.1878793952376177
joint-f42e2b2aa0bcf1904b2c,M1,291302,wrong_object,1,0.1320015236735344,0.0660007618367672,0.30226107925882034,true,0.07031898141122918,0.05939072746719603,0.29409614201741063
joint-0cc5980f554a68da719e,M1,291302,wrong_object,0,0.1320015236735344,0.1320015236735344,0.3950970355575399,false,0.09204582798407741,0.08934496541410451,0.290149733604988
joint-c71196ce6b27a5f15741,M1,291302,wrong_object,1,-0.0660007618367672,-0.0660007618367672,0.14155034941118763,true,0.043427817055381894,0.04506833246319521,0.13716256835601986
joint-08a29e94c959b15daf6c,M1,291302,wrong_object,0,-0.1320015236735344,-0.0660007618367672,0.3421726311588679,false,0.06893333492955227,0.07113552960265121,0.26307034549398994
joint-009344968abd7434a0a8,M1,291302,wrong_object,1,0.1320015236735344,-0.1320015236735344,0.3648281430808288,false,0.0883519524180021,0.08735244033238891,0.2602672363832735
joint-0d9b039cb21daac03d2a,M1,291302,wrong_object,1,0.0660007618367672,0.0660007618367672,0.20944742099985,true,0.05197766945594242,0.05100863122689658,0.14845373272447376
joint-96bbd61ef63ebf358d5e,M1,291302,wrong_object,0,-0.0660007618367672,0.0660007618367672,0.194913474235776,true,0.042464923443581416,0.04101680246564447,0.1249040207714177
joint-71226efdc82c7b8eb4e1,M1,291302,wrong_object,1,0.1320015236735344,-0.1320015236735344,0.3899637246746912,false,0.0920575934645359,0.08904332555017247,0.30136795415049294
joint-2b6a5ce6c26b3991652e,M1,291302,wrong_object,0,0.0660007618367672,-0.1320015236735344,0.2953693912878104,true,0.06173248588070035,0.06547977299490693,0.21188951926443428
joint-c45a492c6ab0e2e5bfbe,M1,291302,wrong_object,1,0.1320015236735344,-0.0660007618367672,0.3401650819257308,true,0.06959839502949049,0.07079557464428957,0.28143050379550294
joint-b2b2ebaf8b3253aafde3,M1,291302,wrong_object,0,0.1320015236735344,-0.1320015236735344,0.34309402213008255,true,0.07411298885833249,0.07054894364009003,0.24610247037064428
joint-58d5f239e12552c3626e,M1,291302,wrong_object,0,-0.1320015236735344,0.1320015236735344,0.3974029818592163,true,0.07748081540160152,0.07178846691019014,0.28813763122307817
joint-fc2b76f0772372bf8c3c,M1,291302,wrong_object,1,-0.1320015236735344,0.0660007618367672,0.3468876179326482,true,0.062163723630634965,0.06258899432475333,0.19596150613664254
joint-fe2aefddb9b7745686ad,M1,291302,wrong_object,1,-0.0660007618367672,0.0660007618367672,0.19284669713949648,true,0.05924788224165541,0.05298398895710664,0.13614872658847282
joint-8b6ff975d45da97a4933,M1,291302,wrong_object,1,0.1320015236735344,-0.1320015236735344,0.42464610277981135,false,0.08903442276079795,0.08845115213211588,0.2653067991949626
joint-175e17d0ef9573bac40e,M1,291302,wrong_object,0,-0.1320015236735344,0.1320015236735344,0.38283095528205885,false,0.08397449627240192,0.08416051776321917,0.25574522760817026
joint-a3d06b9cb0966439eddd,M1,291302,wrong_object,1,0.0660007618367672,0.1320015236735344,0.3484537977667847,false,0.06756390235928744,0.060231107949101984,0.20869766522333863
joint-04c90cd2b55e51d7395c,M1,291302,wrong_object,0,0.0660007618367672,-0.1320015236735344,0.26814824622261163,false,0.056383556126990655,0.05399398525440112,0.18226201532682051
joint-03d19206c4766692b70a,M1,291302,wrong_object,0,-0.0660007618367672,0.0660007618367672,0.18091051431975458,true,0.04395795943613494,0.043450973323797965,0.13397526667978937
joint-f3533a47857412ee6574,M1,291302,wrong_object,1,-0.0660007618367672,-0.0660007618367672,0.1742065132024543,true,0.04307024394774975,0.045413138870105944,0.13532310285057697
joint-19e423cc276169fd1073,M1,291302,wrong_object,1,0.1320015236735344,0.0660007618367672,0.29919043008481294,false,0.10881837123791319,0.08828176018653265,0.27443722863883296
joint-ff96f3eeddc533681410,M1,291302,wrong_object,0,-0.1320015236735344,0.0660007618367672,0.2125475751164874,false,0.11800213635933941,0.0667818280165172,0.21721324412022203
joint-c4e21270ec4d0d7be262,M1,291302,wrong_object,0,-0.0660007618367672,0.1320015236735344,0.39172245217832474,false,0.07089824926181704,0.06931269973889644,0.20740865885424828
joint-f3c2aa3445150de38445,M1,291302,wrong_object,1,-0.0660007618367672,-0.1320015236735344,0.33837231850476085,false,0.0734500156058116,0.07733993430584055,0.23813419974821612
joint-9b1bd063fe31242ee1d4,M1,291302,wrong_object,0,-0.1320015236735344,0.0660007618367672,0.3768486848655056,true,0.07332980983913147,0.07575650050516122,0.22617585540086071
joint-dc07119105a4b0f17fef,M1,291302,wrong_object,0,-0.1320015236735344,-0.1320015236735344,0.3787277781769674,false,0.09244096943608004,0.09590760931418903,0.2776179535106082
joint-e62d176dd1f3b78034aa,M1,291302,wrong_object,1,0.0660007618367672,0.0660007618367672,0.2199361765984085,true,0.057224359638139974,0.05625433444656885,0.16199845352189876
joint-7fb044ff7f38057c2332,M1,291302,wrong_object,1,-0.0660007618367672,-0.1320015236735344,0.3422948233679123,false,0.07260467876746775,0.07607142614302673,0.23584044350685918
joint-86e6ae730070eee6983b,M1,291302,wrong_object,1,0.0660007618367672,-0.0660007618367672,0.1618565386873624,true,0.040868439981074436,0.027078208948437717,0.14083862431115976
joint-9a206f19112cd83d8451,M1,291302,wrong_object,1,0.1320015236735344,-0.1320015236735344,0.322485379334019,false,0.08425792031714499,0.08316608239984517,0.24970903806990669
joint-d9be6f5c2e8106f0264a,M1,291302,wrong_object,1,0.0660007618367672,-0.0660007618367672,0.16160753436768088,true,0.04642921719958578,0.044383707483285524,0.13315464703722713
joint-6f8a92fc80c9c4920afe,M1,291302,wrong_object,1,0.0660007618367672,-0.0660007618367672,0.2178465505989236,true,0.040139588288968145,0.039230581521642396,0.1499712889176506
joint-2a31fc646bfd539046d7,M1,291302,wrong_object,1,0.0660007618367672,0.1320015236735344,0.3214599911143985,false,0.09776052318182613,0.07841613935471665,0.30258692497383
joint-e8ed568644109d3c68dd,M1,291302,wrong_object,1,0.0660007618367672,0.0660007618367672,0.26883399137095343,true,0.05747341506747747,0.05718252850678216,0.16098813817152657
joint-310c46903e1f1c1d5a60,M1,291302,wrong_object,0,-0.0660007618367672,0.0660007618367672,0.20383301469024537,true,0.04301538060366631,0.0414473426191192,0.12659735932874938
joint-1285f64b5ffdc41a435d,M1,291302,wrong_object,0,0.0660007618367672,0.0660007618367672,0.21733430905716192,true,0.046356799954810936,0.0479358062049169,0.16484485162831528
joint-70524fe1e7c2518c400a,M1,291302,wrong_object,1,0.0660007618367672,-0.1320015236735344,0.3683556779786758,false,0.07501652096364513,0.07446826581178877,0.22548042035843438
joint-41ae71c0e6c6d51506eb,M1,291302,wrong_object,0,-0.0660007618367672,-0.0660007618367672,0.18956837127837667,true,0.04917038105927127,0.04590542473114835,0.20430354739989215
joint-f2a415df92c5dbd9c22b,M1,291302,wrong_object,1,0.1320015236735344,0.0660007618367672,0.3116359071996521,false,0.0819627253106715,0.08450929951596595,0.23707739643466744
joint-05f0f9643ecc833a54a1,M1,291302,wrong_object,1,0.1320015236735344,-0.1320015236735344,0.3543572327617023,false,0.08717643237233162,0.08746614023229844,0.2600266505227462
joint-6731d5008cdff8444b8a,M1,291302,wrong_object,0,0.0660007618367672,0.1320015236735344,0.35936382039237963,true,0.07025532890265108,0.06480165668535418,0.19249127435911575
joint-cd5d57fb2d2fc404ed88,M1,291302,wrong_object,1,0.0660007618367672,-0.1320015236735344,0.34104373809506217,false,0.0698927542747224,0.06816021700076913,0.21148956922542314
joint-c73f7954cc710bf9d63c,M1,291302,wrong_object,0,-0.1320015236735344,0.1320015236735344,0.3622681593601845,false,0.164824957621298,0.09377463151592064,0.30241483536713726
joint-8c80649d97868318c9fe,M1,291302,wrong_object,1,-0.0660007618367672,0.1320015236735344,0.4163022165020132,false,0.06789592230571839,0.06794890820368026,0.2107002158452625
joint-e8ffd69e58705acdb563,M1,291302,wrong_object,0,-0.1320015236735344,-0.1320015236735344,0.33944020713287015,false,0.09914335034098584,0.09622106806939823,0.315106531973518
joint-2474a6ed6bbe4f7e1b97,M1,291302,wrong_object,1,-0.0660007618367672,-0.0660007618367672,0.21546115523065,false,0.06326605263350724,0.050187824449619015,0.16841502534424949
joint-1b6c644185589ebc48c8,M1,291302,wrong_object,1,-0.1320015236735344,0.1320015236735344,0.4429521110947744,false,0.08533140707855824,0.0870546479344049,0.2740414631259069
joint-efe7c8a0a11bb35094e0,M1,291302,wrong_object,0,-0.1320015236735344,0.0660007618367672,0.34982793662817746,true,0.06618028146423952,0.06052267084917081,0.2813213683869916
joint-9ea456682d298ae62b43,M1,291302,wrong_object,0,0.1320015236735344,0.1320015236735344,0.4082589371389938,false,0.09606702659637427,0.08765306627353127,0.2837180169788654
joint-7d924a87e8568d82b71b,M1,291302,wrong_object,1,-0.0660007618367672,-0.1320015236735344,0.37974596376744174,false,0.07534990270189673,0.07760967556894843,0.2368775660629753
joint-f012efad790d4bcb5275,M1,291302,wrong_object,1,0.0660007618367672,-0.1320015236735344,0.3271004320845483,true,0.051836772387347074,0.057407186123100556,0.19477857699452808
joint-99a2122f162a74088f58,M1,291302,wrong_object,0,0.1320015236735344,0.0660007618367672,0.2997764536735066,true,0.07413288831700349,0.06814788505247185,0.21567292907577457
joint-ce884c4d333127e8b6dc,M1,291302,wrong_object,0,0.1320015236735344,-0.1320015236735344,0.33290279758799923,false,0.0784226869513835,0.08319430269270983,0.2652700143072546
joint-50af49320c1511a0d6c6,M1,291302,wrong_object,1,0.1320015236735344,0.1320015236735344,0.36462357829070063,false,0.10403488916015591,0.08510373182866271,0.3384711342559431
joint-4664e26abb95085a572a,M1,291302,wrong_object,1,-0.1320015236735344,-0.1320015236735344,0.42561245485434995,false,0.09004610006717957,0.07961333107834564,0.2744276998772778
joint-79aa8ba0c5489ddf2497,M1,291302,wrong_object,1,0.0660007618367672,0.0660007618367672,0.19586458130467696,true,0.04999058403536967,0.05275610140816085,0.16141416969593256
joint-d987f2e8f59153959f0b,M1,291302,wrong_object,0,0.0660007618367672,-0.0660007618367672,0.1860313275344221,true,0.03306046022043408,0.03709203505253145,0.13280752263207884
joint-cb8130fb1c35fd8e7b18,M1,291302,wrong_object,0,0.1320015236735344,0.1320015236735344,0.3599444600964929,false,0.08789240906324179,0.07968225498367312,0.24408861597793735
joint-d18a1d26ca0c2d035ee3,M1,291302,wrong_object,1,-0.0660007618367672,0.0660007618367672,0.20725105300803712,true,0.04710069697941921,0.045548949776931025,0.1552453850970778
joint-da2f34f1c087e97b1afb,M1,291302,wrong_object,0,-0.0660007618367672,0.0660007618367672,0.24849128853495642,true,0.04656707725948725,0.047635401946730035,0.1467561242783644
joint-d61e8bcf8b85f15c898a,M1,291302,wrong_object,1,-0.0660007618367672,-0.0660007618367672,0.16182517310080483,true,0.04652027958044329,0.04849735492647754,0.14881466600630844
joint-4de8fb543630717fe750,M1,291302,wrong_object,1,0.0660007618367672,0.1320015236735344,0.45360451436084276,false,0.08140023250854282,0.07816870847930615,0.22598133734257983
joint-dc3cf8ce3539277e0726,M1,291302,wrong_object,0,-0.0660007618367672,-0.1320015236735344,0.3617474691659172,false,0.09332609948183893,0.0842944282756197,0.3929826708613101
joint-afc74f4446a723051311,M1,291302,wrong_object,0,0.1320015236735344,0.0660007618367672,0.37819630532589804,false,0.0719453213241447,0.0815724644894059,0.25720254428995387
joint-b8e91cf056a2850aa06d,M1,291302,wrong_object,1,0.1320015236735344,0.1320015236735344,0.3391877873882094,false,0.1305827557294549,0.107266609054591,0.3557726570128365
joint-1f313d8436034e3c8a2f,M1,291302,wrong_object,0,0.0660007618367672,-0.0660007618367672,0.1471003494862663,true,0.0413999665228559,0.041666607015222325,0.13827478449873185
joint-86283058a19cd7794f47,M1,291302,wrong_object,1,-0.1320015236735344,0.1320015236735344,0.3008503383845458,true,0.06293563899978696,0.07025377371502554,0.2950146883148098
joint-a5ed81533299a3f553ae,M1,291302,wrong_object,1,0.0660007618367672,0.1320015236735344,0.48419198964208643,false,0.08751704284936476,0.0857003637432571,0.24464582564327506
joint-1b3125f558c72b1ea5e4,M1,291302,wrong_object,1,-0.0660007618367672,0.1320015236735344,0.35240512161095583,true,0.06434263831943288,0.06632938094587704,0.20519049541806286
joint-3dcb938aa6f788013529,M1,291302,wrong_object,0,-0.0660007618367672,-0.0660007618367672,0.10025184604284312,true,0.03269560009968229,0.03483152625761208,0.13733487107118378
joint-f3d0c584cd58125ec9bd,M1,291302,wrong_object,0,-0.0660007618367672,-0.1320015236735344,0.27930890999710695,true,0.05431486121343158,0.05882054249259383,0.2167468024925867
joint-a4fe2bd135f56d3a3b4d,M1,291302,wrong_object,0,-0.1320015236735344,-0.0660007618367672,0.34182144859739944,false,0.06664898756945847,0.07390477276590618,0.24357509737364136
joint-baf9ad5b2a0e2663433b,M1,291302,wrong_object,0,0.1320015236735344,0.1320015236735344,0.40315072442675115,false,0.11594839134944894,0.12542099885653477,0.3516038795770898
joint-63dd4abeb6e1325c7806,M1,291302,wrong_object,0,-0.1320015236735344,0.1320015236735344,0.3972448778570291,false,0.08666378471043619,0.08623718774100297,0.26604003249501107
joint-89a8114aac92bfca40db,M1,291302,wrong_object,0,0.0660007618367672,0.1320015236735344,0.3754939640019117,false,0.07683387222122603,0.0724868715532774,0.23025889257898358
joint-fdd9add87d3e0887f0db,M1,291302,wrong_object,0,-0.0660007618367672,-0.0660007618367672,0.22021414689000612,true,0.048292183773362626,0.05120570006973255,0.14316201792160999
joint-8deb233befdaaa44244e,M1,291302,wrong_object,0,-0.0660007618367672,-0.1320015236735344,0.3623661998078019,false,0.09487603549944879,0.08443680618382353,0.3782120847248672
joint-750a25537e1c577ecb17,M1,291302,wrong_object,0,0.1320015236735344,0.0660007618367672,0.3479846358427912,false,0.07024852028859452,0.06707685164182041,0.25668423922774003
joint-d20c3c92116f8fce3c1e,M1,291302,wrong_object,0,-0.1320015236735344,-0.0660007618367672,0.3468472579606186,true,0.06213089079142021,0.06733902586890218,0.3277379727525297
joint-83912571774477870e69,M1,291302,wrong_object,0,0.1320015236735344,-0.0660007618367672,0.26750015982364067,true,0.05719278196156509,0.06038674027784305,0.19605072760116735
joint-0b091357d2bc89169b82,M1,291302,wrong_object,0,0.1320015236735344,-0.1320015236735344,0.4299342393421876,true,0.10382833757361935,0.08276334693620055,0.2976210410118971
joint-79a2726c7c85c127d89d,M1,291302,wrong_object,0,-0.1320015236735344,-0.1320015236735344,0.2955393179263718,false,0.07315174980534019,0.08611172537236417,0.37519562084191654
joint-ff0e8b614b34aecce4b3,M1,291302,wrong_object,1,0.0660007618367672,0.1320015236735344,0.3058321906757284,true,0.05825895400925304,0.05374814053124858,0.18311940095459736
joint-a6e0056491e5774f3780,M1,291302,wrong_object,0,0.0660007618367672,-0.1320015236735344,0.3876952668742365,true,0.07434145281200426,0.07089916194945231,0.21491935885991537
joint-009541860623d2bb9f1f,M1,291302,wrong_object,0,-0.0660007618367672,0.1320015236735344,0.3730622643847183,true,0.07063825621992392,0.06955657166461725,0.20975271366979106
joint-ffe811f4bd9985f39189,M1,291302,wrong_object,0,-0.0660007618367672,-0.1320015236735344,0.3267973230897335,false,0.07307029620190546,0.07824031193046599,0.23217865055337644
joint-08c462a1ad92c4ade964,M1,291302,wrong_object,0,0.1320015236735344,-0.0660007618367672,0.2406185356192117,true,0.054874256477043554,0.05935344334502257,0.1907080713336328
joint-2ce56f0ea0683dcda2f5,M1,291302,wrong_object,0,-0.1320015236735344,-0.0660007618367672,0.27161454741246194,true,0.051411895320926895,0.052834352583008046,0.28038811547906956
joint-e8e45e1d9d7dc3a06a25,M1,291302,wrong_object,0,0.1320015236735344,-0.1320015236735344,0.32702210524047476,false,0.08562421949317685,0.08629217488398414,0.2787539421377492
joint-cf92d455cc3ba4b96312,M1,291302,wrong_object,1,-0.1320015236735344,0.1320015236735344,0.3576433045786936,false,0.10600441416642191,0.08372980836798122,0.24359478702813536
joint-2a931d7a53cb9c33974d,M1,291302,wrong_vector,0,0.0660007618367672,-0.0660007618367672,0.31154210716861497,true,0.06538383087747761,0.06104570021465529,0.19872523388358845
joint-4352a0ffd3ac22d2f5e6,M1,291302,wrong_vector,1,0.0660007618367672,-0.0660007618367672,0.2957725258078732,true,0.05250087487531772,0.051819947186967946,0.15872295344814524
joint-147f59a58d0ef285e900,M1,291302,wrong_vector,0,0.0660007618367672,-0.1320015236735344,0.4262398660369679,false,0.08854822943740276,0.09533775578114566,0.29253720465603655
joint-d0326bfd1d59b011ffc1,M1,291302,wrong_vector,0,0.1320015236735344,0.0660007618367672,0.1295894188862454,true,0.026395778608564784,0.018313641698133036,0.04355495505911321
joint-b0a6408213b275a6eec4,M1,291302,wrong_vector,0,-0.1320015236735344,0.0660007618367672,0.48398182068328255,false,0.0884987391228213,0.08743404840759628,0.24905100498235785
joint-f16075ae76c562b01afa,M1,291302,wrong_vector,1,0.1320015236735344,0.0660007618367672,0.33324508130148944,true,0.05468484494912269,0.05186565314929607,0.22061945441951736
joint-6c84dffefac07a85efd4,M1,291302,wrong_vector,1,0.1320015236735344,-0.1320015236735344,0.6056486365191428,false,0.10800319685167777,0.1067636993529975,0.3141129795351961
joint-530af393a720d348afb0,M1,291302,wrong_vector,1,0.0660007618367672,0.0660007618367672,0.3149156253132773,true,0.04324251207202114,0.04468673202082696,0.133246261827246
joint-66b0d86cfbc4d904308f,M1,291302,wrong_vector,0,-0.0660007618367672,0.0660007618367672,0.37014621682526316,true,0.06726394843265994,0.06500246993001704,0.18542793407436894
joint-cb84ae0ab47be6c0b097,M1,291302,wrong_vector,0,-0.0660007618367672,0.1320015236735344,0.5738224906695678,false,0.09788321992986686,0.09669457255803299,0.2700352498137558
joint-bd7b1bc3eac5c32be6ce,M1,291302,wrong_vector,0,-0.0660007618367672,-0.0660007618367672,0.18481572847831845,true,0.06717002995992107,0.06177541262868131,0.14670266259151213
joint-f42e2b2aa0bcf1904b2c,M1,291302,wrong_vector,1,0.1320015236735344,0.0660007618367672,0.31251579614701586,true,0.05233233233544501,0.04752290571739974,0.21081804556971032
joint-0cc5980f554a68da719e,M1,291302,wrong_vector,0,0.1320015236735344,0.1320015236735344,0.4098417638615395,false,0.0895051125442235,0.0810335315960502,0.284155790362244
joint-c71196ce6b27a5f15741,M1,291302,wrong_vector,1,-0.0660007618367672,-0.0660007618367672,0.22170235951105907,true,0.02878126517486239,0.03161631766873704,0.09108797328799301
joint-08a29e94c959b15daf6c,M1,291302,wrong_vector,0,-0.1320015236735344,-0.0660007618367672,0.0956133097891531,false,0.0894603683428349,0.057955511271270535,0.0768072036645461
joint-009344968abd7434a0a8,M1,291302,wrong_vector,1,0.1320015236735344,-0.1320015236735344,0.6214517558746933,false,0.10977142333059985,0.10878802069299304,0.3191060201259354
joint-0d9b039cb21daac03d2a,M1,291302,wrong_vector,1,0.0660007618367672,0.0660007618367672,0.27094539818990837,true,0.03519619720349792,0.03909665853319762,0.12152775105830778
joint-96bbd61ef63ebf358d5e,M1,291302,wrong_vector,0,-0.0660007618367672,0.0660007618367672,0.3451463968766317,true,0.06365627460151234,0.06181315228943466,0.17814437164547475
joint-71226efdc82c7b8eb4e1,M1,291302,wrong_vector,1,0.1320015236735344,-0.1320015236735344,0.5951128326208828,false,0.0986467350469129,0.09012958819656422,0.3179976921589077
joint-2b6a5ce6c26b3991652e,M1,291302,wrong_vector,0,0.0660007618367672,-0.1320015236735344,0.4480843050859384,false,0.08092897687273372,0.0786152565947739,0.2430756328613217
joint-c45a492c6ab0e2e5bfbe,M1,291302,wrong_vector,1,0.1320015236735344,-0.0660007618367672,0.4536527819894581,false,0.0771261164173743,0.07133737156376363,0.2843520267375956
joint-b2b2ebaf8b3253aafde3,M1,291302,wrong_vector,0,0.1320015236735344,-0.1320015236735344,0.3591069916742319,false,0.07633097302701343,0.07378531258064175,0.26289783493709235
joint-58d5f239e12552c3626e,M1,291302,wrong_vector,0,-0.1320015236735344,0.1320015236735344,0.4035676313929219,true,0.08486738348082472,0.0858619423047646,0.30093407979275616
joint-fc2b76f0772372bf8c3c,M1,291302,wrong_vector,1,-0.1320015236735344,0.0660007618367672,0.5401146668811821,false,0.09564126492579976,0.10210649409496796,0.32690544853073317
joint-fe2aefddb9b7745686ad,M1,291302,wrong_vector,1,-0.0660007618367672,0.0660007618367672,0.29546669736853765,true,0.08294018005687318,0.061904742574561904,0.14212781139654454
joint-8b6ff975d45da97a4933,M1,291302,wrong_vector,1,0.1320015236735344,-0.1320015236735344,0.5979239768761341,false,0.11176724439556314,0.10971905199523677,0.32020690145332464
joint-175e17d0ef9573bac40e,M1,291302,wrong_vector,0,-0.1320015236735344,0.1320015236735344,0.6822907316584337,false,0.12185511271428547,0.11936656091075475,0.3360248531391724
joint-a3d06b9cb0966439eddd,M1,291302,wrong_vector,1,0.0660007618367672,0.1320015236735344,0.1417003996837511,true,0.030750391529621796,0.03332503151753345,0.13433830081879874
joint-04c90cd2b55e51d7395c,M1,291302,wrong_vector,0,0.0660007618367672,-0.1320015236735344,0.1637586627232059,true,0.04965252616295539,0.05370930251663627,0.164638836964492
joint-03d19206c4766692b70a,M1,291302,wrong_vector,0,-0.0660007618367672,0.0660007618367672,0.33598457596989373,true,0.06174543206202173,0.0611971642943867,0.18049700650075634
joint-f3533a47857412ee6574,M1,291302,wrong_vector,1,-0.0660007618367672,-0.0660007618367672,0.25349596328768065,true,0.03351545258665476,0.035260869590040475,0.10306532115374749
joint-19e423cc276169fd1073,M1,291302,wrong_vector,1,0.1320015236735344,0.0660007618367672,0.17650398991250163,true,0.06900663687466965,0.04657047826517035,0.12885092263097214
joint-ff96f3eeddc533681410,M1,291302,wrong_vector,0,-0.1320015236735344,0.0660007618367672,0.2850059571555052,false,0.12161693458265048,0.09123450033563521,0.2537395464401868
joint-c4e21270ec4d0d7be262,M1,291302,wrong_vector,0,-0.0660007618367672,0.1320015236735344,0.539488414191712,false,0.10080427867727848,0.10019446490615526,0.2708114598488276
joint-f3c2aa3445150de38445,M1,291302,wrong_vector,1,-0.0660007618367672,-0.1320015236735344,0.11061120551654015,true,0.019197696857951346,0.02282230585329577,0.06918840379672514
joint-9b1bd063fe31242ee1d4,M1,291302,wrong_vector,0,-0.1320015236735344,0.0660007618367672,0.5109444263594756,false,0.09305375719452684,0.09140807536668605,0.2607126062855405
joint-dc07119105a4b0f17fef,M1,291302,wrong_vector,0,-0.1320015236735344,-0.1320015236735344,0.6626284328762106,false,0.09606131464167583,0.09921962284143158,0.30528230376080345
joint-e62d176dd1f3b78034aa,M1,291302,wrong_vector,1,0.0660007618367672,0.0660007618367672,0.2824141032579519,true,0.03746864919011633,0.04106828423249299,0.12286833165281698
joint-7fb044ff7f38057c2332,M1,291302,wrong_vector,1,-0.0660007618367672,-0.1320015236735344,0.11072469066578672,true,0.018220090676665697,0.017482182930416944,0.05514848978179711
joint-86e6ae730070eee6983b,M1,291302,wrong_vector,1,0.0660007618367672,-0.0660007618367672,0.24416105746614158,true,0.07600412907484476,0.040386870715391335,0.14224049630848867
joint-9a206f19112cd83d8451,M1,291302,wrong_vector,1,0.1320015236735344,-0.1320015236735344,0.5891560272446088,false,0.10284470973899694,0.10370407122184325,0.30615022002103714
joint-d9be6f5c2e8106f0264a,M1,291302,wrong_vector,1,0.0660007618367672,-0.0660007618367672,0.2993558392407182,true,0.0528379860846953,0.052304422987511694,0.15839511907093345
joint-6f8a92fc80c9c4920afe,M1,291302,wrong_vector,1,0.0660007618367672,-0.0660007618367672,0.3326831934467324,true,0.05186010600433706,0.039412779873720626,0.1510031743960901
joint-2a31fc646bfd539046d7,M1,291302,wrong_vector,1,0.0660007618367672,0.1320015236735344,0.3485033980650426,true,0.053054193771253685,0.05970382722807736,0.22315679177888617
joint-e8ed568644109d3c68dd,M1,291302,wrong_vector,1,0.0660007618367672,0.0660007618367672,0.32508901713470933,true,0.042053736040409566,0.045244373052706496,0.13618125796545583
joint-310c46903e1f1c1d5a60,M1,291302,wrong_vector,0,-0.0660007618367672,0.0660007618367672,0.33766616542330796,true,0.06372332136289637,0.062371017797156814,0.17867795217641255
joint-1285f64b5ffdc41a435d,M1,291302,wrong_vector,0,0.0660007618367672,0.0660007618367672,0.18698472607408492,true,0.03377901813353065,0.03217181336579424,0.13663015190798725
joint-70524fe1e7c2518c400a,M1,291302,wrong_vector,1,0.0660007618367672,-0.1320015236735344,0.438537231488108,false,0.080175334999629,0.0837871032972667,0.2523044081908062
joint-41ae71c0e6c6d51506eb,M1,291302,wrong_vector,0,-0.0660007618367672,-0.0660007618367672,0.23877241617449166,true,0.052497512544035986,0.04485036241208266,0.16499223570226207
joint-f2a415df92c5dbd9c22b,M1,291302,wrong_vector,1,0.1320015236735344,0.0660007618367672,0.2971260509319876,true,0.04986554789947772,0.0449131795648881,0.13167978272247635
joint-05f0f9643ecc833a54a1,M1,291302,wrong_vector,1,0.1320015236735344,-0.1320015236735344,0.6219396533849173,false,0.10913379900579268,0.1071158001357674,0.314403299937615
joint-6731d5008cdff8444b8a,M1,291302,wrong_vector,0,0.0660007618367672,0.1320015236735344,0.2409876182626968,true,0.04636285371283366,0.05156406597550273,0.14765425466482854
joint-cd5d57fb2d2fc404ed88,M1,291302,wrong_vector,1,0.0660007618367672,-0.1320015236735344,0.41966032063083575,false,0.07608090685259607,0.07918762610651882,0.2444123267020386
joint-c73f7954cc710bf9d63c,M1,291302,wrong_vector,0,-0.1320015236735344,0.1320015236735344,0.45199849172117545,false,0.11948255775465931,0.0898991396517934,0.3573104397957368
joint-8c80649d97868318c9fe,M1,291302,wrong_vector,1,-0.0660007618367672,0.1320015236735344,0.46665511456303743,false,0.0862777696446347,0.09224377680215648,0.28116379328346597
joint-e8ffd69e58705acdb563,M1,291302,wrong_vector,0,-0.1320015236735344,-0.1320015236735344,0.4541224029910599,true,0.08949612411721755,0.09721887772897157,0.25773874891818443
joint-2474a6ed6bbe4f7e1b97,M1,291302,wrong_vector,1,-0.0660007618367672,-0.0660007618367672,0.29363364074876885,true,0.05407036207691255,0.043762238926634105,0.16296819483271152
joint-1b6c644185589ebc48c8,M1,291302,wrong_vector,1,-0.1320015236735344,0.1320015236735344,0.6408005736987905,false,0.12096804411050474,0.12798013873100825,0.4030180070761786
joint-efe7c8a0a11bb35094e0,M1,291302,wrong_vector,0,-0.1320015236735344,0.0660007618367672,0.36936881195757193,false,0.07732644497468759,0.07414019936341712,0.2835684384496148
joint-9ea456682d298ae62b43,M1,291302,wrong_vector,0,0.1320015236735344,0.1320015236735344,0.4320466517474622,false,0.10173432879107865,0.08218015444947238,0.2723387021512299
joint-7d924a87e8568d82b71b,M1,291302,wrong_vector,1,-0.0660007618367672,-0.1320015236735344,0.15118037642032334,true,0.02619256244208334,0.029455619533425684,0.09410657741683369
joint-f012efad790d4bcb5275,M1,291302,wrong_vector,1,0.0660007618367672,-0.1320015236735344,0.413465379292333,true,0.06325047796620177,0.05071057144375963,0.18001361192664936
joint-99a2122f162a74088f58,M1,291302,wrong_vector,0,0.1320015236735344,0.0660007618367672,0.0817622739562808,true,0.01963451499077251,0.013781104074793656,0.0354935492345882
joint-ce884c4d333127e8b6dc,M1,291302,wrong_vector,0,0.1320015236735344,-0.1320015236735344,0.6244418115814144,false,0.11354230865659015,0.11344811977411316,0.3484504016377566
joint-50af49320c1511a0d6c6,M1,291302,wrong_vector,1,0.1320015236735344,0.1320015236735344,0.592172505284275,false,0.09612990595837408,0.07999289645696558,0.3028428480382294
joint-4664e26abb95085a572a,M1,291302,wrong_vector,1,-0.1320015236735344,-0.1320015236735344,0.6043234955633668,false,0.08708815489821582,0.07991484844730873,0.29324429599526775
joint-79aa8ba0c5489ddf2497,M1,291302,wrong_vector,1,0.0660007618367672,0.0660007618367672,0.298226582556928,true,0.05256103352458916,0.03858441492268025,0.12643875384977163
joint-d987f2e8f59153959f0b,M1,291302,wrong_vector,0,0.0660007618367672,-0.0660007618367672,0.19385559050665846,true,0.03559691595393962,0.035436602863815704,0.14005727691125747
joint-cb8130fb1c35fd8e7b18,M1,291302,wrong_vector,0,0.1320015236735344,0.1320015236735344,0.6739222058509123,false,0.0957915307100369,0.09418893623232268,0.27514302835391063
joint-d18a1d26ca0c2d035ee3,M1,291302,wrong_vector,1,-0.0660007618367672,0.0660007618367672,0.26211950196077816,true,0.04919501486077024,0.042243640254870235,0.16037141483963746
joint-da2f34f1c087e97b1afb,M1,291302,wrong_vector,0,-0.0660007618367672,0.0660007618367672,0.40440958557432166,false,0.06865965780611825,0.06784554629424044,0.1979911469920664
joint-d61e8bcf8b85f15c898a,M1,291302,wrong_vector,1,-0.0660007618367672,-0.0660007618367672,0.23001857207081158,true,0.030385712831337168,0.03258841010349283,0.09937236634172002
joint-4de8fb543630717fe750,M1,291302,wrong_vector,1,0.0660007618367672,0.1320015236735344,0.1411419382231605,true,0.028941674204579524,0.024976625569357553,0.05444643316572612
joint-dc3cf8ce3539277e0726,M1,291302,wrong_vector,0,-0.0660007618367672,-0.1320015236735344,0.3428104948274863,true,0.08436355082229618,0.0714996426209161,0.21871277770857986
joint-afc74f4446a723051311,M1,291302,wrong_vector,0,0.1320015236735344,0.0660007618367672,0.08769328006374794,false,0.09457783255008523,0.06675072928877301,0.15149288905792055
joint-b8e91cf056a2850aa06d,M1,291302,wrong_vector,1,0.1320015236735344,0.1320015236735344,0.5311490626017726,false,0.14510045868534552,0.10804206501675416,0.2634387008328926
joint-1f313d8436034e3c8a2f,M1,291302,wrong_vector,0,0.0660007618367672,-0.0660007618367672,0.31066052687130924,true,0.0544276099846662,0.0525107014416322,0.16591805985543429
joint-86283058a19cd7794f47,M1,291302,wrong_vector,1,-0.1320015236735344,0.1320015236735344,0.5451653739211413,false,0.08902030455404054,0.07165284496673754,0.29813068861483444
joint-a5ed81533299a3f553ae,M1,291302,wrong_vector,1,0.0660007618367672,0.1320015236735344,0.15986579052846417,true,0.03231324245642904,0.027667440176831273,0.06373123240481873
joint-1b3125f558c72b1ea5e4,M1,291302,wrong_vector,1,-0.0660007618367672,0.1320015236735344,0.4619965114612226,false,0.08037431420436301,0.08510487963495533,0.2629389337186675
joint-3dcb938aa6f788013529,M1,291302,wrong_vector,0,-0.0660007618367672,-0.0660007618367672,0.09476428483487359,true,0.024268025410856674,0.027502136217612872,0.1200635353716402
joint-f3d0c584cd58125ec9bd,M1,291302,wrong_vector,0,-0.0660007618367672,-0.1320015236735344,0.13756374241674163,true,0.02652807388354855,0.026872879783485414,0.12413568525532563
joint-a4fe2bd135f56d3a3b4d,M1,291302,wrong_vector,0,-0.1320015236735344,-0.0660007618367672,0.08227050476446568,false,0.10507717155258978,0.08677928087033744,0.11413072931437264
joint-baf9ad5b2a0e2663433b,M1,291302,wrong_vector,0,0.1320015236735344,0.1320015236735344,0.42777054482608096,false,0.11438773453031911,0.0978012975462663,0.34678975644973264
joint-63dd4abeb6e1325c7806,M1,291302,wrong_vector,0,-0.1320015236735344,0.1320015236735344,0.6995923046566163,false,0.12331497666346344,0.12209307049295706,0.34778844401253334
joint-89a8114aac92bfca40db,M1,291302,wrong_vector,0,0.0660007618367672,0.1320015236735344,0.2118750619936837,true,0.05372601951851663,0.042834885860831506,0.15515580440711382
joint-fdd9add87d3e0887f0db,M1,291302,wrong_vector,0,-0.0660007618367672,-0.0660007618367672,0.25665945677009794,true,0.04086822177912566,0.03988364990446444,0.12201827724088767
joint-8deb233befdaaa44244e,M1,291302,wrong_vector,0,-0.0660007618367672,-0.1320015236735344,0.3329139978095992,true,0.07062277314728163,0.06877237517555747,0.21015490004786508
joint-750a25537e1c577ecb17,M1,291302,wrong_vector,0,0.1320015236735344,0.0660007618367672,0.3360808960006977,true,0.05761774689526688,0.05151016239787404,0.26895286402686414
joint-d20c3c92116f8fce3c1e,M1,291302,wrong_vector,0,-0.1320015236735344,-0.0660007618367672,0.35709874240613665,true,0.06731664476316855,0.056098212844979366,0.2319163599607732
joint-83912571774477870e69,M1,291302,wrong_vector,0,0.1320015236735344,-0.0660007618367672,0.47974357661022504,false,0.0798030947951625,0.0819965746246616,0.25432906997303595
joint-0b091357d2bc89169b82,M1,291302,wrong_vector,0,0.1320015236735344,-0.1320015236735344,0.4356491725147789,false,0.09195921794353071,0.08666599696999194,0.3167493516931517
joint-79a2726c7c85c127d89d,M1,291302,wrong_vector,0,-0.1320015236735344,-0.1320015236735344,0.361106879951958,true,0.07182669917949897,0.07191583036158217,0.30129008446505867
joint-ff0e8b614b34aecce4b3,M1,291302,wrong_vector,1,0.0660007618367672,0.1320015236735344,0.11594828714782779,true,0.029651883705572153,0.033540891329177265,0.12616816365817032
joint-a6e0056491e5774f3780,M1,291302,wrong_vector,0,0.0660007618367672,-0.1320015236735344,0.2947236510538233,true,0.06181448908339351,0.0600146304905052,0.2028030439268484
joint-009541860623d2bb9f1f,M1,291302,wrong_vector,0,-0.0660007618367672,0.1320015236735344,0.528307773583086,false,0.0949501000109242,0.0936278082080031,0.2697034193820348
joint-ffe811f4bd9985f39189,M1,291302,wrong_vector,0,-0.0660007618367672,-0.1320015236735344,0.15576148554404853,true,0.028396053719548172,0.024632975507031658,0.0625056905542854
joint-08c462a1ad92c4ade964,M1,291302,wrong_vector,0,0.1320015236735344,-0.0660007618367672,0.4487873527936685,false,0.07417151593638628,0.07692606035110051,0.23491073677506938
joint-2ce56f0ea0683dcda2f5,M1,291302,wrong_vector,0,-0.1320015236735344,-0.0660007618367672,0.2651061072393959,true,0.045785947812362365,0.044294255046432855,0.17595605171841583
joint-e8e45e1d9d7dc3a06a25,M1,291302,wrong_vector,0,0.1320015236735344,-0.1320015236735344,0.653556175092616,false,0.11423872518720793,0.11461647766492976,0.3485915840511401
joint-cf92d455cc3ba4b96312,M1,291302,wrong_vector,1,-0.1320015236735344,0.1320015236735344,0.5325370380344663,false,0.15496812435915144,0.10866224255587076,0.2569472591256799
joint-2a931d7a53cb9c33974d,M1,291303,sham,0,0.0660007618367672,-0.0660007618367672,0.26907755359356295,true,0.045375333499837,0.04213606115224444,0.16368595240151937
joint-4352a0ffd3ac22d2f5e6,M1,291303,sham,1,0.0660007618367672,-0.0660007618367672,0.19225146402822385,true,0.03377352911408892,0.03608551013633955,0.10879741199528431
joint-147f59a58d0ef285e900,M1,291303,sham,0,0.0660007618367672,-0.1320015236735344,0.35925122023501527,true,0.06522196027465162,0.06355384239098108,0.2689245900252634
joint-d0326bfd1d59b011ffc1,M1,291303,sham,0,0.1320015236735344,0.0660007618367672,0.3376006611421814,true,0.052501184271914365,0.05200280442742913,0.16251794127903094
joint-b0a6408213b275a6eec4,M1,291303,sham,0,-0.1320015236735344,0.0660007618367672,0.32620397910992444,true,0.049499824609048025,0.05024759119129968,0.1574512364412087
joint-f16075ae76c562b01afa,M1,291303,sham,1,0.1320015236735344,0.0660007618367672,0.33313742403837215,true,0.05540520775162062,0.053704651008335214,0.2720731848135103
joint-6c84dffefac07a85efd4,M1,291303,sham,1,0.1320015236735344,-0.1320015236735344,0.42546394548106065,false,0.07326452372712018,0.07058591590274564,0.2096337692396674
joint-530af393a720d348afb0,M1,291303,sham,1,0.0660007618367672,0.0660007618367672,0.1870874108093517,true,0.03171592882194785,0.03137719137957803,0.09340239820547243
joint-66b0d86cfbc4d904308f,M1,291303,sham,0,-0.0660007618367672,0.0660007618367672,0.15653427157405866,true,0.030399123679502794,0.032120182673783915,0.10164621735065912
joint-cb84ae0ab47be6c0b097,M1,291303,sham,0,-0.0660007618367672,0.1320015236735344,0.3899081146663297,false,0.05697823361361759,0.05286736991419104,0.16305707941259254
joint-bd7b1bc3eac5c32be6ce,M1,291303,sham,0,-0.0660007618367672,-0.0660007618367672,0.1260008495901484,true,0.026890312135958282,0.03325201405823388,0.14685088475719643
joint-f42e2b2aa0bcf1904b2c,M1,291303,sham,1,0.1320015236735344,0.0660007618367672,0.3108189205875433,true,0.0548388949830359,0.053841227448911184,0.2713001789640041
joint-0cc5980f554a68da719e,M1,291303,sham,0,0.1320015236735344,0.1320015236735344,0.3566902647581306,true,0.07008617123187463,0.06979554211637287,0.30380784594574434
joint-c71196ce6b27a5f15741,M1,291303,sham,1,-0.0660007618367672,-0.0660007618367672,0.18666641214009164,true,0.030603119340010233,0.03268321336287923,0.09771459647680965
joint-08a29e94c959b15daf6c,M1,291303,sham,0,-0.1320015236735344,-0.0660007618367672,0.3317131277478029,true,0.055264032156968554,0.06018832694194734,0.22009106985782576
joint-009344968abd7434a0a8,M1,291303,sham,1,0.1320015236735344,-0.1320015236735344,0.4100530370267121,false,0.07108103520755187,0.07349805174186405,0.21386456290464048
joint-0d9b039cb21daac03d2a,M1,291303,sham,1,0.0660007618367672,0.0660007618367672,0.19019858877798307,true,0.031045061781740414,0.03206129803173013,0.098315309979283
joint-96bbd61ef63ebf358d5e,M1,291303,sham,0,-0.0660007618367672,0.0660007618367672,0.18455964801698915,true,0.031927587015762746,0.03474904519154695,0.11070707437639064
joint-71226efdc82c7b8eb4e1,M1,291303,sham,1,0.1320015236735344,-0.1320015236735344,0.39068963864225525,false,0.07721640122720722,0.0792837771509461,0.2921018098522394
joint-2b6a5ce6c26b3991652e,M1,291303,sham,0,0.0660007618367672,-0.1320015236735344,0.33002992078773463,true,0.05546715899459789,0.06047901221247075,0.1797622043402711
joint-c45a492c6ab0e2e5bfbe,M1,291303,sham,1,0.1320015236735344,-0.0660007618367672,0.3569029786985451,true,0.05979629149121037,0.05932833678891571,0.2779549296030468
joint-b2b2ebaf8b3253aafde3,M1,291303,sham,0,0.1320015236735344,-0.1320015236735344,0.3816201044338583,true,0.07349551941930134,0.07517414447807036,0.26585596265791145
joint-58d5f239e12552c3626e,M1,291303,sham,0,-0.1320015236735344,0.1320015236735344,0.31963394486582,true,0.06362621660995217,0.06587214845284887,0.2996892421754511
joint-fc2b76f0772372bf8c3c,M1,291303,sham,1,-0.1320015236735344,0.0660007618367672,0.31378213562229484,true,0.050351603126782156,0.04772726741835956,0.14983604272604042
joint-fe2aefddb9b7745686ad,M1,291303,sham,1,-0.0660007618367672,0.0660007618367672,0.11057470286211275,true,0.023053516183099577,0.024926816041407833,0.12772582228169518
joint-8b6ff975d45da97a4933,M1,291303,sham,1,0.1320015236735344,-0.1320015236735344,0.4480339136091467,false,0.07364831691416034,0.07789096668230229,0.2273831966087706
joint-175e17d0ef9573bac40e,M1,291303,sham,0,-0.1320015236735344,0.1320015236735344,0.33565757173166,true,0.06592379885123026,0.06410581168093922,0.19704032126282217
joint-a3d06b9cb0966439eddd,M1,291303,sham,1,0.0660007618367672,0.1320015236735344,0.3977386281327052,true,0.05731093943649357,0.0615033213508626,0.2087336209974344
joint-04c90cd2b55e51d7395c,M1,291303,sham,0,0.0660007618367672,-0.1320015236735344,0.3283830389452838,true,0.0506044418908677,0.05537048494361476,0.19554288115541174
joint-03d19206c4766692b70a,M1,291303,sham,0,-0.0660007618367672,0.0660007618367672,0.2000766472718617,true,0.03634230064812332,0.036419116286577576,0.11326277435466436
joint-f3533a47857412ee6574,M1,291303,sham,1,-0.0660007618367672,-0.0660007618367672,0.19743092623983774,true,0.03017872945031743,0.03419032649354269,0.09880329769569401
joint-19e423cc276169fd1073,M1,291303,sham,1,0.1320015236735344,0.0660007618367672,0.3516603488895604,true,0.05457904383042112,0.057502550218251236,0.23443318148083067
joint-ff96f3eeddc533681410,M1,291303,sham,0,-0.1320015236735344,0.0660007618367672,0.27527654100298793,true,0.061366420288681583,0.06118483706568606,0.19693913258629708
joint-c4e21270ec4d0d7be262,M1,291303,sham,0,-0.0660007618367672,0.1320015236735344,0.31484114034390615,true,0.048948774115702996,0.046309602885730466,0.1447725672025998
joint-f3c2aa3445150de38445,M1,291303,sham,1,-0.0660007618367672,-0.1320015236735344,0.3735972759123726,true,0.05288564563918528,0.05747594800137097,0.1706740838580064
joint-9b1bd063fe31242ee1d4,M1,291303,sham,0,-0.1320015236735344,0.0660007618367672,0.33415854578479093,true,0.052565443098854484,0.052621036349546346,0.16182881455881748
joint-dc07119105a4b0f17fef,M1,291303,sham,0,-0.1320015236735344,-0.1320015236735344,0.4001532844199852,false,0.07150043512207245,0.07285982457132699,0.22210436175067755
joint-e62d176dd1f3b78034aa,M1,291303,sham,1,0.0660007618367672,0.0660007618367672,0.19233912754216048,true,0.03257100338561184,0.03374151150483585,0.10282719815901
joint-7fb044ff7f38057c2332,M1,291303,sham,1,-0.0660007618367672,-0.1320015236735344,0.3924542598326685,false,0.05555566938176642,0.05673945070228746,0.17094593210001222
joint-86e6ae730070eee6983b,M1,291303,sham,1,0.0660007618367672,-0.0660007618367672,0.1872619697095598,true,0.030643069881900308,0.034295464303441936,0.14308763505729852
joint-9a206f19112cd83d8451,M1,291303,sham,1,0.1320015236735344,-0.1320015236735344,0.36767251820317454,true,0.06632410443412938,0.0652778588427338,0.1901222305031116
joint-d9be6f5c2e8106f0264a,M1,291303,sham,1,0.0660007618367672,-0.0660007618367672,0.19463311126312785,true,0.0350502406175593,0.035821365057521475,0.1000225522110941
joint-6f8a92fc80c9c4920afe,M1,291303,sham,1,0.0660007618367672,-0.0660007618367672,0.2111498856452172,true,0.03763066683172101,0.031544202350730355,0.14224315788073316
joint-2a31fc646bfd539046d7,M1,291303,sham,1,0.0660007618367672,0.1320015236735344,0.3160711540081655,true,0.05049631591808176,0.05036964850783202,0.2793775601216833
joint-e8ed568644109d3c68dd,M1,291303,sham,1,0.0660007618367672,0.0660007618367672,0.2114166694492809,true,0.0369182301664835,0.03742939869910188,0.11582073723914511
joint-310c46903e1f1c1d5a60,M1,291303,sham,0,-0.0660007618367672,0.0660007618367672,0.19160136609932601,true,0.03106744119755104,0.038067098658621436,0.1183732258775625
joint-1285f64b5ffdc41a435d,M1,291303,sham,0,0.0660007618367672,0.0660007618367672,0.24514065965181478,true,0.04393823502916332,0.03993034028466348,0.14984281628745857
joint-70524fe1e7c2518c400a,M1,291303,sham,1,0.0660007618367672,-0.1320015236735344,0.40916160597363943,false,0.05959662692175672,0.06051109777466925,0.17269172897886917
joint-41ae71c0e6c6d51506eb,M1,291303,sham,0,-0.0660007618367672,-0.0660007618367672,0.22653876261549669,true,0.039860713617251624,0.03793087406123689,0.16235508742274107
joint-f2a415df92c5dbd9c22b,M1,291303,sham,1,0.1320015236735344,0.0660007618367672,0.34762154668735723,true,0.05579096342777547,0.056761384041982776,0.17108110659671094
joint-05f0f9643ecc833a54a1,M1,291303,sham,1,0.1320015236735344,-0.1320015236735344,0.38116313299449195,true,0.06865936713215942,0.07027896624834509,0.2107717684745486
joint-6731d5008cdff8444b8a,M1,291303,sham,0,0.0660007618367672,0.1320015236735344,0.29223316138147665,true,0.04714620876189807,0.04759278273939279,0.14710663256059728
joint-cd5d57fb2d2fc404ed88,M1,291303,sham,1,0.0660007618367672,-0.1320015236735344,0.3739415627853346,true,0.055314638014231185,0.057115574467673604,0.1734141876608214
joint-c73f7954cc710bf9d63c,M1,291303,sham,0,-0.1320015236735344,0.1320015236735344,0.3359710806775695,true,0.06248865428970366,0.06250790698777225,0.2914858561252496
joint-8c80649d97868318c9fe,M1,291303,sham,1,-0.0660007618367672,0.1320015236735344,0.35744098866858726,true,0.050551538039759425,0.05095367412102537,0.16152979601919815
joint-e8ffd69e58705acdb563,M1,291303,sham,0,-0.1320015236735344,-0.1320015236735344,0.3936079916129206,true,0.0679007146620115,0.07210066913636405,0.23422775171745766
joint-2474a6ed6bbe4f7e1b97,M1,291303,sham,1,-0.0660007618367672,-0.0660007618367672,0.2161932065943371,true,0.03858209866271597,0.04112114001792955,0.15262774564330175
joint-1b6c644185589ebc48c8,M1,291303,sham,1,-0.1320015236735344,0.1320015236735344,0.3955180256949155,false,0.06626455015770219,0.06630394207517738,0.20182618054924095
joint-efe7c8a0a11bb35094e0,M1,291303,sham,0,-0.1320015236735344,0.0660007618367672,0.35750681239181936,true,0.05619394551084484,0.05604854814601785,0.27457212600483233
joint-9ea456682d298ae62b43,M1,291303,sham,0,0.1320015236735344,0.1320015236735344,0.3664512943684361,false,0.07370210795426697,0.07487896655902322,0.2871814801040345
joint-7d924a87e8568d82b71b,M1,291303,sham,1,-0.0660007618367672,-0.1320015236735344,0.42132221646171325,false,0.056476504976619865,0.05885457859775161,0.17196363316911054
joint-f012efad790d4bcb5275,M1,291303,sham,1,0.0660007618367672,-0.1320015236735344,0.3219596589384941,true,0.04817683810407571,0.05033511883211653,0.19026881982337926
joint-99a2122f162a74088f58,M1,291303,sham,0,0.1320015236735344,0.0660007618367672,0.37015435067298774,true,0.05944813082731797,0.06172908260416805,0.1876317868550225
joint-ce884c4d333127e8b6dc,M1,291303,sham,0,0.1320015236735344,-0.1320015236735344,0.3723111437850373,false,0.06892560016585315,0.07986027884965766,0.23824444868620406
joint-50af49320c1511a0d6c6,M1,291303,sham,1,0.1320015236735344,0.1320015236735344,0.3861326164455549,true,0.07132460041277067,0.07288757117316066,0.3166172323419493
joint-4664e26abb95085a572a,M1,291303,sham,1,-0.1320015236735344,-0.1320015236735344,0.4426172362011627,true,0.07018295668353168,0.07071875001690488,0.28352758503342096
joint-79aa8ba0c5489ddf2497,M1,291303,sham,1,0.0660007618367672,0.0660007618367672,0.2041572014471641,true,0.042344559267320864,0.04222033157884436,0.15828057281101865
joint-d987f2e8f59153959f0b,M1,291303,sham,0,0.0660007618367672,-0.0660007618367672,0.18955792164327595,true,0.0394559116305628,0.040614571692581945,0.15151661375837994
joint-cb8130fb1c35fd8e7b18,M1,291303,sham,0,0.1320015236735344,0.1320015236735344,0.3397167275733389,true,0.0652688123783177,0.067820608930086,0.2034579741746144
joint-d18a1d26ca0c2d035ee3,M1,291303,sham,1,-0.0660007618367672,0.0660007618367672,0.2105093493494676,true,0.03863430380053963,0.03983089094116483,0.15731170824640558
joint-da2f34f1c087e97b1afb,M1,291303,sham,0,-0.0660007618367672,0.0660007618367672,0.2163317978443365,true,0.03648030963629088,0.03382788912273277,0.10531452957849016
joint-d61e8bcf8b85f15c898a,M1,291303,sham,1,-0.0660007618367672,-0.0660007618367672,0.1819641081293925,true,0.03220399570094503,0.03501229076864259,0.10312868880767333
joint-4de8fb543630717fe750,M1,291303,sham,1,0.0660007618367672,0.1320015236735344,0.34870504764032767,true,0.05032602962930053,0.05092576666135584,0.15623852379913333
joint-dc3cf8ce3539277e0726,M1,291303,sham,0,-0.0660007618367672,-0.1320015236735344,0.38466749350029994,true,0.062108974847888715,0.061374743145111536,0.29047848326035247
joint-afc74f4446a723051311,M1,291303,sham,0,0.1320015236735344,0.0660007618367672,0.3752236316639615,true,0.060792151036785015,0.05764381711899429,0.19596427307014694
joint-b8e91cf056a2850aa06d,M1,291303,sham,1,0.1320015236735344,0.1320015236735344,0.40489727134717945,true,0.06459697174876972,0.06731480700407731,0.3033196543694568
joint-1f313d8436034e3c8a2f,M1,291303,sham,0,0.0660007618367672,-0.0660007618367672,0.17382058090262767,true,0.034589033666622526,0.039370128615216986,0.1165859626400585
joint-86283058a19cd7794f47,M1,291303,sham,1,-0.1320015236735344,0.1320015236735344,0.33356850254863474,true,0.06295221717349611,0.06421518718666504,0.29582340498663
joint-a5ed81533299a3f553ae,M1,291303,sham,1,0.0660007618367672,0.1320015236735344,0.41719531339213906,false,0.05905127237685724,0.05905529110576096,0.17979218637795216
joint-1b3125f558c72b1ea5e4,M1,291303,sham,1,-0.0660007618367672,0.1320015236735344,0.27200049773345414,true,0.04086446152322435,0.04565600924601306,0.15034321771676804
joint-3dcb938aa6f788013529,M1,291303,sham,0,-0.0660007618367672,-0.0660007618367672,0.17246170071328218,true,0.03401469229514315,0.034815089261774165,0.14029518710621078
joint-f3d0c584cd58125ec9bd,M1,291303,sham,0,-0.0660007618367672,-0.1320015236735344,0.27294726721037565,true,0.0448475557965532,0.05051780872193516,0.19292714875200512
joint-a4fe2bd135f56d3a3b4d,M1,291303,sham,0,-0.1320015236735344,-0.0660007618367672,0.30820311184892885,true,0.05603865857277992,0.0571491869378848,0.20445869094215247
joint-baf9ad5b2a0e2663433b,M1,291303,sham,0,0.1320015236735344,0.1320015236735344,0.3739886371854499,true,0.07213590459271105,0.07035225860365849,0.3026922089903891
joint-63dd4abeb6e1325c7806,M1,291303,sham,0,-0.1320015236735344,0.1320015236735344,0.37224042008962704,true,0.06998926376999182,0.06679798544809307,0.20368574750562762
joint-89a8114aac92bfca40db,M1,291303,sham,0,0.0660007618367672,0.1320015236735344,0.36871666621159427,true,0.06602990820637886,0.061908353647250204,0.20530950291084973
joint-fdd9add87d3e0887f0db,M1,291303,sham,0,-0.0660007618367672,-0.0660007618367672,0.1588524063156305,true,0.031108007078328618,0.03088318900673315,0.08997395972933922
joint-8deb233befdaaa44244e,M1,291303,sham,0,-0.0660007618367672,-0.1320015236735344,0.39975469811007114,true,0.058308371913489504,0.06437384435539166,0.29194902649091337
joint-750a25537e1c577ecb17,M1,291303,sham,0,0.1320015236735344,0.0660007618367672,0.3538596428857792,true,0.05631473988362056,0.05832484863202667,0.26694763187897774
joint-d20c3c92116f8fce3c1e,M1,291303,sham,0,-0.1320015236735344,-0.0660007618367672,0.35390793234099166,true,0.058388012310778184,0.05941569759970536,0.2911094095428524
joint-83912571774477870e69,M1,291303,sham,0,0.1320015236735344,-0.0660007618367672,0.32124206155083906,true,0.055761677675979275,0.05586038216571644,0.16968500196960476
joint-0b091357d2bc89169b82,M1,291303,sham,0,0.1320015236735344,-0.1320015236735344,0.3901385610383563,false,0.0788919071904546,0.08315624300099811,0.3155013222656887
joint-79a2726c7c85c127d89d,M1,291303,sham,0,-0.1320015236735344,-0.1320015236735344,0.4165335281089569,true,0.07405873529525855,0.07831758161240844,0.32972201491696124
joint-ff0e8b614b34aecce4b3,M1,291303,sham,1,0.0660007618367672,0.1320015236735344,0.3250826869539073,true,0.045787945850806235,0.05030325445412688,0.17975176689320638
joint-a6e0056491e5774f3780,M1,291303,sham,0,0.0660007618367672,-0.1320015236735344,0.46903223004031047,false,0.07458937578935149,0.08116099992863093,0.25787420149329565
joint-009541860623d2bb9f1f,M1,291303,sham,0,-0.0660007618367672,0.1320015236735344,0.34213082628814884,true,0.05621448292194351,0.054968054948797855,0.16093820214690413
joint-ffe811f4bd9985f39189,M1,291303,sham,0,-0.0660007618367672,-0.1320015236735344,0.3309211042749369,true,0.05202193057717556,0.05551936483715257,0.16675334399168165
joint-08c462a1ad92c4ade964,M1,291303,sham,0,0.1320015236735344,-0.0660007618367672,0.31842441075241273,true,0.05271433419926014,0.05449773291499366,0.16496504435192966
joint-2ce56f0ea0683dcda2f5,M1,291303,sham,0,-0.1320015236735344,-0.0660007618367672,0.2851331674281212,true,0.054633043941419726,0.05586718500315254,0.2584864397246821
joint-e8e45e1d9d7dc3a06a25,M1,291303,sham,0,0.1320015236735344,-0.1320015236735344,0.3507735156118456,true,0.06576002674585814,0.06657135066988036,0.20062838141889636
joint-cf92d455cc3ba4b96312,M1,291303,sham,1,-0.1320015236735344,0.1320015236735344,0.3964737997041665,true,0.0669994192408002,0.06811170639076908,0.2720985823496928
joint-2a931d7a53cb9c33974d,M1,291303,random,0,0.0660007618367672,-0.0660007618367672,0.2981360946047309,true,0.05239287305348552,0.04851638805790502,0.1688469387685258
joint-4352a0ffd3ac22d2f5e6,M1,291303,random,1,0.0660007618367672,-0.0660007618367672,0.22280514364025153,true,0.038203081927547684,0.0366898753757327,0.1056502085729259
joint-147f59a58d0ef285e900,M1,291303,random,0,0.0660007618367672,-0.1320015236735344,0.3694501638605968,true,0.06954514203652332,0.06625393495639195,0.283146602861339
joint-d0326bfd1d59b011ffc1,M1,291303,random,0,0.1320015236735344,0.0660007618367672,0.3304166503788865,true,0.05849247294140658,0.05716077420245402,0.18234208843452138
joint-b0a6408213b275a6eec4,M1,291303,random,0,-0.1320015236735344,0.0660007618367672,0.33319242313864045,true,0.0521758433806368,0.05573829894382691,0.16956996546502892
joint-f16075ae76c562b01afa,M1,291303,random,1,0.1320015236735344,0.0660007618367672,0.34002261734023775,true,0.0779303411011625,0.06129922830940531,0.280020363384209
joint-6c84dffefac07a85efd4,M1,291303,random,1,0.1320015236735344,-0.1320015236735344,0.3876757229538241,true,0.06978136684823377,0.06850440627239825,0.20698856650966016
joint-530af393a720d348afb0,M1,291303,random,1,0.0660007618367672,0.0660007618367672,0.19784489475833617,true,0.03938039120537194,0.038159163437504674,0.0914042391970214
joint-66b0d86cfbc4d904308f,M1,291303,random,0,-0.0660007618367672,0.0660007618367672,0.1603349815351605,true,0.03085735490276599,0.03273715451413487,0.09897615318802719
joint-cb84ae0ab47be6c0b097,M1,291303,random,0,-0.0660007618367672,0.1320015236735344,0.4052075945221248,false,0.05902545560136137,0.05436987969781843,0.1749512662891566
joint-bd7b1bc3eac5c32be6ce,M1,291303,random,0,-0.0660007618367672,-0.0660007618367672,0.12473112315325169,true,0.03370764485771324,0.04847715890504491,0.14148416409214754
joint-f42e2b2aa0bcf1904b2c,M1,291303,random,1,0.1320015236735344,0.0660007618367672,0.3000103730880851,true,0.05727213151200855,0.05819246523056448,0.28441712430370714
joint-0cc5980f554a68da719e,M1,291303,random,0,0.1320015236735344,0.1320015236735344,0.34931454152222313,true,0.06573426388004051,0.06539116291749494,0.28990657488686167
joint-c71196ce6b27a5f15741,M1,291303,random,1,-0.0660007618367672,-0.0660007618367672,0.16283440586053097,true,0.02975892622460652,0.0320931143573992,0.09782140384073594
joint-08a29e94c959b15daf6c,M1,291303,random,0,-0.1320015236735344,-0.0660007618367672,0.3152335636270565,true,0.05895619369461685,0.059057673733127425,0.2329076919107197
joint-009344968abd7434a0a8,M1,291303,random,1,0.1320015236735344,-0.1320015236735344,0.41540058219698994,false,0.07254075295143102,0.07022991987927911,0.20620265908790816
joint-0d9b039cb21daac03d2a,M1,291303,random,1,0.0660007618367672,0.0660007618367672,0.18060720053602403,true,0.034126690209759517,0.03471171942461123,0.1056232986409238
joint-96bbd61ef63ebf358d5e,M1,291303,random,0,-0.0660007618367672,0.0660007618367672,0.17260515421563732,true,0.032025840758834606,0.03690054013332814,0.11192242247547202
joint-71226efdc82c7b8eb4e1,M1,291303,random,1,0.1320015236735344,-0.1320015236735344,0.39004486738561417,false,0.07566341039962284,0.07822008985392341,0.29435731275393884
joint-2b6a5ce6c26b3991652e,M1,291303,random,0,0.0660007618367672,-0.1320015236735344,0.3163563385451989,true,0.054882604212224684,0.05985785199635611,0.17698545249971998
joint-c45a492c6ab0e2e5bfbe,M1,291303,random,1,0.1320015236735344,-0.0660007618367672,0.35658725843468825,true,0.0592435525894377,0.06532236239991625,0.29944399635680186
joint-b2b2ebaf8b3253aafde3,M1,291303,random,0,0.1320015236735344,-0.1320015236735344,0.38257268199740874,true,0.07200471228033614,0.07712982256863404,0.28400480665220273
joint-58d5f239e12552c3626e,M1,291303,random,0,-0.1320015236735344,0.1320015236735344,0.321830392403869,true,0.06359664368979501,0.06832615900137333,0.29541503160709454
joint-fc2b76f0772372bf8c3c,M1,291303,random,1,-0.1320015236735344,0.0660007618367672,0.30924918844174887,true,0.05808547827514518,0.05828038066721651,0.16338497475565741
joint-fe2aefddb9b7745686ad,M1,291303,random,1,-0.0660007618367672,0.0660007618367672,0.11130108069766194,true,0.024439762476629892,0.027037602226505208,0.1276994362423926
joint-8b6ff975d45da97a4933,M1,291303,random,1,0.1320015236735344,-0.1320015236735344,0.4378845931331329,false,0.0734571419607827,0.07611851323501628,0.22980601582793014
joint-175e17d0ef9573bac40e,M1,291303,random,0,-0.1320015236735344,0.1320015236735344,0.3353481303809017,true,0.06538671444454756,0.06439556675295639,0.20197386973788048
joint-a3d06b9cb0966439eddd,M1,291303,random,1,0.0660007618367672,0.1320015236735344,0.402362283811532,true,0.06546633598970346,0.0732411916444325,0.20586617567924795
joint-04c90cd2b55e51d7395c,M1,291303,random,0,0.0660007618367672,-0.1320015236735344,0.31754287885976185,true,0.053522429973384675,0.06392925073018381,0.19766565679570566
joint-03d19206c4766692b70a,M1,291303,random,0,-0.0660007618367672,0.0660007618367672,0.20096486935403932,true,0.03676098914333579,0.03486676020959942,0.1035987412816056
joint-f3533a47857412ee6574,M1,291303,random,1,-0.0660007618367672,-0.0660007618367672,0.18958456302092924,true,0.03170778281301317,0.032737250398995506,0.0870852657020459
joint-19e423cc276169fd1073,M1,291303,random,1,0.1320015236735344,0.0660007618367672,0.3612017945738799,true,0.06467888310465943,0.06527621949388317,0.25103182161757015
joint-ff96f3eeddc533681410,M1,291303,random,0,-0.1320015236735344,0.0660007618367672,0.2673843466635954,true,0.06062908804201451,0.059290716257603515,0.19387531065294777
joint-c4e21270ec4d0d7be262,M1,291303,random,0,-0.0660007618367672,0.1320015236735344,0.30047574379894115,true,0.04608926384701156,0.04469485374785876,0.1368269929862768
joint-f3c2aa3445150de38445,M1,291303,random,1,-0.0660007618367672,-0.1320015236735344,0.3199274210254906,true,0.06606181930703803,0.0618284204977253,0.14647569727508836
joint-9b1bd063fe31242ee1d4,M1,291303,random,0,-0.1320015236735344,0.0660007618367672,0.3400179504788576,true,0.0528100388404529,0.05026887037667199,0.15276499957853854
joint-dc07119105a4b0f17fef,M1,291303,random,0,-0.1320015236735344,-0.1320015236735344,0.45400432868694995,false,0.09257375486326035,0.07386507447750923,0.23052096645303816
joint-e62d176dd1f3b78034aa,M1,291303,random,1,0.0660007618367672,0.0660007618367672,0.19471688204393867,true,0.03668927641567981,0.03630982371467826,0.11114097212319451
joint-7fb044ff7f38057c2332,M1,291303,random,1,-0.0660007618367672,-0.1320015236735344,0.39415986874547354,false,0.06438434297565408,0.06340802576019705,0.18617637408212023
joint-86e6ae730070eee6983b,M1,291303,random,1,0.0660007618367672,-0.0660007618367672,0.1862780222311472,true,0.033593658067592846,0.036441749928598936,0.14072139011364984
joint-9a206f19112cd83d8451,M1,291303,random,1,0.1320015236735344,-0.1320015236735344,0.34177885116365886,true,0.06282495228287359,0.06306814339749744,0.18486614895916012
joint-d9be6f5c2e8106f0264a,M1,291303,random,1,0.0660007618367672,-0.0660007618367672,0.19448605949726008,true,0.03501317187924841,0.03750453498975947,0.10191879938109522
joint-6f8a92fc80c9c4920afe,M1,291303,random,1,0.0660007618367672,-0.0660007618367672,0.21786312567760255,true,0.03739199911566489,0.03345757765900931,0.14090528519575105
joint-2a31fc646bfd539046d7,M1,291303,random,1,0.0660007618367672,0.1320015236735344,0.3116218073539888,true,0.05576957656725808,0.06496497414841038,0.3105134775692392
joint-e8ed568644109d3c68dd,M1,291303,random,1,0.0660007618367672,0.0660007618367672,0.19973153050210546,true,0.04821463097121062,0.04424807405947102,0.13358277206115612
joint-310c46903e1f1c1d5a60,M1,291303,random,0,-0.0660007618367672,0.0660007618367672,0.20789618506716823,true,0.03336988462556027,0.03941665390048303,0.11971215574238936
joint-1285f64b5ffdc41a435d,M1,291303,random,0,0.0660007618367672,0.0660007618367672,0.1877075979478646,true,0.035253331833636777,0.03761296144356681,0.14511351191450073
joint-70524fe1e7c2518c400a,M1,291303,random,1,0.0660007618367672,-0.1320015236735344,0.4200440613367493,false,0.061129865558875576,0.06050644090570724,0.17173046171539502
joint-41ae71c0e6c6d51506eb,M1,291303,random,0,-0.0660007618367672,-0.0660007618367672,0.21798704296653754,true,0.04037601024192498,0.04332106635477183,0.16893658105324966
joint-f2a415df92c5dbd9c22b,M1,291303,random,1,0.1320015236735344,0.0660007618367672,0.31665405121602963,true,0.06756291149336052,0.06754140474886584,0.1712553183104555
joint-05f0f9643ecc833a54a1,M1,291303,random,1,0.1320015236735344,-0.1320015236735344,0.37995727519763517,true,0.06823219385837241,0.07392271643991577,0.2135617585175423
joint-6731d5008cdff8444b8a,M1,291303,random,0,0.0660007618367672,0.1320015236735344,0.33280485700885876,true,0.05378462718804257,0.053295985066509274,0.14441726384273443
joint-cd5d57fb2d2fc404ed88,M1,291303,random,1,0.0660007618367672,-0.1320015236735344,0.37781221847020635,true,0.05603119929492842,0.05743124537224246,0.17246895905806894
joint-c73f7954cc710bf9d63c,M1,291303,random,0,-0.1320015236735344,0.1320015236735344,0.33087430792324357,true,0.060891954891659335,0.06089666205592049,0.29752376227728944
joint-8c80649d97868318c9fe,M1,291303,random,1,-0.0660007618367672,0.1320015236735344,0.3693190315465187,true,0.051653671572110524,0.050930374563482955,0.1647369676960471
joint-e8ffd69e58705acdb563,M1,291303,random,0,-0.1320015236735344,-0.1320015236735344,0.4076762826447589,false,0.11915107840358283,0.11109368905101032,0.23553514469156883
joint-2474a6ed6bbe4f7e1b97,M1,291303,random,1,-0.0660007618367672,-0.0660007618367672,0.22497432053368394,true,0.03971232344886282,0.048640446207531475,0.1688953910695002
joint-1b6c644185589ebc48c8,M1,291303,random,1,-0.1320015236735344,0.1320015236735344,0.391291214048078,false,0.06591025141859733,0.06765642296265982,0.2074632695335405
joint-efe7c8a0a11bb35094e0,M1,291303,random,0,-0.1320015236735344,0.0660007618367672,0.3609367349397203,true,0.05783037372753061,0.05622152297077234,0.2706018142203985
joint-9ea456682d298ae62b43,M1,291303,random,0,0.1320015236735344,0.1320015236735344,0.37798458033922966,true,0.0739060369937829,0.07977172127921896,0.30229873104545457
joint-7d924a87e8568d82b71b,M1,291303,random,1,-0.0660007618367672,-0.1320015236735344,0.4806682861694617,false,0.06485823827290649,0.05491379983236637,0.16596631299141318
joint-f012efad790d4bcb5275,M1,291303,random,1,0.0660007618367672,-0.1320015236735344,0.31450482989596784,true,0.048052109535291564,0.05182142466185687,0.19001268761579881
joint-99a2122f162a74088f58,M1,291303,random,0,0.1320015236735344,0.0660007618367672,0.40753613334018396,false,0.07658667003444213,0.061340488367059354,0.1850238035765757
joint-ce884c4d333127e8b6dc,M1,291303,random,0,0.1320015236735344,-0.1320015236735344,0.37929528882925245,false,0.07018512384864155,0.07696410736984685,0.23629593911723362
joint-50af49320c1511a0d6c6,M1,291303,random,1,0.1320015236735344,0.1320015236735344,0.3640885947210781,true,0.06843510628985042,0.06935360256275731,0.3156616003014726
joint-4664e26abb95085a572a,M1,291303,random,1,-0.1320015236735344,-0.1320015236735344,0.5754907297420702,false,0.0912402934083958,0.07551970364890863,0.28883173219636127
joint-79aa8ba0c5489ddf2497,M1,291303,random,1,0.0660007618367672,0.0660007618367672,0.19750513928055605,true,0.0421112467189533,0.04801470434841233,0.15095186952014103
joint-d987f2e8f59153959f0b,M1,291303,random,0,0.0660007618367672,-0.0660007618367672,0.18820916725187956,true,0.038347276147532805,0.04159203391987688,0.15355348134806907
joint-cb8130fb1c35fd8e7b18,M1,291303,random,0,0.1320015236735344,0.1320015236735344,0.38364553872973056,false,0.07601566353296124,0.08163121579818712,0.20494607680955565
joint-d18a1d26ca0c2d035ee3,M1,291303,random,1,-0.0660007618367672,0.0660007618367672,0.21086965719829084,true,0.03762639495316832,0.04216704279912705,0.15830273101639736
joint-da2f34f1c087e97b1afb,M1,291303,random,0,-0.0660007618367672,0.0660007618367672,0.22365987462856807,true,0.03769482376902354,0.03387521233124716,0.10361321244696733
joint-d61e8bcf8b85f15c898a,M1,291303,random,1,-0.0660007618367672,-0.0660007618367672,0.20622346408197842,true,0.03435194295079299,0.043348336847930755,0.1072113545036818
joint-4de8fb543630717fe750,M1,291303,random,1,0.0660007618367672,0.1320015236735344,0.42473489189474484,false,0.06496854462055357,0.057019893780129095,0.16432502454996437
joint-dc3cf8ce3539277e0726,M1,291303,random,0,-0.0660007618367672,-0.1320015236735344,0.37301957364308425,true,0.06114986272369971,0.06941792586535657,0.31216949663418564
joint-afc74f4446a723051311,M1,291303,random,0,0.1320015236735344,0.0660007618367672,0.35350064061974446,true,0.058574252236866256,0.06151766328028268,0.19060239409428803
joint-b8e91cf056a2850aa06d,M1,291303,random,1,0.1320015236735344,0.1320015236735344,0.42484637803952763,false,0.08890976141066034,0.0772010956691632,0.29477026251541594
joint-1f313d8436034e3c8a2f,M1,291303,random,0,0.0660007618367672,-0.0660007618367672,0.17230956505164402,true,0.034372771421874934,0.04062629279065596,0.11718395336038352
joint-86283058a19cd7794f47,M1,291303,random,1,-0.1320015236735344,0.1320015236735344,0.35432420754212335,true,0.06631628603068114,0.06809866828838396,0.29827481100732584
joint-a5ed81533299a3f553ae,M1,291303,random,1,0.0660007618367672,0.1320015236735344,0.36985343207317267,true,0.06078192687323362,0.0582584506976368,0.14646850439703968
joint-1b3125f558c72b1ea5e4,M1,291303,random,1,-0.0660007618367672,0.1320015236735344,0.2688009661513745,true,0.041025268587466704,0.04179689856485396,0.1431207112959678
joint-3dcb938aa6f788013529,M1,291303,random,0,-0.0660007618367672,-0.0660007618367672,0.18623925372907635,true,0.04732984344686888,0.03967083583456887,0.14364384623375245
joint-f3d0c584cd58125ec9bd,M1,291303,random,0,-0.0660007618367672,-0.1320015236735344,0.3392912267085923,true,0.06938945227596069,0.06943041440685317,0.18315792784393653
joint-a4fe2bd135f56d3a3b4d,M1,291303,random,0,-0.1320015236735344,-0.0660007618367672,0.385687545240161,true,0.06905375265631229,0.07003689728897933,0.2150770123918381
joint-baf9ad5b2a0e2663433b,M1,291303,random,0,0.1320015236735344,0.1320015236735344,0.3982548852242612,false,0.0767318415057999,0.07638901769070502,0.30311509817649657
joint-63dd4abeb6e1325c7806,M1,291303,random,0,-0.1320015236735344,0.1320015236735344,0.3903200822238441,false,0.07217717917790073,0.06959989367649981,0.202768877323279
joint-89a8114aac92bfca40db,M1,291303,random,0,0.0660007618367672,0.1320015236735344,0.3001182325970731,true,0.07800482026425737,0.07265200303371265,0.19709272834454905
joint-fdd9add87d3e0887f0db,M1,291303,random,0,-0.0660007618367672,-0.0660007618367672,0.17814580403304817,true,0.032754313180541665,0.03500048438583944,0.09581436099444364
joint-8deb233befdaaa44244e,M1,291303,random,0,-0.0660007618367672,-0.1320015236735344,0.40526366651135926,true,0.07016073626904018,0.0746978729677138,0.2759360808371665
joint-750a25537e1c577ecb17,M1,291303,random,0,0.1320015236735344,0.0660007618367672,0.3510724926411824,true,0.05932306936629915,0.0642968011060721,0.27077141006224786
joint-d20c3c92116f8fce3c1e,M1,291303,random,0,-0.1320015236735344,-0.0660007618367672,0.3461320700046014,true,0.06783751123346818,0.06723887863888298,0.3034751527521193
joint-83912571774477870e69,M1,291303,random,0,0.1320015236735344,-0.0660007618367672,0.3188166560279069,true,0.05519719141128079,0.057335860449451236,0.17251988138232974
joint-0b091357d2bc89169b82,M1,291303,random,0,0.1320015236735344,-0.1320015236735344,0.4041857537962793,false,0.08056280921035483,0.0821729841725555,0.32857057430074815
joint-79a2726c7c85c127d89d,M1,291303,random,0,-0.1320015236735344,-0.1320015236735344,0.3520591037690868,true,0.07165075922906833,0.07643890386481048,0.33368529470045105
joint-ff0e8b614b34aecce4b3,M1,291303,random,1,0.0660007618367672,0.1320015236735344,0.3606229040238297,true,0.05345186735908431,0.06449140376549224,0.19853723129652556
joint-a6e0056491e5774f3780,M1,291303,random,0,0.0660007618367672,-0.1320015236735344,0.45430004665593626,true,0.07416764967888115,0.08143711317952557,0.2703889728847803
joint-009541860623d2bb9f1f,M1,291303,random,0,-0.0660007618367672,0.1320015236735344,0.3435574497539051,true,0.059864138338902896,0.060603316626821106,0.15751810153170936
joint-ffe811f4bd9985f39189,M1,291303,random,0,-0.0660007618367672,-0.1320015236735344,0.33729194666939344,true,0.06082614435951126,0.0597078937560877,0.1608380308506017
joint-08c462a1ad92c4ade964,M1,291303,random,0,0.1320015236735344,-0.0660007618367672,0.32371586770961736,true,0.05307846230285804,0.05697829686292529,0.16676291645384997
joint-2ce56f0ea0683dcda2f5,M1,291303,random,0,-0.1320015236735344,-0.0660007618367672,0.28991095132778744,true,0.05397919805754533,0.05168212915511629,0.25424428653099723
joint-e8e45e1d9d7dc3a06a25,M1,291303,random,0,0.1320015236735344,-0.1320015236735344,0.338322264719713,true,0.06508800529623654,0.06925714017311892,0.202240617911297
joint-cf92d455cc3ba4b96312,M1,291303,random,1,-0.1320015236735344,0.1320015236735344,0.3816110765780869,true,0.06832345818401779,0.06925441582078458,0.2753135034607597
joint-2a931d7a53cb9c33974d,M1,291303,wrong_object,0,0.0660007618367672,-0.0660007618367672,0.29982644789843493,true,0.048484995919682125,0.04381640135732256,0.16771416162587166
joint-4352a0ffd3ac22d2f5e6,M1,291303,wrong_object,1,0.0660007618367672,-0.0660007618367672,0.1688753348812238,true,0.03195289954104914,0.04353832933035955,0.12176749293758682
joint-147f59a58d0ef285e900,M1,291303,wrong_object,0,0.0660007618367672,-0.1320015236735344,0.3569528008851141,true,0.06650910561334825,0.06666181083333723,0.27904613372692033
joint-d0326bfd1d59b011ffc1,M1,291303,wrong_object,0,0.1320015236735344,0.0660007618367672,0.31136117921746587,true,0.06467493692006358,0.07851040641377877,0.21306574010682622
joint-b0a6408213b275a6eec4,M1,291303,wrong_object,0,-0.1320015236735344,0.0660007618367672,0.3172546051854274,true,0.05724875050854041,0.06671032509099518,0.20890090056149557
joint-f16075ae76c562b01afa,M1,291303,wrong_object,1,0.1320015236735344,0.0660007618367672,0.3269137557981968,true,0.059706490013522955,0.05863790795353535,0.3079288704678485
joint-6c84dffefac07a85efd4,M1,291303,wrong_object,1,0.1320015236735344,-0.1320015236735344,0.3946144756772811,false,0.07436372468675229,0.07953496198656977,0.22449128220698258
joint-530af393a720d348afb0,M1,291303,wrong_object,1,0.0660007618367672,0.0660007618367672,0.21469403726766945,true,0.04114616157679385,0.04613220080422988,0.11755884336616275
joint-66b0d86cfbc4d904308f,M1,291303,wrong_object,0,-0.0660007618367672,0.0660007618367672,0.1600058127391534,true,0.03300503652782076,0.034454046587677443,0.10401759764818766
joint-cb84ae0ab47be6c0b097,M1,291303,wrong_object,0,-0.0660007618367672,0.1320015236735344,0.3879384102255203,true,0.05728747830934815,0.05270182431970983,0.15178353048086524
joint-bd7b1bc3eac5c32be6ce,M1,291303,wrong_object,0,-0.0660007618367672,-0.0660007618367672,0.13781048930300768,true,0.04002270189743291,0.040489273210990266,0.17708132872037463
joint-f42e2b2aa0bcf1904b2c,M1,291303,wrong_object,1,0.1320015236735344,0.0660007618367672,0.30276680808429995,true,0.05554259503876067,0.05910634097028942,0.30057932226091333
joint-0cc5980f554a68da719e,M1,291303,wrong_object,0,0.1320015236735344,0.1320015236735344,0.39388998620013493,false,0.11144323741863028,0.10295197934662614,0.3051483101435626
joint-c71196ce6b27a5f15741,M1,291303,wrong_object,1,-0.0660007618367672,-0.0660007618367672,0.16787321936745017,true,0.03480895297672334,0.04008546444586598,0.08775771465870469
joint-08a29e94c959b15daf6c,M1,291303,wrong_object,0,-0.1320015236735344,-0.0660007618367672,0.3952261765229684,false,0.07512333024821076,0.07975595733461281,0.275558366466574
joint-009344968abd7434a0a8,M1,291303,wrong_object,1,0.1320015236735344,-0.1320015236735344,0.37783175040965467,false,0.07316598685342275,0.08141020483145989,0.2248790249278675
joint-0d9b039cb21daac03d2a,M1,291303,wrong_object,1,0.0660007618367672,0.0660007618367672,0.21447747706857773,true,0.04033883225277699,0.05013014073262019,0.12562589779742298
joint-96bbd61ef63ebf358d5e,M1,291303,wrong_object,0,-0.0660007618367672,0.0660007618367672,0.18807860772233284,true,0.03302793864478708,0.03566000986395711,0.10966414401087789
joint-71226efdc82c7b8eb4e1,M1,291303,wrong_object,1,0.1320015236735344,-0.1320015236735344,0.3906161760326852,false,0.07671658104678186,0.07981630768736116,0.28969518695633895
joint-2b6a5ce6c26b3991652e,M1,291303,wrong_object,0,0.0660007618367672,-0.1320015236735344,0.33025527316209524,true,0.05519880761230844,0.059598375628692225,0.17579094269587997
joint-c45a492c6ab0e2e5bfbe,M1,291303,wrong_object,1,0.1320015236735344,-0.0660007618367672,0.35544345114661874,true,0.057822727155808704,0.05951710594554551,0.2768939659596894
joint-b2b2ebaf8b3253aafde3,M1,291303,wrong_object,0,0.1320015236735344,-0.1320015236735344,0.35502978199466545,false,0.07292581433909608,0.0753937094781577,0.26872644881869945
joint-58d5f239e12552c3626e,M1,291303,wrong_object,0,-0.1320015236735344,0.1320015236735344,0.32340382073119134,true,0.06882185492875127,0.06743040194747359,0.30627878863172897
joint-fc2b76f0772372bf8c3c,M1,291303,wrong_object,1,-0.1320015236735344,0.0660007618367672,0.34535962854258745,true,0.05454621739198369,0.05221524395350173,0.1443477429291594
joint-fe2aefddb9b7745686ad,M1,291303,wrong_object,1,-0.0660007618367672,0.0660007618367672,0.11632536482083432,true,0.024565638789471666,0.02711198374213614,0.13126639397726322
joint-8b6ff975d45da97a4933,M1,291303,wrong_object,1,0.1320015236735344,-0.1320015236735344,0.41695955580319044,false,0.07401996305538501,0.0832974877409239,0.234763772290126
joint-175e17d0ef9573bac40e,M1,291303,wrong_object,0,-0.1320015236735344,0.1320015236735344,0.3370853736595629,true,0.06724516562602083,0.06714186541525402,0.20336878418177215
joint-a3d06b9cb0966439eddd,M1,291303,wrong_object,1,0.0660007618367672,0.1320015236735344,0.4250436964384745,false,0.08065376886037857,0.07313804825666187,0.25321123362529163
joint-04c90cd2b55e51d7395c,M1,291303,wrong_object,0,0.0660007618367672,-0.1320015236735344,0.28753330228111473,true,0.04900781243714839,0.05408005929264158,0.19752782059501675
joint-03d19206c4766692b70a,M1,291303,wrong_object,0,-0.0660007618367672,0.0660007618367672,0.2035240622394558,true,0.038287547938265,0.03865708386120684,0.11601539671521392
joint-f3533a47857412ee6574,M1,291303,wrong_object,1,-0.0660007618367672,-0.0660007618367672,0.17873134309810232,true,0.03525962235495027,0.04463305238729577,0.10303715052136309
joint-19e423cc276169fd1073,M1,291303,wrong_object,1,0.1320015236735344,0.0660007618367672,0.2954267767910052,false,0.0687285777667363,0.0753374732006261,0.26525012988951535
joint-ff96f3eeddc533681410,M1,291303,wrong_object,0,-0.1320015236735344,0.0660007618367672,0.29555496207427545,true,0.06407048556103244,0.0654237092237071,0.2045224963249148
joint-c4e21270ec4d0d7be262,M1,291303,wrong_object,0,-0.0660007618367672,0.1320015236735344,0.31654059680405955,true,0.051239736213872226,0.04727290628800141,0.13358963438989033
joint-f3c2aa3445150de38445,M1,291303,wrong_object,1,-0.0660007618367672,-0.1320015236735344,0.3481663159373355,true,0.0654827771638503,0.06862411383838936,0.1793489284594038
joint-9b1bd063fe31242ee1d4,M1,291303,wrong_object,0,-0.1320015236735344,0.0660007618367672,0.32322689528285337,true,0.059372928366147465,0.06699771848121855,0.20909359730232552
joint-dc07119105a4b0f17fef,M1,291303,wrong_object,0,-0.1320015236735344,-0.1320015236735344,0.3992026076018325,false,0.09020991276075314,0.1085754251957057,0.3344224474246317
joint-e62d176dd1f3b78034aa,M1,291303,wrong_object,1,0.0660007618367672,0.0660007618367672,0.21337740205733927,true,0.042886189825957585,0.054423547272429824,0.13564485832484388
joint-7fb044ff7f38057c2332,M1,291303,wrong_object,1,-0.0660007618367672,-0.1320015236735344,0.36810726002812316,true,0.06392114811319445,0.0637816773012353,0.16583216092895825
joint-86e6ae730070eee6983b,M1,291303,wrong_object,1,0.0660007618367672,-0.0660007618367672,0.20118468180950397,true,0.0396232150597927,0.05144865676023952,0.16240521081409717
joint-9a206f19112cd83d8451,M1,291303,wrong_object,1,0.1320015236735344,-0.1320015236735344,0.3348350384601529,true,0.06964874827206075,0.07518367592243252,0.20406093218268445
joint-d9be6f5c2e8106f0264a,M1,291303,wrong_object,1,0.0660007618367672,-0.0660007618367672,0.16984250946280738,true,0.035902261493252624,0.04343480462581305,0.11554124204959715
joint-6f8a92fc80c9c4920afe,M1,291303,wrong_object,1,0.0660007618367672,-0.0660007618367672,0.19295519689133164,true,0.040737891146334894,0.031446253984042834,0.14298268217505028
joint-2a31fc646bfd539046d7,M1,291303,wrong_object,1,0.0660007618367672,0.1320015236735344,0.3635443241098841,false,0.07238882939279631,0.08104518429496677,0.32634340059756367
joint-e8ed568644109d3c68dd,M1,291303,wrong_object,1,0.0660007618367672,0.0660007618367672,0.24523972086184195,true,0.047628079422940214,0.061040982459132906,0.14892687653129866
joint-310c46903e1f1c1d5a60,M1,291303,wrong_object,0,-0.0660007618367672,0.0660007618367672,0.1957772365785521,true,0.03216935137644471,0.038603065073973146,0.11724314074476792
joint-1285f64b5ffdc41a435d,M1,291303,wrong_object,0,0.0660007618367672,0.0660007618367672,0.2882162990495825,true,0.053238675904549164,0.04253436920567825,0.150112887112804
joint-70524fe1e7c2518c400a,M1,291303,wrong_object,1,0.0660007618367672,-0.1320015236735344,0.37789746768140187,true,0.06320631301949312,0.07218467048784934,0.19298680420834294
joint-41ae71c0e6c6d51506eb,M1,291303,wrong_object,0,-0.0660007618367672,-0.0660007618367672,0.23089842630456428,true,0.057781693771629734,0.04965387848387073,0.20167665148594463
joint-f2a415df92c5dbd9c22b,M1,291303,wrong_object,1,0.1320015236735344,0.0660007618367672,0.3827737441781765,true,0.06545763702381557,0.07086841662100393,0.176345879031692
joint-05f0f9643ecc833a54a1,M1,291303,wrong_object,1,0.1320015236735344,-0.1320015236735344,0.35032786445159064,false,0.07016844919689068,0.07920263111749314,0.22621394140490775
joint-6731d5008cdff8444b8a,M1,291303,wrong_object,0,0.0660007618367672,0.1320015236735344,0.29197293032906685,true,0.06211106464134958,0.069908055378887,0.17284127044909928
joint-cd5d57fb2d2fc404ed88,M1,291303,wrong_object,1,0.0660007618367672,-0.1320015236735344,0.34742206158790956,true,0.05673688292951828,0.07100441183493993,0.19864430664933852
joint-c73f7954cc710bf9d63c,M1,291303,wrong_object,0,-0.1320015236735344,0.1320015236735344,0.342170894001134,true,0.06593035595716146,0.0670578222217168,0.3052942624581706
joint-8c80649d97868318c9fe,M1,291303,wrong_object,1,-0.0660007618367672,0.1320015236735344,0.3740027822970382,true,0.055151793402904714,0.06620221837004304,0.18940158651781178
joint-e8ffd69e58705acdb563,M1,291303,wrong_object,0,-0.1320015236735344,-0.1320015236735344,0.40330000644091474,false,0.10122468576455802,0.08751111380784024,0.2867257062339379
joint-2474a6ed6bbe4f7e1b97,M1,291303,wrong_object,1,-0.0660007618367672,-0.0660007618367672,0.20864513089395786,true,0.04917094537190771,0.049633017250470736,0.1694591905396581
joint-1b6c644185589ebc48c8,M1,291303,wrong_object,1,-0.1320015236735344,0.1320015236735344,0.4072438527121144,false,0.07335889447966609,0.07707392163478263,0.21660099161724317
joint-efe7c8a0a11bb35094e0,M1,291303,wrong_object,0,-0.1320015236735344,0.0660007618367672,0.37285044397863054,true,0.06239852460311685,0.05746310273273946,0.27845717935148534
joint-9ea456682d298ae62b43,M1,291303,wrong_object,0,0.1320015236735344,0.1320015236735344,0.42082875652903984,false,0.10485188799727417,0.10634410255847339,0.2739639363659792
joint-7d924a87e8568d82b71b,M1,291303,wrong_object,1,-0.0660007618367672,-0.1320015236735344,0.391815494614634,false,0.06536799696950779,0.06834388117012993,0.17668388098959598
joint-f012efad790d4bcb5275,M1,291303,wrong_object,1,0.0660007618367672,-0.1320015236735344,0.3062040055059939,true,0.05474073667267869,0.05266790859247551,0.1992735971733876
joint-99a2122f162a74088f58,M1,291303,wrong_object,0,0.1320015236735344,0.0660007618367672,0.34420775559750033,true,0.07210230835266992,0.0786484934972991,0.21568087383380494
joint-ce884c4d333127e8b6dc,M1,291303,wrong_object,0,0.1320015236735344,-0.1320015236735344,0.3622461463223506,false,0.06902484285240178,0.07997946800020891,0.24613928468602125
joint-50af49320c1511a0d6c6,M1,291303,wrong_object,1,0.1320015236735344,0.1320015236735344,0.4231549287416745,false,0.09897931149755113,0.08642260768995519,0.370654926632996
joint-4664e26abb95085a572a,M1,291303,wrong_object,1,-0.1320015236735344,-0.1320015236735344,0.45812601258238445,false,0.08065788499208087,0.08224454673469322,0.27937388991657
joint-79aa8ba0c5489ddf2497,M1,291303,wrong_object,1,0.0660007618367672,0.0660007618367672,0.22122253597085928,true,0.0478425312766064,0.04482527745388877,0.17741880787946573
joint-d987f2e8f59153959f0b,M1,291303,wrong_object,0,0.0660007618367672,-0.0660007618367672,0.19815424146563815,true,0.03981530123475485,0.04062809020198771,0.152414505185737
joint-cb8130fb1c35fd8e7b18,M1,291303,wrong_object,0,0.1320015236735344,0.1320015236735344,0.3312440789329273,false,0.08248704827128162,0.08594655277768097,0.2333149100147642
joint-d18a1d26ca0c2d035ee3,M1,291303,wrong_object,1,-0.0660007618367672,0.0660007618367672,0.2091307971655681,true,0.039842911189447834,0.042552237278304185,0.16916968612151298
joint-da2f34f1c087e97b1afb,M1,291303,wrong_object,0,-0.0660007618367672,0.0660007618367672,0.21451037055200772,true,0.03799329490121502,0.03547486634327799,0.10482546193549228
joint-d61e8bcf8b85f15c898a,M1,291303,wrong_object,1,-0.0660007618367672,-0.0660007618367672,0.19380557193378975,true,0.03959264208179445,0.04376677727572184,0.10508296473665205
joint-4de8fb543630717fe750,M1,291303,wrong_object,1,0.0660007618367672,0.1320015236735344,0.3801293561652267,true,0.062383921633371565,0.07870512512192537,0.20774821678254832
joint-dc3cf8ce3539277e0726,M1,291303,wrong_object,0,-0.0660007618367672,-0.1320015236735344,0.38841412878367615,false,0.08113323989486369,0.0754717343296575,0.3594646564980862
joint-afc74f4446a723051311,M1,291303,wrong_object,0,0.1320015236735344,0.0660007618367672,0.4289005668409009,false,0.08962521617813857,0.08669923531544883,0.23603883079478077
joint-b8e91cf056a2850aa06d,M1,291303,wrong_object,1,0.1320015236735344,0.1320015236735344,0.451629081491352,false,0.08871115839364062,0.09488254007517684,0.3573014575005582
joint-1f313d8436034e3c8a2f,M1,291303,wrong_object,0,0.0660007618367672,-0.0660007618367672,0.1735155880065342,true,0.03450557254896945,0.0402127891121016,0.12475137875502784
joint-86283058a19cd7794f47,M1,291303,wrong_object,1,-0.1320015236735344,0.1320015236735344,0.30919130944750084,true,0.06245437171478142,0.06951665086649371,0.32605694323136963
joint-a5ed81533299a3f553ae,M1,291303,wrong_object,1,0.0660007618367672,0.1320015236735344,0.451925267319404,false,0.07197740242187049,0.08844872629671582,0.23093200597104546
joint-1b3125f558c72b1ea5e4,M1,291303,wrong_object,1,-0.0660007618367672,0.1320015236735344,0.29118775467250235,true,0.04980669083442831,0.06805443337171267,0.19859397795277103
joint-3dcb938aa6f788013529,M1,291303,wrong_object,0,-0.0660007618367672,-0.0660007618367672,0.20669294686511822,false,0.05581707049908762,0.03848548457470829,0.1470018300812753
joint-f3d0c584cd58125ec9bd,M1,291303,wrong_object,0,-0.0660007618367672,-0.1320015236735344,0.2722081813699036,false,0.06323991568466175,0.05497977510539675,0.20508476013826812
joint-a4fe2bd135f56d3a3b4d,M1,291303,wrong_object,0,-0.1320015236735344,-0.0660007618367672,0.3731826887721684,false,0.0867737451485584,0.07750166682287152,0.25503162498967
joint-baf9ad5b2a0e2663433b,M1,291303,wrong_object,0,0.1320015236735344,0.1320015236735344,0.436640295471357,false,0.10361369540680736,0.10280026534267718,0.2921906715633328
joint-63dd4abeb6e1325c7806,M1,291303,wrong_object,0,-0.1320015236735344,0.1320015236735344,0.3723383084776126,true,0.07091057573883115,0.0693766812424342,0.2095752639909004
joint-89a8114aac92bfca40db,M1,291303,wrong_object,0,0.0660007618367672,0.1320015236735344,0.41613110229333933,false,0.09837940929283776,0.07897899729839009,0.22140401166461485
joint-fdd9add87d3e0887f0db,M1,291303,wrong_object,0,-0.0660007618367672,-0.0660007618367672,0.14197701134395493,true,0.046297984670692675,0.06285538685466274,0.2096764322602188
joint-8deb233befdaaa44244e,M1,291303,wrong_object,0,-0.0660007618367672,-0.1320015236735344,0.4088041089339845,false,0.07991621094027997,0.07448106843753526,0.3558731146345576
joint-750a25537e1c577ecb17,M1,291303,wrong_object,0,0.1320015236735344,0.0660007618367672,0.36096334417137227,false,0.08584144835222854,0.08270157194102473,0.2608338357274095
joint-d20c3c92116f8fce3c1e,M1,291303,wrong_object,0,-0.1320015236735344,-0.0660007618367672,0.36436780635416877,false,0.08809722696822098,0.07237602800438833,0.34793551314755766
joint-83912571774477870e69,M1,291303,wrong_object,0,0.1320015236735344,-0.0660007618367672,0.30307084702899606,true,0.05846056488049798,0.06575025557880976,0.198738598663608
joint-0b091357d2bc89169b82,M1,291303,wrong_object,0,0.1320015236735344,-0.1320015236735344,0.396823323385468,false,0.08390316535998321,0.085942033631007,0.32538346107403804
joint-79a2726c7c85c127d89d,M1,291303,wrong_object,0,-0.1320015236735344,-0.1320015236735344,0.47024121815802117,false,0.11979856144135298,0.09132014676620182,0.3987593203669539
joint-ff0e8b614b34aecce4b3,M1,291303,wrong_object,1,0.0660007618367672,0.1320015236735344,0.3261546947435426,true,0.05306923538072644,0.05608455768398509,0.2132912998734545
joint-a6e0056491e5774f3780,M1,291303,wrong_object,0,0.0660007618367672,-0.1320015236735344,0.4658586314794564,true,0.07418024342341772,0.08226125676988404,0.2611061932812073
joint-009541860623d2bb9f1f,M1,291303,wrong_object,0,-0.0660007618367672,0.1320015236735344,0.3406543272631548,true,0.0570541036799841,0.05556558072884359,0.15367735242854663
joint-ffe811f4bd9985f39189,M1,291303,wrong_object,0,-0.0660007618367672,-0.1320015236735344,0.3367617907630452,false,0.06526302014690509,0.10304828281022235,0.3101432968014961
joint-08c462a1ad92c4ade964,M1,291303,wrong_object,0,0.1320015236735344,-0.0660007618367672,0.3022653803984604,true,0.0581963149261366,0.06332412731272513,0.19159089750687558
joint-2ce56f0ea0683dcda2f5,M1,291303,wrong_object,0,-0.1320015236735344,-0.0660007618367672,0.3078859876215665,false,0.07752580166594,0.05454586366076864,0.272037117538978
joint-e8e45e1d9d7dc3a06a25,M1,291303,wrong_object,0,0.1320015236735344,-0.1320015236735344,0.3564513082193643,true,0.0669764990764612,0.06943283461123535,0.21702263038354855
joint-cf92d455cc3ba4b96312,M1,291303,wrong_object,1,-0.1320015236735344,0.1320015236735344,0.4143850046375304,true,0.06955873849543476,0.06775421239314351,0.2822532023805536
joint-2a931d7a53cb9c33974d,M1,291303,wrong_vector,0,0.0660007618367672,-0.0660007618367672,0.2288684844730246,true,0.04192049690232977,0.04156449192921226,0.15819129372189544
joint-4352a0ffd3ac22d2f5e6,M1,291303,wrong_vector,1,0.0660007618367672,-0.0660007618367672,0.19144003134906273,true,0.03311089315930607,0.03900984132822981,0.12231281522396477
joint-147f59a58d0ef285e900,M1,291303,wrong_vector,0,0.0660007618367672,-0.1320015236735344,0.3627603763883931,true,0.0674835272301043,0.06498906291028156,0.26389006118382724
joint-d0326bfd1d59b011ffc1,M1,291303,wrong_vector,0,0.1320015236735344,0.0660007618367672,0.2297829266546365,true,0.03536437326663851,0.045004976767590014,0.04899335795384494
joint-b0a6408213b275a6eec4,M1,291303,wrong_vector,0,-0.1320015236735344,0.0660007618367672,0.27353646026877887,true,0.05032151935545773,0.04362261553837006,0.11812844324076995
joint-f16075ae76c562b01afa,M1,291303,wrong_vector,1,0.1320015236735344,0.0660007618367672,0.3416507521567492,true,0.06983379840925907,0.0502484684070948,0.23337058718727527
joint-6c84dffefac07a85efd4,M1,291303,wrong_vector,1,0.1320015236735344,-0.1320015236735344,0.4266425728124029,false,0.07504411989032768,0.07264804064014865,0.22352919268706137
joint-530af393a720d348afb0,M1,291303,wrong_vector,1,0.0660007618367672,0.0660007618367672,0.17551875551811855,true,0.02736639840240945,0.025784594024065875,0.08100798856042682
joint-66b0d86cfbc4d904308f,M1,291303,wrong_vector,0,-0.0660007618367672,0.0660007618367672,0.21245908611872566,true,0.03523998763381662,0.03090122081440063,0.08599967768327096
joint-cb84ae0ab47be6c0b097,M1,291303,wrong_vector,0,-0.0660007618367672,0.1320015236735344,0.45011331278315847,false,0.06476313571849575,0.059210654349233116,0.17825687991829167
joint-bd7b1bc3eac5c32be6ce,M1,291303,wrong_vector,0,-0.0660007618367672,-0.0660007618367672,0.14256713035217602,true,0.02980052127654747,0.032373835126103485,0.14585516364996234
joint-f42e2b2aa0bcf1904b2c,M1,291303,wrong_vector,1,0.1320015236735344,0.0660007618367672,0.3045921100196535,true,0.06768222103033565,0.0468521260964189,0.18590523181279037
joint-0cc5980f554a68da719e,M1,291303,wrong_vector,0,0.1320015236735344,0.1320015236735344,0.439207748048499,false,0.08277682513413617,0.07847217290197664,0.307888193594728
joint-c71196ce6b27a5f15741,M1,291303,wrong_vector,1,-0.0660007618367672,-0.0660007618367672,0.1379642395179589,true,0.02327321957756797,0.027041789803848,0.07958687136304989
joint-08a29e94c959b15daf6c,M1,291303,wrong_vector,0,-0.1320015236735344,-0.0660007618367672,0.1513377857425298,true,0.03582184400695865,0.05601837644589706,0.12822218388377674
joint-009344968abd7434a0a8,M1,291303,wrong_vector,1,0.1320015236735344,-0.1320015236735344,0.4182407322500969,false,0.07290105850853465,0.07670094270849266,0.22965861240074417
joint-0d9b039cb21daac03d2a,M1,291303,wrong_vector,1,0.0660007618367672,0.0660007618367672,0.1444737414901527,true,0.025276871138191062,0.026876780515945276,0.08869955903666034
joint-96bbd61ef63ebf358d5e,M1,291303,wrong_vector,0,-0.0660007618367672,0.0660007618367672,0.20099618481852968,true,0.034978436293309205,0.031267760243601506,0.09005141875184713
joint-71226efdc82c7b8eb4e1,M1,291303,wrong_vector,1,0.1320015236735344,-0.1320015236735344,0.3815020125429141,false,0.072462741169749,0.07681353246697681,0.2882548540348463
joint-2b6a5ce6c26b3991652e,M1,291303,wrong_vector,0,0.0660007618367672,-0.1320015236735344,0.3939954015398957,false,0.060173790154684735,0.06032761665793254,0.18989890384358324
joint-c45a492c6ab0e2e5bfbe,M1,291303,wrong_vector,1,0.1320015236735344,-0.0660007618367672,0.35866428127299194,true,0.06367093211338157,0.060573989657633935,0.27770754224666405
joint-b2b2ebaf8b3253aafde3,M1,291303,wrong_vector,0,0.1320015236735344,-0.1320015236735344,0.4502374314576334,false,0.08013485866011386,0.08065461848170838,0.2841053168184261
joint-58d5f239e12552c3626e,M1,291303,wrong_vector,0,-0.1320015236735344,0.1320015236735344,0.42297408984460394,false,0.07369667312036746,0.07460206568948,0.3037328006377661
joint-fc2b76f0772372bf8c3c,M1,291303,wrong_vector,1,-0.1320015236735344,0.0660007618367672,0.29335111128952485,true,0.04886908401994084,0.04632843304479012,0.14837870815797075
joint-fe2aefddb9b7745686ad,M1,291303,wrong_vector,1,-0.0660007618367672,0.0660007618367672,0.1425452819562198,true,0.028320608440468603,0.02918310458808193,0.12803347789639577
joint-8b6ff975d45da97a4933,M1,291303,wrong_vector,1,0.1320015236735344,-0.1320015236735344,0.4040203791925767,false,0.07452034537611597,0.07907100392237129,0.237695643320918
joint-175e17d0ef9573bac40e,M1,291303,wrong_vector,0,-0.1320015236735344,0.1320015236735344,0.4792564535796825,false,0.07426527573430458,0.0677568914638324,0.19073453166864002
joint-a3d06b9cb0966439eddd,M1,291303,wrong_vector,1,0.0660007618367672,0.1320015236735344,0.1357415660510692,true,0.030472365415114347,0.030650825392255315,0.13718924519852635
joint-04c90cd2b55e51d7395c,M1,291303,wrong_vector,0,0.0660007618367672,-0.1320015236735344,0.2699459712198301,true,0.04571894405307899,0.05211303941352414,0.19016853710624199
joint-03d19206c4766692b70a,M1,291303,wrong_vector,0,-0.0660007618367672,0.0660007618367672,0.22835334722439346,true,0.03952847694998707,0.03494167280516038,0.09723155931371256
joint-f3533a47857412ee6574,M1,291303,wrong_vector,1,-0.0660007618367672,-0.0660007618367672,0.14949062419396808,true,0.023407468950750247,0.03048006863747545,0.08714961331881582
joint-19e423cc276169fd1073,M1,291303,wrong_vector,1,0.1320015236735344,0.0660007618367672,0.13244833027901443,true,0.03043076037446362,0.030912258933880304,0.16482591592397539
joint-ff96f3eeddc533681410,M1,291303,wrong_vector,0,-0.1320015236735344,0.0660007618367672,0.24248075143810266,true,0.058851699723341366,0.07566306958299487,0.12646441658136082
joint-c4e21270ec4d0d7be262,M1,291303,wrong_vector,0,-0.0660007618367672,0.1320015236735344,0.37899768402345185,true,0.056533024819165154,0.05092586661842747,0.1533898699697931
joint-f3c2aa3445150de38445,M1,291303,wrong_vector,1,-0.0660007618367672,-0.1320015236735344,0.17040167890414554,true,0.03223452100528562,0.05220130624301648,0.13608715984096692
joint-9b1bd063fe31242ee1d4,M1,291303,wrong_vector,0,-0.1320015236735344,0.0660007618367672,0.3095835835363822,true,0.054120274779127814,0.047904378060348134,0.1258636271154629
joint-dc07119105a4b0f17fef,M1,291303,wrong_vector,0,-0.1320015236735344,-0.1320015236735344,0.5467457262247842,false,0.09575807568768414,0.10201884900401272,0.3031525058298279
joint-e62d176dd1f3b78034aa,M1,291303,wrong_vector,1,0.0660007618367672,0.0660007618367672,0.14381500547672976,true,0.026839112779498547,0.027290749216444102,0.08964487209098328
joint-7fb044ff7f38057c2332,M1,291303,wrong_vector,1,-0.0660007618367672,-0.1320015236735344,0.19233683817719835,true,0.03420792792043163,0.05242986868792368,0.15240548891951639
joint-86e6ae730070eee6983b,M1,291303,wrong_vector,1,0.0660007618367672,-0.0660007618367672,0.18945641850561484,true,0.0357283926648013,0.04090412122707587,0.15586356655225064
joint-9a206f19112cd83d8451,M1,291303,wrong_vector,1,0.1320015236735344,-0.1320015236735344,0.4033822821363317,false,0.06817026656020801,0.06949192071417935,0.20826837115918043
joint-d9be6f5c2e8106f0264a,M1,291303,wrong_vector,1,0.0660007618367672,-0.0660007618367672,0.2062791812488183,true,0.03486059782674582,0.03874172535719809,0.11398567186093717
joint-6f8a92fc80c9c4920afe,M1,291303,wrong_vector,1,0.0660007618367672,-0.0660007618367672,0.15443654646221042,true,0.03240924404109316,0.03044122285850672,0.1396114234853192
joint-2a31fc646bfd539046d7,M1,291303,wrong_vector,1,0.0660007618367672,0.1320015236735344,0.30017300903873056,true,0.05306871448047838,0.04851893828618838,0.2157847069195344
joint-e8ed568644109d3c68dd,M1,291303,wrong_vector,1,0.0660007618367672,0.0660007618367672,0.20464776963635678,true,0.032718712189443624,0.03239085313733761,0.10442165587012658
joint-310c46903e1f1c1d5a60,M1,291303,wrong_vector,0,-0.0660007618367672,0.0660007618367672,0.17699178523471454,true,0.03295177422373805,0.031960324789925866,0.09370054882470742
joint-1285f64b5ffdc41a435d,M1,291303,wrong_vector,0,0.0660007618367672,0.0660007618367672,0.31168619726981694,true,0.05120730596345133,0.047604555785680874,0.14861286851224154
joint-70524fe1e7c2518c400a,M1,291303,wrong_vector,1,0.0660007618367672,-0.1320015236735344,0.34435095993989556,true,0.06276177516396059,0.04792545695320562,0.13298137842717234
joint-41ae71c0e6c6d51506eb,M1,291303,wrong_vector,0,-0.0660007618367672,-0.0660007618367672,0.2327601874142339,true,0.04411429802957521,0.04339611457496715,0.16023650855122273
joint-f2a415df92c5dbd9c22b,M1,291303,wrong_vector,1,0.1320015236735344,0.0660007618367672,0.14421526182550004,true,0.025912442700855076,0.034316070437521745,0.0965707269511726
joint-05f0f9643ecc833a54a1,M1,291303,wrong_vector,1,0.1320015236735344,-0.1320015236735344,0.41766124239477515,false,0.07097421363361661,0.07421942730652897,0.22870465938170734
joint-6731d5008cdff8444b8a,M1,291303,wrong_vector,0,0.0660007618367672,0.1320015236735344,0.18876766327210867,true,0.03136971186160109,0.0529228020401253,0.12389506465940865
joint-cd5d57fb2d2fc404ed88,M1,291303,wrong_vector,1,0.0660007618367672,-0.1320015236735344,0.3285823504082391,true,0.05731720495891651,0.04587593423614801,0.12694522866183217
joint-c73f7954cc710bf9d63c,M1,291303,wrong_vector,0,-0.1320015236735344,0.1320015236735344,0.35946440783883005,true,0.061307510325435376,0.07397866020201913,0.28616685141854636
joint-8c80649d97868318c9fe,M1,291303,wrong_vector,1,-0.0660007618367672,0.1320015236735344,0.3037228245071636,true,0.05853972103466,0.0733483840845504,0.19880778783292183
joint-e8ffd69e58705acdb563,M1,291303,wrong_vector,0,-0.1320015236735344,-0.1320015236735344,0.4103609334594886,false,0.08020727789024266,0.08462856176780324,0.23702741885103445
joint-2474a6ed6bbe4f7e1b97,M1,291303,wrong_vector,1,-0.0660007618367672,-0.0660007618367672,0.21493248240290294,true,0.0359233085520965,0.0395333001098896,0.14908643272846134
joint-1b6c644185589ebc48c8,M1,291303,wrong_vector,1,-0.1320015236735344,0.1320015236735344,0.39018316699236133,false,0.07196336702900297,0.07104875804028872,0.20992870707209083
joint-efe7c8a0a11bb35094e0,M1,291303,wrong_vector,0,-0.1320015236735344,0.0660007618367672,0.34135419345440715,true,0.06757090414644065,0.06570849432010128,0.26930743254510153
joint-9ea456682d298ae62b43,M1,291303,wrong_vector,0,0.1320015236735344,0.1320015236735344,0.43886295283334203,false,0.08290200102383058,0.0865403868982983,0.29466299527717954
joint-7d924a87e8568d82b71b,M1,291303,wrong_vector,1,-0.0660007618367672,-0.1320015236735344,0.2251679669164548,true,0.04127630329592108,0.0478317347376387,0.13864794198811675
joint-f012efad790d4bcb5275,M1,291303,wrong_vector,1,0.0660007618367672,-0.1320015236735344,0.1485999431682251,true,0.027932432013915952,0.03809729365276079,0.16847314151781864
joint-99a2122f162a74088f58,M1,291303,wrong_vector,0,0.1320015236735344,0.0660007618367672,0.2541323007472019,true,0.03798271271689562,0.0459724240235948,0.06313911085363828
joint-ce884c4d333127e8b6dc,M1,291303,wrong_vector,0,0.1320015236735344,-0.1320015236735344,0.45919488421920224,false,0.07479025903417516,0.07106308730022277,0.2207259307846993
joint-50af49320c1511a0d6c6,M1,291303,wrong_vector,1,0.1320015236735344,0.1320015236735344,0.3622321433784362,true,0.06694791774406463,0.06950493357181549,0.31556150349621426
joint-4664e26abb95085a572a,M1,291303,wrong_vector,1,-0.1320015236735344,-0.1320015236735344,0.3459305127364357,true,0.0640971953776806,0.0660118015729262,0.27751546529390897
joint-79aa8ba0c5489ddf2497,M1,291303,wrong_vector,1,0.0660007618367672,0.0660007618367672,0.19783534983041887,true,0.042263353262629304,0.043567963184612146,0.15431801313322568
joint-d987f2e8f59153959f0b,M1,291303,wrong_vector,0,0.0660007618367672,-0.0660007618367672,0.20950884414956447,true,0.04163596039428564,0.043376117884962116,0.16034485479625593
joint-cb8130fb1c35fd8e7b18,M1,291303,wrong_vector,0,0.1320015236735344,0.1320015236735344,0.481863363907643,false,0.08920313985786296,0.09366629520653225,0.25956876820299135
joint-d18a1d26ca0c2d035ee3,M1,291303,wrong_vector,1,-0.0660007618367672,0.0660007618367672,0.2080605463771345,true,0.04110913104908863,0.03948304096228424,0.15673802795163508
joint-da2f34f1c087e97b1afb,M1,291303,wrong_vector,0,-0.0660007618367672,0.0660007618367672,0.2861332322285654,true,0.04273909586548596,0.036103423642824796,0.09862679557797108
joint-d61e8bcf8b85f15c898a,M1,291303,wrong_vector,1,-0.0660007618367672,-0.0660007618367672,0.1323527632895709,true,0.025221968481536274,0.03004734916224342,0.0881261028892034
joint-4de8fb543630717fe750,M1,291303,wrong_vector,1,0.0660007618367672,0.1320015236735344,0.2800758719012459,true,0.04352535920581462,0.055846023106864554,0.14670338352926882
joint-dc3cf8ce3539277e0726,M1,291303,wrong_vector,0,-0.0660007618367672,-0.1320015236735344,0.37079106370891335,true,0.05740764838686007,0.061206792676856546,0.2579165923064763
joint-afc74f4446a723051311,M1,291303,wrong_vector,0,0.1320015236735344,0.0660007618367672,0.16002706233592612,true,0.03600169465834655,0.04412810276615119,0.17774114822337964
joint-b8e91cf056a2850aa06d,M1,291303,wrong_vector,1,0.1320015236735344,0.1320015236735344,0.39415616225803024,true,0.06042990872518563,0.06586927881168636,0.2943603354285623
joint-1f313d8436034e3c8a2f,M1,291303,wrong_vector,0,0.0660007618367672,-0.0660007618367672,0.24609775588535043,true,0.03887672095892741,0.03640431767429589,0.1104914011740053
joint-86283058a19cd7794f47,M1,291303,wrong_vector,1,-0.1320015236735344,0.1320015236735344,0.2891373427926872,true,0.06586607530085872,0.06261734523261057,0.293902008388296
joint-a5ed81533299a3f553ae,M1,291303,wrong_vector,1,0.0660007618367672,0.1320015236735344,0.3396370428184837,true,0.04829156458759835,0.057062021040891114,0.149651155267657
joint-1b3125f558c72b1ea5e4,M1,291303,wrong_vector,1,-0.0660007618367672,0.1320015236735344,0.3201904016704543,true,0.05452800581282212,0.07493122107686506,0.21040877145748332
joint-3dcb938aa6f788013529,M1,291303,wrong_vector,0,-0.0660007618367672,-0.0660007618367672,0.20372941868562655,true,0.03733715033752933,0.03726482828504875,0.14654244496870836
joint-f3d0c584cd58125ec9bd,M1,291303,wrong_vector,0,-0.0660007618367672,-0.1320015236735344,0.13674663887988459,true,0.027744439818712288,0.034347202516927286,0.11031403359386303
joint-a4fe2bd135f56d3a3b4d,M1,291303,wrong_vector,0,-0.1320015236735344,-0.0660007618367672,0.16505377361488996,true,0.03849998019636846,0.05285821374744241,0.1358873960078005
joint-baf9ad5b2a0e2663433b,M1,291303,wrong_vector,0,0.1320015236735344,0.1320015236735344,0.5027053474509633,false,0.08964585678494842,0.08620496450944291,0.30160713335667894
joint-63dd4abeb6e1325c7806,M1,291303,wrong_vector,0,-0.1320015236735344,0.1320015236735344,0.5128581348408665,false,0.07865792065053392,0.07178521879638641,0.20438829231285743
joint-89a8114aac92bfca40db,M1,291303,wrong_vector,0,0.0660007618367672,0.1320015236735344,0.18778509084951409,true,0.03719785872110493,0.046513693850817946,0.1730383267965636
joint-fdd9add87d3e0887f0db,M1,291303,wrong_vector,0,-0.0660007618367672,-0.0660007618367672,0.21456413238930136,true,0.043447667168310666,0.04117829693755398,0.12709136034333487
joint-8deb233befdaaa44244e,M1,291303,wrong_vector,0,-0.0660007618367672,-0.1320015236735344,0.37934829551952604,true,0.06115053219679085,0.07934725548109857,0.25034394477259614
joint-750a25537e1c577ecb17,M1,291303,wrong_vector,0,0.1320015236735344,0.0660007618367672,0.3285238371513177,true,0.05379385097434647,0.05336732862965367,0.2836649306676324
joint-d20c3c92116f8fce3c1e,M1,291303,wrong_vector,0,-0.1320015236735344,-0.0660007618367672,0.3260193821978651,true,0.057696099437536605,0.049608856483226965,0.24288652423761575
joint-83912571774477870e69,M1,291303,wrong_vector,0,0.1320015236735344,-0.0660007618367672,0.38174049764735357,true,0.061715785246579044,0.05219928181748993,0.14980869493534932
joint-0b091357d2bc89169b82,M1,291303,wrong_vector,0,0.1320015236735344,-0.1320015236735344,0.4762124478400489,false,0.08737025675985126,0.09139895495521101,0.34857646447639334
joint-79a2726c7c85c127d89d,M1,291303,wrong_vector,0,-0.1320015236735344,-0.1320015236735344,0.4843874777660764,false,0.08086811737875123,0.08650670924453381,0.3562502713652057
joint-ff0e8b614b34aecce4b3,M1,291303,wrong_vector,1,0.0660007618367672,0.1320015236735344,0.1164186305948924,true,0.04003664591735604,0.02693596116050139,0.09649598859273267
joint-a6e0056491e5774f3780,M1,291303,wrong_vector,0,0.0660007618367672,-0.1320015236735344,0.4455134328907197,true,0.07167465857356979,0.07938179750374713,0.2595645514640216
joint-009541860623d2bb9f1f,M1,291303,wrong_vector,0,-0.0660007618367672,0.1320015236735344,0.40190972522716395,false,0.06201899444597544,0.057276853026733084,0.16297740246763096
joint-ffe811f4bd9985f39189,M1,291303,wrong_vector,0,-0.0660007618367672,-0.1320015236735344,0.23205014496343992,true,0.04007549826621028,0.055329271254852666,0.16391710176828728
joint-08c462a1ad92c4ade964,M1,291303,wrong_vector,0,0.1320015236735344,-0.0660007618367672,0.3462816740878165,true,0.0571210529056367,0.04699200176717043,0.1398136106536927
joint-2ce56f0ea0683dcda2f5,M1,291303,wrong_vector,0,-0.1320015236735344,-0.0660007618367672,0.25970543383974226,true,0.044765956531191184,0.04839217842128186,0.18649681152763464
joint-e8e45e1d9d7dc3a06a25,M1,291303,wrong_vector,0,0.1320015236735344,-0.1320015236735344,0.5031950873727344,false,0.07617166121986102,0.06620149137484904,0.20118552553361074
joint-cf92d455cc3ba4b96312,M1,291303,wrong_vector,1,-0.1320015236735344,0.1320015236735344,0.38548943675932956,true,0.0741203957244205,0.07362243529466239,0.2700916309991279
joint-2a931d7a53cb9c33974d,M2,291501,sham,0,0.0660007618367672,-0.0660007618367672,0.2164193665626986,true,0.03439288456698463,0.037552866821333186,0.1371548309659208
joint-4352a0ffd3ac22d2f5e6,M2,291501,sham,1,0.0660007618367672,-0.0660007618367672,0.16749386662451912,true,0.03066374208331067,0.032988415180076856,0.09990943928422194
joint-147f59a58d0ef285e900,M2,291501,sham,0,0.0660007618367672,-0.1320015236735344,0.30215951910956285,true,0.05230665645889799,0.05423549410222397,0.24734135538529947
joint-d0326bfd1d59b011ffc1,M2,291501,sham,0,0.1320015236735344,0.0660007618367672,0.3498539899566612,true,0.054549367735099205,0.05608208369699118,0.1672600073358024
joint-b0a6408213b275a6eec4,M2,291501,sham,0,-0.1320015236735344,0.0660007618367672,0.33350732375333,true,0.05136359558170651,0.05261307820622519,0.16068822750043146
joint-f16075ae76c562b01afa,M2,291501,sham,1,0.1320015236735344,0.0660007618367672,0.3345356669030387,true,0.05434935846109635,0.05455388309759296,0.25636567652079706
joint-6c84dffefac07a85efd4,M2,291501,sham,1,0.1320015236735344,-0.1320015236735344,0.3819897213402703,true,0.06632909269887188,0.06603688057546561,0.19756666373885534
joint-530af393a720d348afb0,M2,291501,sham,1,0.0660007618367672,0.0660007618367672,0.21215099124527734,true,0.033396112366639294,0.03435868543574148,0.10063796243328782
joint-66b0d86cfbc4d904308f,M2,291501,sham,0,-0.0660007618367672,0.0660007618367672,0.18202576725583217,true,0.03497214406325688,0.036605896270938056,0.1090617825602347
joint-cb84ae0ab47be6c0b097,M2,291501,sham,0,-0.0660007618367672,0.1320015236735344,0.37861483588543143,true,0.056030643888661136,0.05805712056956193,0.17828458091215557
joint-bd7b1bc3eac5c32be6ce,M2,291501,sham,0,-0.0660007618367672,-0.0660007618367672,0.1874262182942186,true,0.04067960139630081,0.03940753438836687,0.1413579518007824
joint-f42e2b2aa0bcf1904b2c,M2,291501,sham,1,0.1320015236735344,0.0660007618367672,0.30859454303245126,true,0.04986568228642757,0.049686360619753366,0.2562338905487334
joint-0cc5980f554a68da719e,M2,291501,sham,0,0.1320015236735344,0.1320015236735344,0.3654120519255594,true,0.07166682166300539,0.07075453418825443,0.30328439564962256
joint-c71196ce6b27a5f15741,M2,291501,sham,1,-0.0660007618367672,-0.0660007618367672,0.17699162617163383,true,0.027733377168978127,0.031256305013951956,0.08972765005257954
joint-08a29e94c959b15daf6c,M2,291501,sham,0,-0.1320015236735344,-0.0660007618367672,0.3506972209424245,true,0.0568798406295787,0.059928583018265966,0.22289456614874856
joint-009344968abd7434a0a8,M2,291501,sham,1,0.1320015236735344,-0.1320015236735344,0.36974336188988505,true,0.06751584354489298,0.07225397457459881,0.21674267622109109
joint-0d9b039cb21daac03d2a,M2,291501,sham,1,0.0660007618367672,0.0660007618367672,0.17620842517078966,true,0.032810181195472674,0.0344889687152156,0.10428271499897236
joint-96bbd61ef63ebf358d5e,M2,291501,sham,0,-0.0660007618367672,0.0660007618367672,0.16964104146249134,true,0.03041132867902777,0.03155277678844072,0.09603646255410804
joint-71226efdc82c7b8eb4e1,M2,291501,sham,1,0.1320015236735344,-0.1320015236735344,0.38818754717615217,false,0.07009172536403875,0.07506078056589344,0.2976366868014027
joint-2b6a5ce6c26b3991652e,M2,291501,sham,0,0.0660007618367672,-0.1320015236735344,0.32258812240635404,true,0.05089667887718559,0.05291466101060745,0.1612789555938443
joint-c45a492c6ab0e2e5bfbe,M2,291501,sham,1,0.1320015236735344,-0.0660007618367672,0.3437512773751186,true,0.05404770904498148,0.055715392117911516,0.2675997692796477
joint-b2b2ebaf8b3253aafde3,M2,291501,sham,0,0.1320015236735344,-0.1320015236735344,0.3751235087238847,true,0.0725699396985048,0.07215655256482376,0.2585347554945984
joint-58d5f239e12552c3626e,M2,291501,sham,0,-0.1320015236735344,0.1320015236735344,0.3357393798135804,true,0.06490768112452987,0.06873545418082717,0.2916603768193759
joint-fc2b76f0772372bf8c3c,M2,291501,sham,1,-0.1320015236735344,0.0660007618367672,0.3464462789348327,true,0.05529366194077556,0.054608978005459545,0.16642023371813436
joint-fe2aefddb9b7745686ad,M2,291501,sham,1,-0.0660007618367672,0.0660007618367672,0.1920420266647152,true,0.036791022258360694,0.03262518327518308,0.14159881607578606
joint-8b6ff975d45da97a4933,M2,291501,sham,1,0.1320015236735344,-0.1320015236735344,0.3881540680636392,true,0.06462534416184913,0.07251617762835146,0.2203397989847225
joint-175e17d0ef9573bac40e,M2,291501,sham,0,-0.1320015236735344,0.1320015236735344,0.3316233679162415,true,0.06529698192563509,0.06744425934574531,0.2072126394462187
joint-a3d06b9cb0966439eddd,M2,291501,sham,1,0.0660007618367672,0.1320015236735344,0.3872607212979554,true,0.05258170290879794,0.05390903841312729,0.1897279506367884
joint-04c90cd2b55e51d7395c,M2,291501,sham,0,0.0660007618367672,-0.1320015236735344,0.3449187636077938,true,0.05275591346775694,0.05208291590654779,0.18054648835664958
joint-03d19206c4766692b70a,M2,291501,sham,0,-0.0660007618367672,0.0660007618367672,0.15586227729421195,true,0.028899275537129784,0.03186002649768095,0.09843362549264542
joint-f3533a47857412ee6574,M2,291501,sham,1,-0.0660007618367672,-0.0660007618367672,0.19734034635007214,true,0.028901864414795832,0.02988895380399506,0.08855865035002639
joint-19e423cc276169fd1073,M2,291501,sham,1,0.1320015236735344,0.0660007618367672,0.2896010499576064,true,0.053718423131899284,0.057401901070736075,0.23313298902442003
joint-ff96f3eeddc533681410,M2,291501,sham,0,-0.1320015236735344,0.0660007618367672,0.34147034015635336,true,0.06398248003321384,0.06436955968413577,0.21510523578200186
joint-c4e21270ec4d0d7be262,M2,291501,sham,0,-0.0660007618367672,0.1320015236735344,0.35028414970173366,true,0.05728972637048941,0.06029212405935076,0.18263079795798182
joint-f3c2aa3445150de38445,M2,291501,sham,1,-0.0660007618367672,-0.1320015236735344,0.362499053004952,true,0.05199377752396816,0.05319403051419083,0.16280233542784878
joint-9b1bd063fe31242ee1d4,M2,291501,sham,0,-0.1320015236735344,0.0660007618367672,0.3561314338332273,true,0.05560433707654425,0.05732392172686271,0.17718859194718084
joint-dc07119105a4b0f17fef,M2,291501,sham,0,-0.1320015236735344,-0.1320015236735344,0.37178215037422274,true,0.07087297257245767,0.07360851555390713,0.22849679695298278
joint-e62d176dd1f3b78034aa,M2,291501,sham,1,0.0660007618367672,0.0660007618367672,0.1828718333544406,true,0.03418421823657849,0.0355934241923508,0.10782568239950571
joint-7fb044ff7f38057c2332,M2,291501,sham,1,-0.0660007618367672,-0.1320015236735344,0.36259912816592066,true,0.05307559557813169,0.05475241526902028,0.16664147650409936
joint-86e6ae730070eee6983b,M2,291501,sham,1,0.0660007618367672,-0.0660007618367672,0.1878545079493691,true,0.03126689734073688,0.0329710795708845,0.15461231911233816
joint-9a206f19112cd83d8451,M2,291501,sham,1,0.1320015236735344,-0.1320015236735344,0.348933808713653,true,0.06380257542859381,0.06270366471082749,0.18703586605181166
joint-d9be6f5c2e8106f0264a,M2,291501,sham,1,0.0660007618367672,-0.0660007618367672,0.16686606469659074,true,0.031330730456957535,0.03218005997903684,0.09590838935069386
joint-6f8a92fc80c9c4920afe,M2,291501,sham,1,0.0660007618367672,-0.0660007618367672,0.23526458447269924,true,0.039398731939868724,0.03556907888503122,0.14337770454081325
joint-2a31fc646bfd539046d7,M2,291501,sham,1,0.0660007618367672,0.1320015236735344,0.37673233960049485,true,0.05342911105801836,0.051932811475105936,0.27296992843305234
joint-e8ed568644109d3c68dd,M2,291501,sham,1,0.0660007618367672,0.0660007618367672,0.24377205594911777,true,0.03771670524324442,0.0380130541853094,0.11343491363542826
joint-310c46903e1f1c1d5a60,M2,291501,sham,0,-0.0660007618367672,0.0660007618367672,0.18402460974768559,true,0.031552173536092486,0.032578817690392475,0.09999958378669355
joint-1285f64b5ffdc41a435d,M2,291501,sham,0,0.0660007618367672,0.0660007618367672,0.20961933664779706,true,0.03764762476439856,0.03547864694299042,0.14253881943902552
joint-70524fe1e7c2518c400a,M2,291501,sham,1,0.0660007618367672,-0.1320015236735344,0.37013712412332594,true,0.05404695304266255,0.05564486741291172,0.1679798163696423
joint-41ae71c0e6c6d51506eb,M2,291501,sham,0,-0.0660007618367672,-0.0660007618367672,0.18808069587044374,true,0.03552024928291463,0.037179690820391985,0.1579494317659039
joint-f2a415df92c5dbd9c22b,M2,291501,sham,1,0.1320015236735344,0.0660007618367672,0.32286413208871656,true,0.05345223860535112,0.05572779505958026,0.16630197943197206
joint-05f0f9643ecc833a54a1,M2,291501,sham,1,0.1320015236735344,-0.1320015236735344,0.34396003573217815,true,0.0626959340056613,0.06727940715050555,0.2039239693157355
joint-6731d5008cdff8444b8a,M2,291501,sham,0,0.0660007618367672,0.1320015236735344,0.3060299499406964,true,0.048581985359816664,0.04909394636561238,0.1486979876624788
joint-cd5d57fb2d2fc404ed88,M2,291501,sham,1,0.0660007618367672,-0.1320015236735344,0.34887696202421387,true,0.05077720877549776,0.053524136344652355,0.1634250248912003
joint-c73f7954cc710bf9d63c,M2,291501,sham,0,-0.1320015236735344,0.1320015236735344,0.38229562934822864,true,0.07108086621825595,0.07434153410838865,0.32399070389385703
joint-8c80649d97868318c9fe,M2,291501,sham,1,-0.0660007618367672,0.1320015236735344,0.38490626885294427,true,0.05505510780342932,0.05778673468311328,0.1737757267960623
joint-e8ffd69e58705acdb563,M2,291501,sham,0,-0.1320015236735344,-0.1320015236735344,0.3428049446509248,true,0.06480621302820265,0.06749141482677336,0.24719446483396168
joint-2474a6ed6bbe4f7e1b97,M2,291501,sham,1,-0.0660007618367672,-0.0660007618367672,0.22295590489630346,true,0.04074052957130124,0.043931255142121095,0.168135370727515
joint-1b6c644185589ebc48c8,M2,291501,sham,1,-0.1320015236735344,0.1320015236735344,0.4002700757646147,false,0.06759458775535274,0.07064443489596636,0.21115090808948334
joint-efe7c8a0a11bb35094e0,M2,291501,sham,0,-0.1320015236735344,0.0660007618367672,0.3689478184366889,true,0.05832209558670622,0.061740418758895486,0.2791404165627284
joint-9ea456682d298ae62b43,M2,291501,sham,0,0.1320015236735344,0.1320015236735344,0.35342396304274165,false,0.07206166410116092,0.07218721471576253,0.2859874825873338
joint-7d924a87e8568d82b71b,M2,291501,sham,1,-0.0660007618367672,-0.1320015236735344,0.3901307086649935,false,0.052317345838333106,0.05429183089256388,0.16529220460330263
joint-f012efad790d4bcb5275,M2,291501,sham,1,0.0660007618367672,-0.1320015236735344,0.3032429801440006,true,0.045712942799284485,0.04927328286528557,0.18458745219495923
joint-99a2122f162a74088f58,M2,291501,sham,0,0.1320015236735344,0.0660007618367672,0.3491855349269855,true,0.05708833549801849,0.05858072376930187,0.17688788592712673
joint-ce884c4d333127e8b6dc,M2,291501,sham,0,0.1320015236735344,-0.1320015236735344,0.36865155910824027,true,0.07028649371260158,0.07218487493665939,0.21903723827933624
joint-50af49320c1511a0d6c6,M2,291501,sham,1,0.1320015236735344,0.1320015236735344,0.40068653502790486,true,0.07200985381340656,0.07313920266548216,0.29942327214550624
joint-4664e26abb95085a572a,M2,291501,sham,1,-0.1320015236735344,-0.1320015236735344,0.3492003009962324,true,0.060436507955974064,0.06484961780194987,0.2802524137091696
joint-79aa8ba0c5489ddf2497,M2,291501,sham,1,0.0660007618367672,0.0660007618367672,0.19517571978557716,true,0.04013504007506293,0.04284103485533575,0.1611751838776926
joint-d987f2e8f59153959f0b,M2,291501,sham,0,0.0660007618367672,-0.0660007618367672,0.18286182709072543,true,0.03816533985457944,0.03809070756292997,0.13771708866804097
joint-cb8130fb1c35fd8e7b18,M2,291501,sham,0,0.1320015236735344,0.1320015236735344,0.3502056172406643,true,0.06600419589990607,0.06888961690282865,0.20891298228918254
joint-d18a1d26ca0c2d035ee3,M2,291501,sham,1,-0.0660007618367672,0.0660007618367672,0.21681209640484808,true,0.03886852926594704,0.039819350741373515,0.15925203702833374
joint-da2f34f1c087e97b1afb,M2,291501,sham,0,-0.0660007618367672,0.0660007618367672,0.20564827818704542,true,0.03669645279871723,0.03989530102835554,0.1206912273230657
joint-d61e8bcf8b85f15c898a,M2,291501,sham,1,-0.0660007618367672,-0.0660007618367672,0.1733550056694937,true,0.03251140549855675,0.03285390355905148,0.10154627549609851
joint-4de8fb543630717fe750,M2,291501,sham,1,0.0660007618367672,0.1320015236735344,0.3701120949216022,true,0.0517706955504032,0.05279453626283288,0.1603519345213369
joint-dc3cf8ce3539277e0726,M2,291501,sham,0,-0.0660007618367672,-0.1320015236735344,0.31952837849482685,true,0.05350050133241869,0.05646294696083408,0.2711914149154502
joint-afc74f4446a723051311,M2,291501,sham,0,0.1320015236735344,0.0660007618367672,0.34036390755054485,true,0.056844903607719495,0.05729524154079961,0.1926548194726245
joint-b8e91cf056a2850aa06d,M2,291501,sham,1,0.1320015236735344,0.1320015236735344,0.41763484449861554,true,0.0694250135771512,0.06850555822645782,0.296991701262471
joint-1f313d8436034e3c8a2f,M2,291501,sham,0,0.0660007618367672,-0.0660007618367672,0.17322317029785014,true,0.035473477158524544,0.03447133599000797,0.10296433899214616
joint-86283058a19cd7794f47,M2,291501,sham,1,-0.1320015236735344,0.1320015236735344,0.313505785769261,true,0.060461767538499064,0.06277306002797833,0.2851062190607691
joint-a5ed81533299a3f553ae,M2,291501,sham,1,0.0660007618367672,0.1320015236735344,0.4255901742837639,false,0.05919228463111335,0.06109237996159734,0.18174371519555305
joint-1b3125f558c72b1ea5e4,M2,291501,sham,1,-0.0660007618367672,0.1320015236735344,0.32072389936653306,true,0.04696934903652263,0.04746705813563126,0.1508151686636718
joint-3dcb938aa6f788013529,M2,291501,sham,0,-0.0660007618367672,-0.0660007618367672,0.13797662902102684,true,0.0340860558957156,0.03509858937317831,0.12614347436312615
joint-f3d0c584cd58125ec9bd,M2,291501,sham,0,-0.0660007618367672,-0.1320015236735344,0.3246151153134525,true,0.053158683868573614,0.05579137066218757,0.1952764096877271
joint-a4fe2bd135f56d3a3b4d,M2,291501,sham,0,-0.1320015236735344,-0.0660007618367672,0.3709494404443834,true,0.06440074820425802,0.062318005583670795,0.2058900048736995
joint-baf9ad5b2a0e2663433b,M2,291501,sham,0,0.1320015236735344,0.1320015236735344,0.3795094407143496,true,0.07038048319008719,0.07007331972416057,0.32393010525310145
joint-63dd4abeb6e1325c7806,M2,291501,sham,0,-0.1320015236735344,0.1320015236735344,0.3585364259207269,true,0.06818121935122039,0.07173848407585516,0.22193616879344205
joint-89a8114aac92bfca40db,M2,291501,sham,0,0.0660007618367672,0.1320015236735344,0.3487412386325413,true,0.06098395491838435,0.05824485568173392,0.2153083225155155
joint-fdd9add87d3e0887f0db,M2,291501,sham,0,-0.0660007618367672,-0.0660007618367672,0.20620473849723336,true,0.03421758251195188,0.03365395675873761,0.10243750152347687
joint-8deb233befdaaa44244e,M2,291501,sham,0,-0.0660007618367672,-0.1320015236735344,0.38147899309552724,true,0.057589078191779865,0.06147889799883113,0.29661135835558033
joint-750a25537e1c577ecb17,M2,291501,sham,0,0.1320015236735344,0.0660007618367672,0.343542302444933,true,0.05472733086340752,0.05782564057532998,0.2614492025268865
joint-d20c3c92116f8fce3c1e,M2,291501,sham,0,-0.1320015236735344,-0.0660007618367672,0.35306940800205266,true,0.056786475549870936,0.056972307259170955,0.2769534456358147
joint-83912571774477870e69,M2,291501,sham,0,0.1320015236735344,-0.0660007618367672,0.3033003979772586,true,0.05155832608913081,0.05336888949479829,0.16240982339023477
joint-0b091357d2bc89169b82,M2,291501,sham,0,0.1320015236735344,-0.1320015236735344,0.372292428378374,false,0.07546718772334056,0.07800752717608321,0.3023715356668021
joint-79a2726c7c85c127d89d,M2,291501,sham,0,-0.1320015236735344,-0.1320015236735344,0.40379017066409373,true,0.07227197773563926,0.07305985479780572,0.3005096406577436
joint-ff0e8b614b34aecce4b3,M2,291501,sham,1,0.0660007618367672,0.1320015236735344,0.308923234619721,true,0.048999081351443256,0.049561572624358154,0.17141513066487607
joint-a6e0056491e5774f3780,M2,291501,sham,0,0.0660007618367672,-0.1320015236735344,0.4135639555591003,true,0.06901001079773071,0.06800998499623999,0.2184181284959002
joint-009541860623d2bb9f1f,M2,291501,sham,0,-0.0660007618367672,0.1320015236735344,0.3128213322544113,true,0.04903075025249769,0.05207164685674308,0.15896205148632986
joint-ffe811f4bd9985f39189,M2,291501,sham,0,-0.0660007618367672,-0.1320015236735344,0.33322222268330287,true,0.0527113514780615,0.05464607727095286,0.16881550611715598
joint-08c462a1ad92c4ade964,M2,291501,sham,0,0.1320015236735344,-0.0660007618367672,0.28232027886683597,true,0.04683357889864616,0.048249664409888024,0.14522655421328143
joint-2ce56f0ea0683dcda2f5,M2,291501,sham,0,-0.1320015236735344,-0.0660007618367672,0.28635192953412086,true,0.05125785617641441,0.05279913011404932,0.2420626855983392
joint-e8e45e1d9d7dc3a06a25,M2,291501,sham,0,0.1320015236735344,-0.1320015236735344,0.35769656255926463,true,0.06924525664566786,0.06983062776914348,0.2134550724489062
joint-cf92d455cc3ba4b96312,M2,291501,sham,1,-0.1320015236735344,0.1320015236735344,0.41970885327572705,true,0.06790546403265911,0.06999173448017634,0.3021110210768357
joint-2a931d7a53cb9c33974d,M2,291501,random,0,0.0660007618367672,-0.0660007618367672,0.22237112530311176,true,0.03530564751921503,0.037549248047931666,0.13649127887638554
joint-4352a0ffd3ac22d2f5e6,M2,291501,random,1,0.0660007618367672,-0.0660007618367672,0.15943767040580184,true,0.029225503048284376,0.03145755917759538,0.09892577535439037
joint-147f59a58d0ef285e900,M2,291501,random,0,0.0660007618367672,-0.1320015236735344,0.29720119665001105,true,0.053981705519638545,0.052518587291217944,0.24833410882996454
joint-d0326bfd1d59b011ffc1,M2,291501,random,0,0.1320015236735344,0.0660007618367672,0.3750139079286987,true,0.06523488769983513,0.06875729654653051,0.19928626959038798
joint-b0a6408213b275a6eec4,M2,291501,random,0,-0.1320015236735344,0.0660007618367672,0.32169775390793237,true,0.049503894997795284,0.05066269653642265,0.15074319754655807
joint-f16075ae76c562b01afa,M2,291501,random,1,0.1320015236735344,0.0660007618367672,0.3411463062934726,true,0.06287193414164147,0.05729706505052072,0.26084758304009886
joint-6c84dffefac07a85efd4,M2,291501,random,1,0.1320015236735344,-0.1320015236735344,0.3311618677579333,true,0.06011509552499483,0.061801174072355754,0.1841955476835049
joint-530af393a720d348afb0,M2,291501,random,1,0.0660007618367672,0.0660007618367672,0.200576109888058,true,0.040264429701480364,0.0362271562273038,0.08586838468751305
joint-66b0d86cfbc4d904308f,M2,291501,random,0,-0.0660007618367672,0.0660007618367672,0.18810032500610452,true,0.035464919297800546,0.0394319694334407,0.12099261328704054
joint-cb84ae0ab47be6c0b097,M2,291501,random,0,-0.0660007618367672,0.1320015236735344,0.38231775402465873,true,0.057255968501658004,0.05941835296054931,0.17837777532436178
joint-bd7b1bc3eac5c32be6ce,M2,291501,random,0,-0.0660007618367672,-0.0660007618367672,0.22328115731958914,true,0.07818007432961237,0.07994712488941544,0.16442710685726863
joint-f42e2b2aa0bcf1904b2c,M2,291501,random,1,0.1320015236735344,0.0660007618367672,0.31088312447865624,true,0.07363429577101925,0.07013863456055386,0.22110096121265457
joint-0cc5980f554a68da719e,M2,291501,random,0,0.1320015236735344,0.1320015236735344,0.3645218285919762,true,0.08007110006277751,0.08928206743126622,0.3352872463280538
joint-c71196ce6b27a5f15741,M2,291501,random,1,-0.0660007618367672,-0.0660007618367672,0.19336209841452934,true,0.038015613097131265,0.03550477276155829,0.07995924147800036
joint-08a29e94c959b15daf6c,M2,291501,random,0,-0.1320015236735344,-0.0660007618367672,0.420927284759371,false,0.10871038865075425,0.09809052513714567,0.24254580785087068
joint-009344968abd7434a0a8,M2,291501,random,1,0.1320015236735344,-0.1320015236735344,0.3575991182508585,true,0.0681339339471408,0.06843047983589975,0.20941778954789356
joint-0d9b039cb21daac03d2a,M2,291501,random,1,0.0660007618367672,0.0660007618367672,0.21282197239173664,true,0.03654080510777549,0.04066339420591507,0.10405869535029917
joint-96bbd61ef63ebf358d5e,M2,291501,random,0,-0.0660007618367672,0.0660007618367672,0.18013350993143162,true,0.03256761332629817,0.03146683883508058,0.09389487528850406
joint-71226efdc82c7b8eb4e1,M2,291501,random,1,0.1320015236735344,-0.1320015236735344,0.3876723913675291,true,0.07179977311196997,0.08220976907651231,0.3156252628518115
joint-2b6a5ce6c26b3991652e,M2,291501,random,0,0.0660007618367672,-0.1320015236735344,0.30097145819868165,true,0.05261737713295279,0.057459163623120244,0.1704155487718121
joint-c45a492c6ab0e2e5bfbe,M2,291501,random,1,0.1320015236735344,-0.0660007618367672,0.3478632270165452,true,0.05507838598245197,0.05678592515695775,0.2614387086122817
joint-b2b2ebaf8b3253aafde3,M2,291501,random,0,0.1320015236735344,-0.1320015236735344,0.38221777481673563,true,0.0782751542186861,0.07082653904116454,0.25056969046080735
joint-58d5f239e12552c3626e,M2,291501,random,0,-0.1320015236735344,0.1320015236735344,0.367636472602037,true,0.07344325858290021,0.080510226693755,0.3014937624991377
joint-fc2b76f0772372bf8c3c,M2,291501,random,1,-0.1320015236735344,0.0660007618367672,0.3447152468309135,true,0.05633248119698417,0.05875496685678243,0.17839040538122544
joint-fe2aefddb9b7745686ad,M2,291501,random,1,-0.0660007618367672,0.0660007618367672,0.1879596430903867,true,0.03675958016621631,0.03256246937473523,0.1396359508814107
joint-8b6ff975d45da97a4933,M2,291501,random,1,0.1320015236735344,-0.1320015236735344,0.407717700061886,false,0.06746179906720212,0.07297354331558294,0.22511194263619436
joint-175e17d0ef9573bac40e,M2,291501,random,0,-0.1320015236735344,0.1320015236735344,0.35071430569979434,true,0.06717391472814667,0.07202603286857666,0.22542210494923037
joint-a3d06b9cb0966439eddd,M2,291501,random,1,0.0660007618367672,0.1320015236735344,0.4258480875055195,true,0.06825194521238502,0.06504651068271995,0.18324362931802424
joint-04c90cd2b55e51d7395c,M2,291501,random,0,0.0660007618367672,-0.1320015236735344,0.3605161282823286,true,0.054760370735496264,0.05304204455031638,0.18587330998491075
joint-03d19206c4766692b70a,M2,291501,random,0,-0.0660007618367672,0.0660007618367672,0.15185671701562203,true,0.03030132583744333,0.03141751183846847,0.09556549396610928
joint-f3533a47857412ee6574,M2,291501,random,1,-0.0660007618367672,-0.0660007618367672,0.19864931946051956,true,0.03513640748189436,0.030195176369131053,0.08483294999573063
joint-19e423cc276169fd1073,M2,291501,random,1,0.1320015236735344,0.0660007618367672,0.29032116541448494,true,0.07842012175470561,0.08872756665551719,0.24239406380987366
joint-ff96f3eeddc533681410,M2,291501,random,0,-0.1320015236735344,0.0660007618367672,0.33633360958096925,true,0.07057948623548126,0.07574567744295083,0.22359286158809066
joint-c4e21270ec4d0d7be262,M2,291501,random,0,-0.0660007618367672,0.1320015236735344,0.3519842524153223,true,0.05758675316692688,0.06037060909249981,0.18597119665630799
joint-f3c2aa3445150de38445,M2,291501,random,1,-0.0660007618367672,-0.1320015236735344,0.3288664275905304,true,0.05574394110186196,0.05564943580379377,0.14997412169196672
joint-9b1bd063fe31242ee1d4,M2,291501,random,0,-0.1320015236735344,0.0660007618367672,0.35054442169158717,true,0.058858272944637816,0.06304436957804607,0.19177577228155768
joint-dc07119105a4b0f17fef,M2,291501,random,0,-0.1320015236735344,-0.1320015236735344,0.4000098344661121,false,0.09135588702150232,0.08888211835007069,0.22896468115971763
joint-e62d176dd1f3b78034aa,M2,291501,random,1,0.0660007618367672,0.0660007618367672,0.18999329623185562,true,0.04620682191523233,0.03593486935699165,0.09376248393583342
joint-7fb044ff7f38057c2332,M2,291501,random,1,-0.0660007618367672,-0.1320015236735344,0.4245598124204576,false,0.06210652024793902,0.05759466588749559,0.15148376822669604
joint-86e6ae730070eee6983b,M2,291501,random,1,0.0660007618367672,-0.0660007618367672,0.1924725206051783,true,0.03246703622662237,0.03499936729989171,0.1600976927407164
joint-9a206f19112cd83d8451,M2,291501,random,1,0.1320015236735344,-0.1320015236735344,0.3432011844855739,true,0.06420947790420531,0.062403775491320965,0.18196628624140743
joint-d9be6f5c2e8106f0264a,M2,291501,random,1,0.0660007618367672,-0.0660007618367672,0.15571362460097443,true,0.029871767612923556,0.03019158914175426,0.09053884818397763
joint-6f8a92fc80c9c4920afe,M2,291501,random,1,0.0660007618367672,-0.0660007618367672,0.23756702115572545,true,0.03988267516892854,0.03574354431014478,0.144000384572741
joint-2a31fc646bfd539046d7,M2,291501,random,1,0.0660007618367672,0.1320015236735344,0.3514864957679903,true,0.05717672018254181,0.05429239021206712,0.26421566806784125
joint-e8ed568644109d3c68dd,M2,291501,random,1,0.0660007618367672,0.0660007618367672,0.21122482748964624,true,0.041847612421956906,0.03707409279972859,0.10300639003626709
joint-310c46903e1f1c1d5a60,M2,291501,random,0,-0.0660007618367672,0.0660007618367672,0.18993928974677865,true,0.03367029107669159,0.03593071926136846,0.10499408457468523
joint-1285f64b5ffdc41a435d,M2,291501,random,0,0.0660007618367672,0.0660007618367672,0.18860123082087954,true,0.039803032183558566,0.0382186359765275,0.15180526224878546
joint-70524fe1e7c2518c400a,M2,291501,random,1,0.0660007618367672,-0.1320015236735344,0.3545731252437919,true,0.05192999488312347,0.05290218064055852,0.16556529255299107
joint-41ae71c0e6c6d51506eb,M2,291501,random,0,-0.0660007618367672,-0.0660007618367672,0.1995601146481464,true,0.03735253473057866,0.037256002454370954,0.15250140380615626
joint-f2a415df92c5dbd9c22b,M2,291501,random,1,0.1320015236735344,0.0660007618367672,0.39288973380555714,false,0.08401975302339296,0.08016439214177974,0.1962572241166025
joint-05f0f9643ecc833a54a1,M2,291501,random,1,0.1320015236735344,-0.1320015236735344,0.34423289022991377,true,0.06695119481633216,0.07133751701382784,0.20989597772526453
joint-6731d5008cdff8444b8a,M2,291501,random,0,0.0660007618367672,0.1320015236735344,0.23286305575516164,true,0.04118653221104044,0.04939051938614076,0.14841567213290346
joint-cd5d57fb2d2fc404ed88,M2,291501,random,1,0.0660007618367672,-0.1320015236735344,0.33996794052613094,true,0.04920850889626989,0.053504120186500984,0.16653648168548799
joint-c73f7954cc710bf9d63c,M2,291501,random,0,-0.1320015236735344,0.1320015236735344,0.3869575875853588,true,0.07498061464241226,0.07608535221222248,0.3197422081935917
joint-8c80649d97868318c9fe,M2,291501,random,1,-0.0660007618367672,0.1320015236735344,0.3749459792365379,true,0.05330259757978588,0.06068714964482537,0.17906686348701498
joint-e8ffd69e58705acdb563,M2,291501,random,0,-0.1320015236735344,-0.1320015236735344,0.3477365806450918,true,0.08682043825771578,0.07252660373174406,0.22756035261695065
joint-2474a6ed6bbe4f7e1b97,M2,291501,random,1,-0.0660007618367672,-0.0660007618367672,0.2206130113835068,true,0.04260019445293859,0.04679526135146207,0.16303898328914063
joint-1b6c644185589ebc48c8,M2,291501,random,1,-0.1320015236735344,0.1320015236735344,0.39811539882820385,false,0.06830114574080987,0.07388877184958485,0.22001030134180852
joint-efe7c8a0a11bb35094e0,M2,291501,random,0,-0.1320015236735344,0.0660007618367672,0.36129992500962227,true,0.060139104471043474,0.068236063929876,0.2805205112111339
joint-9ea456682d298ae62b43,M2,291501,random,0,0.1320015236735344,0.1320015236735344,0.4930877976902338,false,0.10344504967042317,0.11701098698069534,0.27596655668804787
joint-7d924a87e8568d82b71b,M2,291501,random,1,-0.0660007618367672,-0.1320015236735344,0.48451607824077886,false,0.09149019656167122,0.09766907933710092,0.214495773288333
joint-f012efad790d4bcb5275,M2,291501,random,1,0.0660007618367672,-0.1320015236735344,0.3085014030319343,true,0.04672551979272946,0.05196845775954923,0.18502835820620728
joint-99a2122f162a74088f58,M2,291501,random,0,0.1320015236735344,0.0660007618367672,0.34072668995812344,true,0.06365666197123418,0.07061141625083903,0.18327640269580417
joint-ce884c4d333127e8b6dc,M2,291501,random,0,0.1320015236735344,-0.1320015236735344,0.38254343104114624,false,0.07116111551816386,0.07133742711315294,0.21495803122720797
joint-50af49320c1511a0d6c6,M2,291501,random,1,0.1320015236735344,0.1320015236735344,0.4190113256556423,false,0.13070786576999277,0.12826461225972793,0.267063272036399
joint-4664e26abb95085a572a,M2,291501,random,1,-0.1320015236735344,-0.1320015236735344,0.4240773027180096,true,0.10283537891702278,0.10507469076619838,0.2697118988082942
joint-79aa8ba0c5489ddf2497,M2,291501,random,1,0.0660007618367672,0.0660007618367672,0.1844791618708781,true,0.04778379381296774,0.040703511080799906,0.15518467765749502
joint-d987f2e8f59153959f0b,M2,291501,random,0,0.0660007618367672,-0.0660007618367672,0.18335784095762012,true,0.038436079824385086,0.03777878212545366,0.13837099620685012
joint-cb8130fb1c35fd8e7b18,M2,291501,random,0,0.1320015236735344,0.1320015236735344,0.3842701404020517,false,0.07330416374697166,0.06748776923104116,0.2018814109067348
joint-d18a1d26ca0c2d035ee3,M2,291501,random,1,-0.0660007618367672,0.0660007618367672,0.2181082229156217,true,0.04241729492071645,0.0411828838434279,0.14915814342564315
joint-da2f34f1c087e97b1afb,M2,291501,random,0,-0.0660007618367672,0.0660007618367672,0.2061286155565179,true,0.03572655237095971,0.03837872656667303,0.11725162508551726
joint-d61e8bcf8b85f15c898a,M2,291501,random,1,-0.0660007618367672,-0.0660007618367672,0.1768769972277686,true,0.03201292943022132,0.03268176223127926,0.10107283193162228
joint-4de8fb543630717fe750,M2,291501,random,1,0.0660007618367672,0.1320015236735344,0.35838568486143474,true,0.05229928434107502,0.055440493012165616,0.16257934960514486
joint-dc3cf8ce3539277e0726,M2,291501,random,0,-0.0660007618367672,-0.1320015236735344,0.3079645095991009,true,0.057470121708855064,0.0614446364455707,0.2538967407614836
joint-afc74f4446a723051311,M2,291501,random,0,0.1320015236735344,0.0660007618367672,0.3598056943536653,true,0.06400096364536237,0.05909014933055962,0.19089863796827386
joint-b8e91cf056a2850aa06d,M2,291501,random,1,0.1320015236735344,0.1320015236735344,0.36356464732193267,true,0.08393425611541898,0.0666688166941408,0.2665559765993847
joint-1f313d8436034e3c8a2f,M2,291501,random,0,0.0660007618367672,-0.0660007618367672,0.17276688439434942,true,0.03493616193041208,0.03276843300566587,0.08686165263535288
joint-86283058a19cd7794f47,M2,291501,random,1,-0.1320015236735344,0.1320015236735344,0.3033435967020115,true,0.05946659796813646,0.06304003323088983,0.2855798790939683
joint-a5ed81533299a3f553ae,M2,291501,random,1,0.0660007618367672,0.1320015236735344,0.4808985881420612,false,0.06673662057222693,0.05084150530503828,0.1504607974336228
joint-1b3125f558c72b1ea5e4,M2,291501,random,1,-0.0660007618367672,0.1320015236735344,0.3187725586654237,true,0.04797026814270331,0.04744246683922635,0.14933161186841742
joint-3dcb938aa6f788013529,M2,291501,random,0,-0.0660007618367672,-0.0660007618367672,0.1507795938415643,true,0.040594287298944626,0.0391027891009824,0.11821523602730914
joint-f3d0c584cd58125ec9bd,M2,291501,random,0,-0.0660007618367672,-0.1320015236735344,0.2774531362354403,true,0.045585236339492304,0.06501577367297413,0.1978665759126334
joint-a4fe2bd135f56d3a3b4d,M2,291501,random,0,-0.1320015236735344,-0.0660007618367672,0.2938790066726283,true,0.05868542104695521,0.06281358758331465,0.20989936390436142
joint-baf9ad5b2a0e2663433b,M2,291501,random,0,0.1320015236735344,0.1320015236735344,0.43584548149946145,false,0.09011840319779985,0.08751509229148842,0.3431739127425856
joint-63dd4abeb6e1325c7806,M2,291501,random,0,-0.1320015236735344,0.1320015236735344,0.3437292771378643,true,0.06491181258696754,0.07017657221105424,0.21026453312156304
joint-89a8114aac92bfca40db,M2,291501,random,0,0.0660007618367672,0.1320015236735344,0.3668339018652792,true,0.09482660413728182,0.08193135030887588,0.23998059344478315
joint-fdd9add87d3e0887f0db,M2,291501,random,0,-0.0660007618367672,-0.0660007618367672,0.2212249456207757,true,0.03989487366533572,0.044309729992973564,0.11360007771068958
joint-8deb233befdaaa44244e,M2,291501,random,0,-0.0660007618367672,-0.1320015236735344,0.3769095251294529,true,0.06486658228716789,0.06237241592997465,0.3050931408652832
joint-750a25537e1c577ecb17,M2,291501,random,0,0.1320015236735344,0.0660007618367672,0.3255622074323231,true,0.057530260634401184,0.05610911375440847,0.25086094939437903
joint-d20c3c92116f8fce3c1e,M2,291501,random,0,-0.1320015236735344,-0.0660007618367672,0.35899040676715777,true,0.07251063250109295,0.06949120116957884,0.29436491482143845
joint-83912571774477870e69,M2,291501,random,0,0.1320015236735344,-0.0660007618367672,0.33223167422311606,true,0.05716468108156982,0.05864579376784174,0.17332543352607263
joint-0b091357d2bc89169b82,M2,291501,random,0,0.1320015236735344,-0.1320015236735344,0.4041426448906577,false,0.08775654971162039,0.08699503039258538,0.3120151387595772
joint-79a2726c7c85c127d89d,M2,291501,random,0,-0.1320015236735344,-0.1320015236735344,0.375161751721288,true,0.06707275407605855,0.07587267361358012,0.2710079718623734
joint-ff0e8b614b34aecce4b3,M2,291501,random,1,0.0660007618367672,0.1320015236735344,0.25930586153206325,true,0.04035780631157241,0.04881440779696489,0.17553265812112448
joint-a6e0056491e5774f3780,M2,291501,random,0,0.0660007618367672,-0.1320015236735344,0.45244518525206057,true,0.07246179132838144,0.06576441804533156,0.20957995282783318
joint-009541860623d2bb9f1f,M2,291501,random,0,-0.0660007618367672,0.1320015236735344,0.28740540112329827,true,0.04604323539087714,0.05104661867352252,0.1614641297595496
joint-ffe811f4bd9985f39189,M2,291501,random,0,-0.0660007618367672,-0.1320015236735344,0.277587747024511,true,0.054000739686776544,0.05388816037211108,0.1561161424369819
joint-08c462a1ad92c4ade964,M2,291501,random,0,0.1320015236735344,-0.0660007618367672,0.2816184696470672,true,0.04850931336807471,0.04783459556487791,0.14192215241811787
joint-2ce56f0ea0683dcda2f5,M2,291501,random,0,-0.1320015236735344,-0.0660007618367672,0.28556040458803705,true,0.05844369650952886,0.05887775501684161,0.25645081602073555
joint-e8e45e1d9d7dc3a06a25,M2,291501,random,0,0.1320015236735344,-0.1320015236735344,0.36116717159597556,true,0.07023799170872963,0.07060954277313261,0.2179439714296386
joint-cf92d455cc3ba4b96312,M2,291501,random,1,-0.1320015236735344,0.1320015236735344,0.42455968748267864,true,0.070202143047403,0.07152058363247839,0.30253511259585825
joint-2a931d7a53cb9c33974d,M2,291501,wrong_object,0,0.0660007618367672,-0.0660007618367672,0.22800650102038683,true,0.035650107585901585,0.0379770287939591,0.1394073949526816
joint-4352a0ffd3ac22d2f5e6,M2,291501,wrong_object,1,0.0660007618367672,-0.0660007618367672,0.16007887560603598,true,0.02991036280507456,0.030228440989007826,0.09349777987237917
joint-147f59a58d0ef285e900,M2,291501,wrong_object,0,0.0660007618367672,-0.1320015236735344,0.2962723403890249,true,0.052659545724448566,0.054883190521954846,0.24817544025370938
joint-d0326bfd1d59b011ffc1,M2,291501,wrong_object,0,0.1320015236735344,0.0660007618367672,0.30582699640691197,false,0.0756608693394485,0.08795028500149824,0.26718756313367475
joint-b0a6408213b275a6eec4,M2,291501,wrong_object,0,-0.1320015236735344,0.0660007618367672,0.3290747371910211,true,0.059971690427252616,0.06255663618789385,0.19233278295734074
joint-f16075ae76c562b01afa,M2,291501,wrong_object,1,0.1320015236735344,0.0660007618367672,0.33708255140610477,true,0.0671623833744357,0.06893963462090068,0.28665580200551205
joint-6c84dffefac07a85efd4,M2,291501,wrong_object,1,0.1320015236735344,-0.1320015236735344,0.35152035390609576,true,0.06654053543479997,0.06448406239542445,0.19832304585714056
joint-530af393a720d348afb0,M2,291501,wrong_object,1,0.0660007618367672,0.0660007618367672,0.21323143233499425,true,0.052622021859758415,0.054552015328921045,0.16082673357316912
joint-66b0d86cfbc4d904308f,M2,291501,wrong_object,0,-0.0660007618367672,0.0660007618367672,0.18266102448794327,true,0.03816837712859573,0.04082586497136224,0.11979708176990729
joint-cb84ae0ab47be6c0b097,M2,291501,wrong_object,0,-0.0660007618367672,0.1320015236735344,0.40977786080126616,false,0.06079889267099783,0.06559254668337049,0.20340017494956444
joint-bd7b1bc3eac5c32be6ce,M2,291501,wrong_object,0,-0.0660007618367672,-0.0660007618367672,0.17400734583704308,true,0.04684848127713921,0.04354620285327015,0.14867215578086607
joint-f42e2b2aa0bcf1904b2c,M2,291501,wrong_object,1,0.1320015236735344,0.0660007618367672,0.31726688408937387,true,0.06128702922993689,0.059554387270216134,0.28966736865446197
joint-0cc5980f554a68da719e,M2,291501,wrong_object,0,0.1320015236735344,0.1320015236735344,0.36802301792604253,false,0.08833166926638762,0.09598198468275555,0.31017727463372424
joint-c71196ce6b27a5f15741,M2,291501,wrong_object,1,-0.0660007618367672,-0.0660007618367672,0.11286522881020886,true,0.04335688999815591,0.043524121111968885,0.1059512920826584
joint-08a29e94c959b15daf6c,M2,291501,wrong_object,0,-0.1320015236735344,-0.0660007618367672,0.35110962697281933,false,0.07787807307553224,0.07240464638149807,0.26019318341412473
joint-009344968abd7434a0a8,M2,291501,wrong_object,1,0.1320015236735344,-0.1320015236735344,0.3409124701352731,true,0.06822507629762434,0.07004154906668099,0.2164152159022092
joint-0d9b039cb21daac03d2a,M2,291501,wrong_object,1,0.0660007618367672,0.0660007618367672,0.16852691465007363,true,0.04611881105822362,0.045898277469169205,0.13833651598558055
joint-96bbd61ef63ebf358d5e,M2,291501,wrong_object,0,-0.0660007618367672,0.0660007618367672,0.15763747994149155,true,0.030983310338804183,0.032846660351311265,0.09710903548982132
joint-71226efdc82c7b8eb4e1,M2,291501,wrong_object,1,0.1320015236735344,-0.1320015236735344,0.38983446158433,false,0.07478272778206677,0.0772134172436916,0.30389683889894936
joint-2b6a5ce6c26b3991652e,M2,291501,wrong_object,0,0.0660007618367672,-0.1320015236735344,0.2969471430201441,true,0.04746946550210863,0.04866398849556296,0.14729711008306848
joint-c45a492c6ab0e2e5bfbe,M2,291501,wrong_object,1,0.1320015236735344,-0.0660007618367672,0.34658963601577125,true,0.059783044847234575,0.061915462012137164,0.28161379960934646
joint-b2b2ebaf8b3253aafde3,M2,291501,wrong_object,0,0.1320015236735344,-0.1320015236735344,0.3790405268247178,true,0.07359932310376371,0.07401192962196008,0.25327673337411594
joint-58d5f239e12552c3626e,M2,291501,wrong_object,0,-0.1320015236735344,0.1320015236735344,0.3599857442865326,true,0.06801311395844588,0.07211584819643735,0.3004736388674826
joint-fc2b76f0772372bf8c3c,M2,291501,wrong_object,1,-0.1320015236735344,0.0660007618367672,0.33887955379837287,true,0.0608044908782679,0.0591204128057979,0.1773965467529497
joint-fe2aefddb9b7745686ad,M2,291501,wrong_object,1,-0.0660007618367672,0.0660007618367672,0.20234043150479025,true,0.0408022828150196,0.03702626797495129,0.15689164501843283
joint-8b6ff975d45da97a4933,M2,291501,wrong_object,1,0.1320015236735344,-0.1320015236735344,0.3572269702531824,true,0.06365528447808491,0.06955402047214394,0.21822170655065629
joint-175e17d0ef9573bac40e,M2,291501,wrong_object,0,-0.1320015236735344,0.1320015236735344,0.33769798390126676,true,0.0662511514233696,0.06915457065892154,0.2112960443695214
joint-a3d06b9cb0966439eddd,M2,291501,wrong_object,1,0.0660007618367672,0.1320015236735344,0.3967220094250875,false,0.06841993385873128,0.061614619464276224,0.19633570834591718
joint-04c90cd2b55e51d7395c,M2,291501,wrong_object,0,0.0660007618367672,-0.1320015236735344,0.3151127758687026,true,0.050640463908938636,0.049256837776890036,0.17299332709247864
joint-03d19206c4766692b70a,M2,291501,wrong_object,0,-0.0660007618367672,0.0660007618367672,0.13835597855187373,true,0.030661223154306076,0.03385854379859883,0.10307522144760868
joint-f3533a47857412ee6574,M2,291501,wrong_object,1,-0.0660007618367672,-0.0660007618367672,0.13162080489989364,true,0.0426525277524527,0.03946812196635238,0.09856831175624313
joint-19e423cc276169fd1073,M2,291501,wrong_object,1,0.1320015236735344,0.0660007618367672,0.3017688494269544,false,0.07909099718144803,0.07838995122528464,0.3058900228566342
joint-ff96f3eeddc533681410,M2,291501,wrong_object,0,-0.1320015236735344,0.0660007618367672,0.3227719070697731,true,0.06581746312723344,0.06443267189020797,0.2234229207801824
joint-c4e21270ec4d0d7be262,M2,291501,wrong_object,0,-0.0660007618367672,0.1320015236735344,0.38680784686292186,true,0.06433656400844456,0.07131720771504384,0.21408169016063192
joint-f3c2aa3445150de38445,M2,291501,wrong_object,1,-0.0660007618367672,-0.1320015236735344,0.27808967355979913,false,0.06991768904891059,0.07405352282766774,0.2012885416745177
joint-9b1bd063fe31242ee1d4,M2,291501,wrong_object,0,-0.1320015236735344,0.0660007618367672,0.3345725083440568,true,0.06367815770239259,0.0684374598753341,0.20935769892867342
joint-dc07119105a4b0f17fef,M2,291501,wrong_object,0,-0.1320015236735344,-0.1320015236735344,0.35449992696418947,false,0.09379786220200624,0.10538419773189284,0.3180110582887005
joint-e62d176dd1f3b78034aa,M2,291501,wrong_object,1,0.0660007618367672,0.0660007618367672,0.17798163313232732,true,0.050561231659552924,0.05194724082493965,0.15419843657397167
joint-7fb044ff7f38057c2332,M2,291501,wrong_object,1,-0.0660007618367672,-0.1320015236735344,0.277032366782158,true,0.06877992245622827,0.07545247536946616,0.20166434031095612
joint-86e6ae730070eee6983b,M2,291501,wrong_object,1,0.0660007618367672,-0.0660007618367672,0.1920680345457077,true,0.03326013599636035,0.03627598762636863,0.16994175769712436
joint-9a206f19112cd83d8451,M2,291501,wrong_object,1,0.1320015236735344,-0.1320015236735344,0.3335114911919807,true,0.06664410160715671,0.0637677361930869,0.1939848890449834
joint-d9be6f5c2e8106f0264a,M2,291501,wrong_object,1,0.0660007618367672,-0.0660007618367672,0.16587976131620086,true,0.03220358117670601,0.03128445295664597,0.09628121729627219
joint-6f8a92fc80c9c4920afe,M2,291501,wrong_object,1,0.0660007618367672,-0.0660007618367672,0.2285674197678769,true,0.04192452431727648,0.03491552565077112,0.14113472743136043
joint-2a31fc646bfd539046d7,M2,291501,wrong_object,1,0.0660007618367672,0.1320015236735344,0.3766518380249009,false,0.08088573519985777,0.07712832326770022,0.3834079682483434
joint-e8ed568644109d3c68dd,M2,291501,wrong_object,1,0.0660007618367672,0.0660007618367672,0.2550704291784756,true,0.053052080183170994,0.056543880117049125,0.16230046586582048
joint-310c46903e1f1c1d5a60,M2,291501,wrong_object,0,-0.0660007618367672,0.0660007618367672,0.17595643499534105,true,0.032793735120174146,0.03466065028510975,0.1035582184209869
joint-1285f64b5ffdc41a435d,M2,291501,wrong_object,0,0.0660007618367672,0.0660007618367672,0.21388033443218282,false,0.05410737652881962,0.052512598343733785,0.17985853610444805
joint-70524fe1e7c2518c400a,M2,291501,wrong_object,1,0.0660007618367672,-0.1320015236735344,0.3182587936952657,true,0.0563906820250255,0.05993236521134677,0.18167482289631756
joint-41ae71c0e6c6d51506eb,M2,291501,wrong_object,0,-0.0660007618367672,-0.0660007618367672,0.1757647970580869,true,0.05078848999185054,0.04921600900901725,0.17353796586763764
joint-f2a415df92c5dbd9c22b,M2,291501,wrong_object,1,0.1320015236735344,0.0660007618367672,0.28111778777955065,true,0.070446532056912,0.0754524889837003,0.21673485747973312
joint-05f0f9643ecc833a54a1,M2,291501,wrong_object,1,0.1320015236735344,-0.1320015236735344,0.31212472356033805,true,0.06279451592447277,0.06618739254875831,0.2061400084455687
joint-6731d5008cdff8444b8a,M2,291501,wrong_object,0,0.0660007618367672,0.1320015236735344,0.3533440456728927,false,0.07076379224991644,0.08084874905266766,0.25038816828139754
joint-cd5d57fb2d2fc404ed88,M2,291501,wrong_object,1,0.0660007618367672,-0.1320015236735344,0.3013758475059285,true,0.051298590730245126,0.05393743025980542,0.16540791125522428
joint-c73f7954cc710bf9d63c,M2,291501,wrong_object,0,-0.1320015236735344,0.1320015236735344,0.384534821471535,true,0.07080663370062969,0.07153344219422607,0.32810641376165284
joint-8c80649d97868318c9fe,M2,291501,wrong_object,1,-0.0660007618367672,0.1320015236735344,0.4164607625435478,false,0.061499568712524585,0.06761860320082874,0.2013930790420092
joint-e8ffd69e58705acdb563,M2,291501,wrong_object,0,-0.1320015236735344,-0.1320015236735344,0.3291261026437644,false,0.0913722597017121,0.08887916491088307,0.2698101948833545
joint-2474a6ed6bbe4f7e1b97,M2,291501,wrong_object,1,-0.0660007618367672,-0.0660007618367672,0.2319942248668595,true,0.05197968093371787,0.05696774909034209,0.20434895614428536
joint-1b6c644185589ebc48c8,M2,291501,wrong_object,1,-0.1320015236735344,0.1320015236735344,0.45180041283226957,false,0.07442856612582006,0.07737804046125933,0.23158729611645584
joint-efe7c8a0a11bb35094e0,M2,291501,wrong_object,0,-0.1320015236735344,0.0660007618367672,0.3685043559492963,true,0.0660733193052437,0.06585743070838632,0.2908187936448476
joint-9ea456682d298ae62b43,M2,291501,wrong_object,0,0.1320015236735344,0.1320015236735344,0.3624890018864391,false,0.08767274261679411,0.09963106912907373,0.27926775737952314
joint-7d924a87e8568d82b71b,M2,291501,wrong_object,1,-0.0660007618367672,-0.1320015236735344,0.30373034159686596,true,0.0668386084976186,0.07226393384301741,0.19908832757270073
joint-f012efad790d4bcb5275,M2,291501,wrong_object,1,0.0660007618367672,-0.1320015236735344,0.29699988097394353,true,0.04847261801076956,0.04621680886222511,0.179026264818861
joint-99a2122f162a74088f58,M2,291501,wrong_object,0,0.1320015236735344,0.0660007618367672,0.30398167584001456,false,0.07966691444590748,0.08898434815984159,0.268830285309937
joint-ce884c4d333127e8b6dc,M2,291501,wrong_object,0,0.1320015236735344,-0.1320015236735344,0.3500890258161835,true,0.06502014767397019,0.06462581024625196,0.19300535774469862
joint-50af49320c1511a0d6c6,M2,291501,wrong_object,1,0.1320015236735344,0.1320015236735344,0.41265099320296905,false,0.08863162433863456,0.08797823160555987,0.3254587163139971
joint-4664e26abb95085a572a,M2,291501,wrong_object,1,-0.1320015236735344,-0.1320015236735344,0.3733090444562494,false,0.0805924459505685,0.0783898314482748,0.2887717573174138
joint-79aa8ba0c5489ddf2497,M2,291501,wrong_object,1,0.0660007618367672,0.0660007618367672,0.18225333908774755,true,0.052212836496426634,0.05190168042578924,0.207082628934615
joint-d987f2e8f59153959f0b,M2,291501,wrong_object,0,0.0660007618367672,-0.0660007618367672,0.18500349963659948,true,0.03914626808818303,0.03958634999823533,0.13703201898387068
joint-cb8130fb1c35fd8e7b18,M2,291501,wrong_object,0,0.1320015236735344,0.1320015236735344,0.3583091347860606,false,0.08940976862099023,0.09884568342013031,0.30377116941447474
joint-d18a1d26ca0c2d035ee3,M2,291501,wrong_object,1,-0.0660007618367672,0.0660007618367672,0.22042404406657057,true,0.04152540246448338,0.04238515566893607,0.1646048392139659
joint-da2f34f1c087e97b1afb,M2,291501,wrong_object,0,-0.0660007618367672,0.0660007618367672,0.21604948013040454,true,0.03799787334265783,0.042240299853620315,0.12582022249110053
joint-d61e8bcf8b85f15c898a,M2,291501,wrong_object,1,-0.0660007618367672,-0.0660007618367672,0.1462878872324371,true,0.044261904876498226,0.04640174529444966,0.12804131620257928
joint-4de8fb543630717fe750,M2,291501,wrong_object,1,0.0660007618367672,0.1320015236735344,0.3589146714176659,true,0.06990696714741274,0.07229125887496339,0.21284685495395766
joint-dc3cf8ce3539277e0726,M2,291501,wrong_object,0,-0.0660007618367672,-0.1320015236735344,0.3059617321883701,false,0.07660829273231137,0.07448317566019279,0.3184281513645754
joint-afc74f4446a723051311,M2,291501,wrong_object,0,0.1320015236735344,0.0660007618367672,0.34273487162320293,false,0.08031223567834922,0.08653718519641367,0.26124385545047396
joint-b8e91cf056a2850aa06d,M2,291501,wrong_object,1,0.1320015236735344,0.1320015236735344,0.4187448750189892,false,0.10263182114728336,0.10357507904486185,0.42506267534298453
joint-1f313d8436034e3c8a2f,M2,291501,wrong_object,0,0.0660007618367672,-0.0660007618367672,0.1595489344553012,true,0.034298621945221354,0.03428986459027328,0.09257849115449526
joint-86283058a19cd7794f47,M2,291501,wrong_object,1,-0.1320015236735344,0.1320015236735344,0.33606400974612227,true,0.0613127347834467,0.06410050060948626,0.28491918551153833
joint-a5ed81533299a3f553ae,M2,291501,wrong_object,1,0.0660007618367672,0.1320015236735344,0.41713884151603686,false,0.07967698498925876,0.08543752242689387,0.2452605061335881
joint-1b3125f558c72b1ea5e4,M2,291501,wrong_object,1,-0.0660007618367672,0.1320015236735344,0.3469231433904879,true,0.05453229819216697,0.05522544371214419,0.17353668728855978
joint-3dcb938aa6f788013529,M2,291501,wrong_object,0,-0.0660007618367672,-0.0660007618367672,0.11713857217409752,true,0.03874826404255416,0.03355378095213339,0.13571656066418494
joint-f3d0c584cd58125ec9bd,M2,291501,wrong_object,0,-0.0660007618367672,-0.1320015236735344,0.26441748216330685,false,0.061842804406778154,0.06249142078550164,0.19545766193411038
joint-a4fe2bd135f56d3a3b4d,M2,291501,wrong_object,0,-0.1320015236735344,-0.0660007618367672,0.4023421076782623,false,0.08306610985500383,0.0793724218941421,0.23267215853752057
joint-baf9ad5b2a0e2663433b,M2,291501,wrong_object,0,0.1320015236735344,0.1320015236735344,0.36095717724442905,false,0.09592424505606997,0.10168578788190707,0.32486716256989306
joint-63dd4abeb6e1325c7806,M2,291501,wrong_object,0,-0.1320015236735344,0.1320015236735344,0.3662675177516493,true,0.06875770087613217,0.07312761521973266,0.22460778432523704
joint-89a8114aac92bfca40db,M2,291501,wrong_object,0,0.0660007618367672,0.1320015236735344,0.3002992595887575,false,0.06822604559023132,0.06797416189958626,0.24051716416859573
joint-fdd9add87d3e0887f0db,M2,291501,wrong_object,0,-0.0660007618367672,-0.0660007618367672,0.19621810485115965,true,0.05181167177403153,0.056422255706101695,0.17025184286477887
joint-8deb233befdaaa44244e,M2,291501,wrong_object,0,-0.0660007618367672,-0.1320015236735344,0.36527415019186255,false,0.07412682030273737,0.07356353265983205,0.33657284489744177
joint-750a25537e1c577ecb17,M2,291501,wrong_object,0,0.1320015236735344,0.0660007618367672,0.34836164937147623,false,0.0757717847914038,0.08033343170029561,0.26454254755113227
joint-d20c3c92116f8fce3c1e,M2,291501,wrong_object,0,-0.1320015236735344,-0.0660007618367672,0.3603872061278318,false,0.07153754479531446,0.07635614710711076,0.3127870188182695
joint-83912571774477870e69,M2,291501,wrong_object,0,0.1320015236735344,-0.0660007618367672,0.2857731046252674,true,0.05058945227007444,0.05360387629390253,0.1574749839686092
joint-0b091357d2bc89169b82,M2,291501,wrong_object,0,0.1320015236735344,-0.1320015236735344,0.38154498697573813,false,0.07917027869551908,0.08062282629312727,0.30187661942942395
joint-79a2726c7c85c127d89d,M2,291501,wrong_object,0,-0.1320015236735344,-0.1320015236735344,0.3427247712100465,false,0.08843318957204124,0.09649186152128612,0.3423945069964712
joint-ff0e8b614b34aecce4b3,M2,291501,wrong_object,1,0.0660007618367672,0.1320015236735344,0.3388660726073177,true,0.0575503403868662,0.058951293142928386,0.17897657229250463
joint-a6e0056491e5774f3780,M2,291501,wrong_object,0,0.0660007618367672,-0.1320015236735344,0.4128306859995455,true,0.06734460615329217,0.06845171897241574,0.22308931600778112
joint-009541860623d2bb9f1f,M2,291501,wrong_object,0,-0.0660007618367672,0.1320015236735344,0.3237424070715167,true,0.04907994786835068,0.05255089223693973,0.16166212774205677
joint-ffe811f4bd9985f39189,M2,291501,wrong_object,0,-0.0660007618367672,-0.1320015236735344,0.33567224548613084,true,0.0690480130286454,0.07802660592885925,0.23650339747793206
joint-08c462a1ad92c4ade964,M2,291501,wrong_object,0,0.1320015236735344,-0.0660007618367672,0.27595392754356635,true,0.05003062729090266,0.05051524978921655,0.14884063490346663
joint-2ce56f0ea0683dcda2f5,M2,291501,wrong_object,0,-0.1320015236735344,-0.0660007618367672,0.27899510700593283,true,0.06069893094943899,0.05684961784785018,0.2665286315506144
joint-e8e45e1d9d7dc3a06a25,M2,291501,wrong_object,0,0.1320015236735344,-0.1320015236735344,0.33403680299095134,true,0.0677416747651081,0.06674473499044142,0.2024284273540176
joint-cf92d455cc3ba4b96312,M2,291501,wrong_object,1,-0.1320015236735344,0.1320015236735344,0.428823688941728,true,0.07456725776828614,0.07719995212818857,0.3293910965844075
joint-2a931d7a53cb9c33974d,M2,291501,wrong_vector,0,0.0660007618367672,-0.0660007618367672,0.24456633755862384,true,0.04045722393890076,0.04268589691268835,0.16038883721046288
joint-4352a0ffd3ac22d2f5e6,M2,291501,wrong_vector,1,0.0660007618367672,-0.0660007618367672,0.2039647732156582,true,0.03345818934123509,0.03472267431343984,0.10652642812511962
joint-147f59a58d0ef285e900,M2,291501,wrong_vector,0,0.0660007618367672,-0.1320015236735344,0.34624117526641685,true,0.06816190925541654,0.06625855645671984,0.250451324277212
joint-d0326bfd1d59b011ffc1,M2,291501,wrong_vector,0,0.1320015236735344,0.0660007618367672,0.07560679076725599,true,0.02634359682575988,0.02793152798750671,0.05610187985680946
joint-b0a6408213b275a6eec4,M2,291501,wrong_vector,0,-0.1320015236735344,0.0660007618367672,0.2940826626833306,true,0.05538837513835048,0.06156552045335927,0.1819057701657792
joint-f16075ae76c562b01afa,M2,291501,wrong_vector,1,0.1320015236735344,0.0660007618367672,0.33712546556211076,true,0.05232001953015974,0.05671759668870087,0.1930626241768371
joint-6c84dffefac07a85efd4,M2,291501,wrong_vector,1,0.1320015236735344,-0.1320015236735344,0.3978388069875823,false,0.07099858490325964,0.07022209249715976,0.21247183372815148
joint-530af393a720d348afb0,M2,291501,wrong_vector,1,0.0660007618367672,0.0660007618367672,0.24249115219301612,true,0.03499202663045399,0.037185509216939264,0.10566433480859141
joint-66b0d86cfbc4d904308f,M2,291501,wrong_vector,0,-0.0660007618367672,0.0660007618367672,0.25236538780470763,true,0.04577484241604294,0.05040924306176774,0.14877327240273744
joint-cb84ae0ab47be6c0b097,M2,291501,wrong_vector,0,-0.0660007618367672,0.1320015236735344,0.4802975678638614,false,0.0774143410923013,0.08009092985517276,0.25382570382196984
joint-bd7b1bc3eac5c32be6ce,M2,291501,wrong_vector,0,-0.0660007618367672,-0.0660007618367672,0.14668933764556355,true,0.042167054355980144,0.03862755338611443,0.14706251859284028
joint-f42e2b2aa0bcf1904b2c,M2,291501,wrong_vector,1,0.1320015236735344,0.0660007618367672,0.30982200317488423,true,0.046305809124608584,0.04869300230851684,0.17371053015416618
joint-0cc5980f554a68da719e,M2,291501,wrong_vector,0,0.1320015236735344,0.1320015236735344,0.38505967114176515,false,0.0758221542052174,0.07032293169743578,0.3035621098098596
joint-c71196ce6b27a5f15741,M2,291501,wrong_vector,1,-0.0660007618367672,-0.0660007618367672,0.14517131694475377,true,0.021240353984370623,0.024875869498870728,0.0649694944320043
joint-08a29e94c959b15daf6c,M2,291501,wrong_vector,0,-0.1320015236735344,-0.0660007618367672,0.07153863014425513,true,0.012047831392832144,0.02317296240492032,0.04309261378113352
joint-009344968abd7434a0a8,M2,291501,wrong_vector,1,0.1320015236735344,-0.1320015236735344,0.42796629230736755,false,0.07381215464956409,0.07793515744197545,0.23570764639905115
joint-0d9b039cb21daac03d2a,M2,291501,wrong_vector,1,0.0660007618367672,0.0660007618367672,0.19831523583950816,true,0.03277018185988056,0.033831752943427724,0.10352798777751848
joint-96bbd61ef63ebf358d5e,M2,291501,wrong_vector,0,-0.0660007618367672,0.0660007618367672,0.21400524746254823,true,0.039099598272303374,0.042575768622194435,0.12754529158005434
joint-71226efdc82c7b8eb4e1,M2,291501,wrong_vector,1,0.1320015236735344,-0.1320015236735344,0.38929520839867765,true,0.06859215759074345,0.07228917518117224,0.2965166941778545
joint-2b6a5ce6c26b3991652e,M2,291501,wrong_vector,0,0.0660007618367672,-0.1320015236735344,0.36961461635241255,true,0.06639722262812121,0.06597287633709358,0.20300553406276572
joint-c45a492c6ab0e2e5bfbe,M2,291501,wrong_vector,1,0.1320015236735344,-0.0660007618367672,0.34400169672221076,true,0.05756726165513633,0.05857086639421454,0.26910757833698695
joint-b2b2ebaf8b3253aafde3,M2,291501,wrong_vector,0,0.1320015236735344,-0.1320015236735344,0.364590223982834,true,0.07106774685020784,0.07025378251867248,0.24932656292269456
joint-58d5f239e12552c3626e,M2,291501,wrong_vector,0,-0.1320015236735344,0.1320015236735344,0.34508633332206184,true,0.06441152535959295,0.06796319600716633,0.2906857811730712
joint-fc2b76f0772372bf8c3c,M2,291501,wrong_vector,1,-0.1320015236735344,0.0660007618367672,0.3010221282375261,true,0.053986462539054786,0.05591003412941258,0.16393213403251505
joint-fe2aefddb9b7745686ad,M2,291501,wrong_vector,1,-0.0660007618367672,0.0660007618367672,0.23994888802364384,true,0.0432694951389876,0.03910654750608657,0.15137061564785612
joint-8b6ff975d45da97a4933,M2,291501,wrong_vector,1,0.1320015236735344,-0.1320015236735344,0.3704506876886161,false,0.06821179892140816,0.07496655198972227,0.23061717785521582
joint-175e17d0ef9573bac40e,M2,291501,wrong_vector,0,-0.1320015236735344,0.1320015236735344,0.4753990808694317,false,0.0824751083272906,0.0859360065639058,0.2651676839008959
joint-a3d06b9cb0966439eddd,M2,291501,wrong_vector,1,0.0660007618367672,0.1320015236735344,0.11463279369252097,true,0.03747861379483553,0.03236553331817555,0.09826389724678025
joint-04c90cd2b55e51d7395c,M2,291501,wrong_vector,0,0.0660007618367672,-0.1320015236735344,0.23546086151266685,true,0.038576341873547325,0.0398633736802524,0.14813392391657804
joint-03d19206c4766692b70a,M2,291501,wrong_vector,0,-0.0660007618367672,0.0660007618367672,0.2045249376569586,true,0.03696950217320359,0.041522842358449975,0.12826453096779292
joint-f3533a47857412ee6574,M2,291501,wrong_vector,1,-0.0660007618367672,-0.0660007618367672,0.16441912706068443,true,0.022574649535080794,0.023048077831317376,0.06525967943796417
joint-19e423cc276169fd1073,M2,291501,wrong_vector,1,0.1320015236735344,0.0660007618367672,0.22657328787746442,true,0.035890750670206244,0.044421591167107984,0.12673390156633335
joint-ff96f3eeddc533681410,M2,291501,wrong_vector,0,-0.1320015236735344,0.0660007618367672,0.3131474241348541,true,0.057396249585759,0.06184517479303128,0.2044660495857957
joint-c4e21270ec4d0d7be262,M2,291501,wrong_vector,0,-0.0660007618367672,0.1320015236735344,0.45418258059035355,false,0.08137918438413205,0.08584046493508417,0.26522030449538847
joint-f3c2aa3445150de38445,M2,291501,wrong_vector,1,-0.0660007618367672,-0.1320015236735344,0.32498929596411447,true,0.05269292030535816,0.06418210189494834,0.17416937792964332
joint-9b1bd063fe31242ee1d4,M2,291501,wrong_vector,0,-0.1320015236735344,0.0660007618367672,0.2974722429437342,true,0.05625945268003104,0.061458345764706594,0.1842316345418014
joint-dc07119105a4b0f17fef,M2,291501,wrong_vector,0,-0.1320015236735344,-0.1320015236735344,0.46628846604370994,false,0.08065114482402022,0.08308615916906385,0.2625496889369588
joint-e62d176dd1f3b78034aa,M2,291501,wrong_vector,1,0.0660007618367672,0.0660007618367672,0.20772759000320362,true,0.03376184677277517,0.03588856317025261,0.10725827792567005
joint-7fb044ff7f38057c2332,M2,291501,wrong_vector,1,-0.0660007618367672,-0.1320015236735344,0.3215331630069586,true,0.051551148998849744,0.062349017598334354,0.16622423610264805
joint-86e6ae730070eee6983b,M2,291501,wrong_vector,1,0.0660007618367672,-0.0660007618367672,0.1868086121555421,true,0.035941854694537166,0.03794854313440123,0.16765354814347896
joint-9a206f19112cd83d8451,M2,291501,wrong_vector,1,0.1320015236735344,-0.1320015236735344,0.42153768480051196,false,0.07254119092717451,0.07170853178086121,0.214543750887872
joint-d9be6f5c2e8106f0264a,M2,291501,wrong_vector,1,0.0660007618367672,-0.0660007618367672,0.20974185904727558,true,0.034394293609944705,0.03421093147607481,0.1036371954496924
joint-6f8a92fc80c9c4920afe,M2,291501,wrong_vector,1,0.0660007618367672,-0.0660007618367672,0.18832408659169195,true,0.03862213945846988,0.03208592399092136,0.13654660716284517
joint-2a31fc646bfd539046d7,M2,291501,wrong_vector,1,0.0660007618367672,0.1320015236735344,0.3634496212734119,true,0.056978501595143796,0.06432237090024166,0.2442841056884263
joint-e8ed568644109d3c68dd,M2,291501,wrong_vector,1,0.0660007618367672,0.0660007618367672,0.28543391184495864,true,0.03912029550220614,0.041238665244697145,0.11690014655614582
joint-310c46903e1f1c1d5a60,M2,291501,wrong_vector,0,-0.0660007618367672,0.0660007618367672,0.21343107029278743,true,0.04060864690980415,0.04422299793295405,0.13349021115238988
joint-1285f64b5ffdc41a435d,M2,291501,wrong_vector,0,0.0660007618367672,0.0660007618367672,0.20120107261021486,true,0.039620304083934396,0.03824357886177159,0.16588271998754406
joint-70524fe1e7c2518c400a,M2,291501,wrong_vector,1,0.0660007618367672,-0.1320015236735344,0.35957146570606485,true,0.06585621869810512,0.06962281736494402,0.20949793537567477
joint-41ae71c0e6c6d51506eb,M2,291501,wrong_vector,0,-0.0660007618367672,-0.0660007618367672,0.21686900551611052,true,0.036091605852523585,0.03761641519971391,0.16800521449171235
joint-f2a415df92c5dbd9c22b,M2,291501,wrong_vector,1,0.1320015236735344,0.0660007618367672,0.19274384381521187,true,0.027311877436123472,0.030632869484333084,0.08179544156056152
joint-05f0f9643ecc833a54a1,M2,291501,wrong_vector,1,0.1320015236735344,-0.1320015236735344,0.389835428454396,false,0.06716431653044541,0.07105330434719653,0.21801655931453462
joint-6731d5008cdff8444b8a,M2,291501,wrong_vector,0,0.0660007618367672,0.1320015236735344,0.29023228471614365,true,0.053043387068424284,0.05028558973101754,0.15639163382811422
joint-cd5d57fb2d2fc404ed88,M2,291501,wrong_vector,1,0.0660007618367672,-0.1320015236735344,0.3520517081424261,true,0.0632341102857474,0.06675508702491306,0.20397897315383218
joint-c73f7954cc710bf9d63c,M2,291501,wrong_vector,0,-0.1320015236735344,0.1320015236735344,0.44605354870295233,false,0.0801994073175939,0.08467615807773878,0.3589712109393991
joint-8c80649d97868318c9fe,M2,291501,wrong_vector,1,-0.0660007618367672,0.1320015236735344,0.3993020578530229,false,0.07239981616474617,0.07800282770568955,0.2335722965193089
joint-e8ffd69e58705acdb563,M2,291501,wrong_vector,0,-0.1320015236735344,-0.1320015236735344,0.40358682892143943,true,0.06808654841111567,0.0691459397362751,0.2566328579886925
joint-2474a6ed6bbe4f7e1b97,M2,291501,wrong_vector,1,-0.0660007618367672,-0.0660007618367672,0.22608971671673736,true,0.03888724927758339,0.04284637576297014,0.1688529543787483
joint-1b6c644185589ebc48c8,M2,291501,wrong_vector,1,-0.1320015236735344,0.1320015236735344,0.43572733414928966,false,0.0799267082551838,0.0876455566947755,0.2558813179493873
joint-efe7c8a0a11bb35094e0,M2,291501,wrong_vector,0,-0.1320015236735344,0.0660007618367672,0.35049590987510737,true,0.06508386296539186,0.06497379543798006,0.27869308450615005
joint-9ea456682d298ae62b43,M2,291501,wrong_vector,0,0.1320015236735344,0.1320015236735344,0.37320196008199996,false,0.07623056841552456,0.0715163906928318,0.28134912042729265
joint-7d924a87e8568d82b71b,M2,291501,wrong_vector,1,-0.0660007618367672,-0.1320015236735344,0.3512280827951187,true,0.059543974244018624,0.0717721904352244,0.18952242032601055
joint-f012efad790d4bcb5275,M2,291501,wrong_vector,1,0.0660007618367672,-0.1320015236735344,0.1578033840930321,true,0.03602934838780685,0.033948100435254897,0.1590514971161894
joint-99a2122f162a74088f58,M2,291501,wrong_vector,0,0.1320015236735344,0.0660007618367672,0.11883350934047994,true,0.02970950824578753,0.030500456257463213,0.06949831114744853
joint-ce884c4d333127e8b6dc,M2,291501,wrong_vector,0,0.1320015236735344,-0.1320015236735344,0.4369856246188646,false,0.08152209920014089,0.08191856876770728,0.2510243861181549
joint-50af49320c1511a0d6c6,M2,291501,wrong_vector,1,0.1320015236735344,0.1320015236735344,0.3546781734893854,true,0.06609237053074556,0.06866298544374287,0.28414681786243146
joint-4664e26abb95085a572a,M2,291501,wrong_vector,1,-0.1320015236735344,-0.1320015236735344,0.30822749777446834,true,0.056864806797964323,0.06124767536066208,0.27657247205551283
joint-79aa8ba0c5489ddf2497,M2,291501,wrong_vector,1,0.0660007618367672,0.0660007618367672,0.18699783042181797,true,0.034425758583081306,0.03905560381385331,0.14855408874037992
joint-d987f2e8f59153959f0b,M2,291501,wrong_vector,0,0.0660007618367672,-0.0660007618367672,0.17579240650050573,true,0.037203671936802594,0.03739050958458028,0.1337038566187253
joint-cb8130fb1c35fd8e7b18,M2,291501,wrong_vector,0,0.1320015236735344,0.1320015236735344,0.46129288897436166,false,0.07991487525909914,0.08246704365745838,0.25087041917721253
joint-d18a1d26ca0c2d035ee3,M2,291501,wrong_vector,1,-0.0660007618367672,0.0660007618367672,0.21818335987594242,true,0.03872634364559058,0.03979215635213152,0.15972379317369628
joint-da2f34f1c087e97b1afb,M2,291501,wrong_vector,0,-0.0660007618367672,0.0660007618367672,0.28633385590530086,true,0.046596723117588404,0.05205289799382228,0.15674936563539404
joint-d61e8bcf8b85f15c898a,M2,291501,wrong_vector,1,-0.0660007618367672,-0.0660007618367672,0.13087861867953784,true,0.025282002297650107,0.026409694555156467,0.07870628675022702
joint-4de8fb543630717fe750,M2,291501,wrong_vector,1,0.0660007618367672,0.1320015236735344,0.3414282757558212,true,0.052533164792035736,0.05299787073478759,0.1564733565438133
joint-dc3cf8ce3539277e0726,M2,291501,wrong_vector,0,-0.0660007618367672,-0.1320015236735344,0.2404315198098502,true,0.04364988578670531,0.04125051152347161,0.1277647329512355
joint-afc74f4446a723051311,M2,291501,wrong_vector,0,0.1320015236735344,0.0660007618367672,0.073110185446592,true,0.02645139801648724,0.02671543324359053,0.07514795306206007
joint-b8e91cf056a2850aa06d,M2,291501,wrong_vector,1,0.1320015236735344,0.1320015236735344,0.4212548333529129,true,0.0633267406607661,0.06296894935593772,0.28098370478576096
joint-1f313d8436034e3c8a2f,M2,291501,wrong_vector,0,0.0660007618367672,-0.0660007618367672,0.20760722440890345,true,0.04076611071187642,0.03884547515643047,0.1150945455837111
joint-86283058a19cd7794f47,M2,291501,wrong_vector,1,-0.1320015236735344,0.1320015236735344,0.2931376375351467,true,0.05559234437490999,0.05865413817461365,0.272349251198269
joint-a5ed81533299a3f553ae,M2,291501,wrong_vector,1,0.0660007618367672,0.1320015236735344,0.39532199831968484,false,0.06050551960246082,0.0626501388979454,0.1743391306194961
joint-1b3125f558c72b1ea5e4,M2,291501,wrong_vector,1,-0.0660007618367672,0.1320015236735344,0.33728296518680956,true,0.06388835356205153,0.06503234724271595,0.20382557493228035
joint-3dcb938aa6f788013529,M2,291501,wrong_vector,0,-0.0660007618367672,-0.0660007618367672,0.13576195651335177,true,0.03430505651135331,0.03462817087814822,0.12366422328562957
joint-f3d0c584cd58125ec9bd,M2,291501,wrong_vector,0,-0.0660007618367672,-0.1320015236735344,0.12926774001595603,true,0.028084893669544177,0.036708658452946914,0.10210787644320937
joint-a4fe2bd135f56d3a3b4d,M2,291501,wrong_vector,0,-0.1320015236735344,-0.0660007618367672,0.07510175796320287,true,0.03646414670218436,0.03269015189160433,0.05822027398730216
joint-baf9ad5b2a0e2663433b,M2,291501,wrong_vector,0,0.1320015236735344,0.1320015236735344,0.44155399015260827,true,0.07500830256986053,0.07494799790523754,0.36706072795862843
joint-63dd4abeb6e1325c7806,M2,291501,wrong_vector,0,-0.1320015236735344,0.1320015236735344,0.5067941867983352,false,0.08545108165639669,0.08993717312541644,0.280840579679949
joint-89a8114aac92bfca40db,M2,291501,wrong_vector,0,0.0660007618367672,0.1320015236735344,0.20390272494753983,true,0.04221944270455599,0.04573246378377734,0.17413806098892104
joint-fdd9add87d3e0887f0db,M2,291501,wrong_vector,0,-0.0660007618367672,-0.0660007618367672,0.19805291884817774,true,0.0372369585480562,0.035666018864555296,0.10877659095909623
joint-8deb233befdaaa44244e,M2,291501,wrong_vector,0,-0.0660007618367672,-0.1320015236735344,0.30024254134608774,true,0.050672578495391016,0.047972188794221014,0.17085787972589364
joint-750a25537e1c577ecb17,M2,291501,wrong_vector,0,0.1320015236735344,0.0660007618367672,0.3219042163446083,true,0.04883921653076994,0.04919259532231684,0.26338923190162605
joint-d20c3c92116f8fce3c1e,M2,291501,wrong_vector,0,-0.1320015236735344,-0.0660007618367672,0.3310591632607121,true,0.05105248714628739,0.05812902338605002,0.23261549385381355
joint-83912571774477870e69,M2,291501,wrong_vector,0,0.1320015236735344,-0.0660007618367672,0.2996200092134075,true,0.05129225155494683,0.053049796512001555,0.15993075443466948
joint-0b091357d2bc89169b82,M2,291501,wrong_vector,0,0.1320015236735344,-0.1320015236735344,0.3624494904711325,true,0.07430710700798036,0.07688630519179279,0.2967734366506937
joint-79a2726c7c85c127d89d,M2,291501,wrong_vector,0,-0.1320015236735344,-0.1320015236735344,0.3850524704731659,true,0.07231301231595794,0.07123861652609358,0.29280465939918193
joint-ff0e8b614b34aecce4b3,M2,291501,wrong_vector,1,0.0660007618367672,0.1320015236735344,0.11003903596292058,true,0.02747965523802278,0.036337024360703796,0.0862787698598373
joint-a6e0056491e5774f3780,M2,291501,wrong_vector,0,0.0660007618367672,-0.1320015236735344,0.3279241229764443,true,0.0590939167502404,0.06187549773842231,0.1973344696648752
joint-009541860623d2bb9f1f,M2,291501,wrong_vector,0,-0.0660007618367672,0.1320015236735344,0.39558495690114953,false,0.06741091287122232,0.06895419237761825,0.22045410242439265
joint-ffe811f4bd9985f39189,M2,291501,wrong_vector,0,-0.0660007618367672,-0.1320015236735344,0.27321101464177133,true,0.054151161352697964,0.0516911231001964,0.1363350242642999
joint-08c462a1ad92c4ade964,M2,291501,wrong_vector,0,0.1320015236735344,-0.0660007618367672,0.28460417759332285,true,0.04857413472005992,0.05054616896568465,0.1506765845834253
joint-2ce56f0ea0683dcda2f5,M2,291501,wrong_vector,0,-0.1320015236735344,-0.0660007618367672,0.2633251973195893,true,0.044006338643976364,0.04339258835768729,0.17176068202591807
joint-e8e45e1d9d7dc3a06a25,M2,291501,wrong_vector,0,0.1320015236735344,-0.1320015236735344,0.4767706967633763,false,0.08426396325740028,0.0836198320835435,0.25895427181165886
joint-cf92d455cc3ba4b96312,M2,291501,wrong_vector,1,-0.1320015236735344,0.1320015236735344,0.4244617779098791,false,0.07823020720899837,0.07982053744541222,0.31389763404700183
joint-2a931d7a53cb9c33974d,M2,291502,sham,0,0.0660007618367672,-0.0660007618367672,0.20343702633341856,true,0.03589884695839437,0.03487562007791901,0.12745237873563164
joint-4352a0ffd3ac22d2f5e6,M2,291502,sham,1,0.0660007618367672,-0.0660007618367672,0.18225256863811046,true,0.031788339784761144,0.033069711384459445,0.09695616596236538
joint-147f59a58d0ef285e900,M2,291502,sham,0,0.0660007618367672,-0.1320015236735344,0.293856492988449,true,0.0520716428211781,0.051805812013944665,0.22782161334982057
joint-d0326bfd1d59b011ffc1,M2,291502,sham,0,0.1320015236735344,0.0660007618367672,0.35167275688222344,true,0.0543836875362677,0.05805541260827481,0.17675007230738937
joint-b0a6408213b275a6eec4,M2,291502,sham,0,-0.1320015236735344,0.0660007618367672,0.32509213571327855,true,0.05120107750552207,0.050708733273082965,0.15395841340358216
joint-f16075ae76c562b01afa,M2,291502,sham,1,0.1320015236735344,0.0660007618367672,0.3231757617484481,true,0.05186269865260195,0.05222191580943605,0.26017178723004575
joint-6c84dffefac07a85efd4,M2,291502,sham,1,0.1320015236735344,-0.1320015236735344,0.3788305030148772,true,0.0655072280894993,0.06838050822353724,0.20283226450836517
joint-530af393a720d348afb0,M2,291502,sham,1,0.0660007618367672,0.0660007618367672,0.18250034107680496,true,0.029590271908954444,0.030615375838616846,0.08841600191626933
joint-66b0d86cfbc4d904308f,M2,291502,sham,0,-0.0660007618367672,0.0660007618367672,0.17066041963215706,true,0.03393959388740844,0.035561141721421025,0.10501675262152174
joint-cb84ae0ab47be6c0b097,M2,291502,sham,0,-0.0660007618367672,0.1320015236735344,0.39770713913776873,false,0.05756239951672452,0.05946932633509857,0.18076996875411996
joint-bd7b1bc3eac5c32be6ce,M2,291502,sham,0,-0.0660007618367672,-0.0660007618367672,0.15851350921417962,true,0.03259209446422422,0.03385980915239766,0.1279912157878739
joint-f42e2b2aa0bcf1904b2c,M2,291502,sham,1,0.1320015236735344,0.0660007618367672,0.2966026395404934,true,0.049430406004256,0.05250617002288139,0.24865065419067287
joint-0cc5980f554a68da719e,M2,291502,sham,0,0.1320015236735344,0.1320015236735344,0.35131872068449144,true,0.06930452573254209,0.07062330500137712,0.2948631342038548
joint-c71196ce6b27a5f15741,M2,291502,sham,1,-0.0660007618367672,-0.0660007618367672,0.17421411358400934,true,0.02723392786633102,0.030790078000659866,0.08985802613453318
joint-08a29e94c959b15daf6c,M2,291502,sham,0,-0.1320015236735344,-0.0660007618367672,0.3419553842007286,true,0.056572310831481266,0.06355433087868624,0.21352730222561636
joint-009344968abd7434a0a8,M2,291502,sham,1,0.1320015236735344,-0.1320015236735344,0.388558574946073,true,0.06838349475950443,0.07020255088324363,0.2080216256088222
joint-0d9b039cb21daac03d2a,M2,291502,sham,1,0.0660007618367672,0.0660007618367672,0.1612065807887757,true,0.02979379270707286,0.031904466741314114,0.10066239729612406
joint-96bbd61ef63ebf358d5e,M2,291502,sham,0,-0.0660007618367672,0.0660007618367672,0.16195371597069252,true,0.029624136584294462,0.03161368550292081,0.09786311320540814
joint-71226efdc82c7b8eb4e1,M2,291502,sham,1,0.1320015236735344,-0.1320015236735344,0.3775412293175745,true,0.06713097060328095,0.0677771491111085,0.30017716804509886
joint-2b6a5ce6c26b3991652e,M2,291502,sham,0,0.0660007618367672,-0.1320015236735344,0.30853606374021275,true,0.0513809397753011,0.05222524093787263,0.16006040297964189
joint-c45a492c6ab0e2e5bfbe,M2,291502,sham,1,0.1320015236735344,-0.0660007618367672,0.34218167538490996,true,0.05502022230950542,0.054383561101076,0.27506448344128287
joint-b2b2ebaf8b3253aafde3,M2,291502,sham,0,0.1320015236735344,-0.1320015236735344,0.3473938762498724,true,0.06917992889211383,0.06924004056532027,0.24054014935996215
joint-58d5f239e12552c3626e,M2,291502,sham,0,-0.1320015236735344,0.1320015236735344,0.3581223295283669,true,0.06936654351271825,0.07509425197971356,0.3124602425062673
joint-fc2b76f0772372bf8c3c,M2,291502,sham,1,-0.1320015236735344,0.0660007618367672,0.3599742042758611,true,0.05577287324515518,0.05641625446514647,0.17454297966905352
joint-fe2aefddb9b7745686ad,M2,291502,sham,1,-0.0660007618367672,0.0660007618367672,0.18447056820550456,true,0.03155137996999217,0.027243891749846247,0.11010696856381456
joint-8b6ff975d45da97a4933,M2,291502,sham,1,0.1320015236735344,-0.1320015236735344,0.4528398118615893,false,0.0720258767619367,0.0730335202698337,0.21704191079885782
joint-175e17d0ef9573bac40e,M2,291502,sham,0,-0.1320015236735344,0.1320015236735344,0.3491832759822486,true,0.06579391414621814,0.06821141413502439,0.20733045703388256
joint-a3d06b9cb0966439eddd,M2,291502,sham,1,0.0660007618367672,0.1320015236735344,0.3976814066299291,true,0.05389734847851566,0.055054527441441944,0.1960594783602357
joint-04c90cd2b55e51d7395c,M2,291502,sham,0,0.0660007618367672,-0.1320015236735344,0.31510251184355464,true,0.04739775081892224,0.04979158533676993,0.16891000630941155
joint-03d19206c4766692b70a,M2,291502,sham,0,-0.0660007618367672,0.0660007618367672,0.14718530518719422,true,0.027924248013179415,0.03091958052804261,0.09859885009532007
joint-f3533a47857412ee6574,M2,291502,sham,1,-0.0660007618367672,-0.0660007618367672,0.1923460211039539,true,0.02721377359875265,0.03026496297770268,0.09126819924831063
joint-19e423cc276169fd1073,M2,291502,sham,1,0.1320015236735344,0.0660007618367672,0.3238266884267227,true,0.05178820607807991,0.05689367715749149,0.2293542105702906
joint-ff96f3eeddc533681410,M2,291502,sham,0,-0.1320015236735344,0.0660007618367672,0.3141913563672827,true,0.05365313980977056,0.05836536714636535,0.21622915337040755
joint-c4e21270ec4d0d7be262,M2,291502,sham,0,-0.0660007618367672,0.1320015236735344,0.3736183464582923,true,0.059046403871670955,0.06038405310157188,0.1768070799067451
joint-f3c2aa3445150de38445,M2,291502,sham,1,-0.0660007618367672,-0.1320015236735344,0.36557143957394916,true,0.052807568784986235,0.05482465976499514,0.16826267790631247
joint-9b1bd063fe31242ee1d4,M2,291502,sham,0,-0.1320015236735344,0.0660007618367672,0.34188689693040425,true,0.05478972018222025,0.055305718633836834,0.1689361978589234
joint-dc07119105a4b0f17fef,M2,291502,sham,0,-0.1320015236735344,-0.1320015236735344,0.3598527681385041,true,0.06884382001264157,0.06836182577153949,0.21128153343914519
joint-e62d176dd1f3b78034aa,M2,291502,sham,1,0.0660007618367672,0.0660007618367672,0.16872734240979065,true,0.03211030139288339,0.033082430453361546,0.10218772266433557
joint-7fb044ff7f38057c2332,M2,291502,sham,1,-0.0660007618367672,-0.1320015236735344,0.3692473589073064,true,0.054583650919433443,0.05619294848564864,0.16868211688576418
joint-86e6ae730070eee6983b,M2,291502,sham,1,0.0660007618367672,-0.0660007618367672,0.21767753060691727,true,0.03359626590999044,0.03506500384105937,0.1740814664440807
joint-9a206f19112cd83d8451,M2,291502,sham,1,0.1320015236735344,-0.1320015236735344,0.32684597547467803,true,0.060709896774492775,0.06544092465873516,0.19069243930650784
joint-d9be6f5c2e8106f0264a,M2,291502,sham,1,0.0660007618367672,-0.0660007618367672,0.17685111281619972,true,0.03151937454067295,0.033201403067259334,0.09558568825786345
joint-6f8a92fc80c9c4920afe,M2,291502,sham,1,0.0660007618367672,-0.0660007618367672,0.2022999180706688,true,0.03541548822626787,0.033224851738408924,0.15964286735765926
joint-2a31fc646bfd539046d7,M2,291502,sham,1,0.0660007618367672,0.1320015236735344,0.3816521394614473,true,0.0526103424194886,0.05293724095966664,0.26712662210305305
joint-e8ed568644109d3c68dd,M2,291502,sham,1,0.0660007618367672,0.0660007618367672,0.2104021538609428,true,0.03359939889589689,0.03535140083179576,0.10845400258920274
joint-310c46903e1f1c1d5a60,M2,291502,sham,0,-0.0660007618367672,0.0660007618367672,0.1803281316306245,true,0.030797015619911345,0.03223524278553979,0.09917580402807542
joint-1285f64b5ffdc41a435d,M2,291502,sham,0,0.0660007618367672,0.0660007618367672,0.21290961631984173,true,0.03923255455577544,0.036086599050739514,0.16679826022783825
joint-70524fe1e7c2518c400a,M2,291502,sham,1,0.0660007618367672,-0.1320015236735344,0.37981896907629653,true,0.05569457169906287,0.05731736027253807,0.1703383726048502
joint-41ae71c0e6c6d51506eb,M2,291502,sham,0,-0.0660007618367672,-0.0660007618367672,0.17369469524536682,true,0.031004999298876897,0.03424500707294582,0.14171994169414268
joint-f2a415df92c5dbd9c22b,M2,291502,sham,1,0.1320015236735344,0.0660007618367672,0.3194353505235344,true,0.053087619288753926,0.05500372881238132,0.16420777640304454
joint-05f0f9643ecc833a54a1,M2,291502,sham,1,0.1320015236735344,-0.1320015236735344,0.37238558768582974,true,0.06468812552877377,0.06809764928135904,0.20364372505236533
joint-6731d5008cdff8444b8a,M2,291502,sham,0,0.0660007618367672,0.1320015236735344,0.3147161473265483,true,0.050348656771192046,0.05421457781877803,0.16245746392967994
joint-cd5d57fb2d2fc404ed88,M2,291502,sham,1,0.0660007618367672,-0.1320015236735344,0.35576569799014973,true,0.050083901076799324,0.05374475856788165,0.16265987506886112
joint-c73f7954cc710bf9d63c,M2,291502,sham,0,-0.1320015236735344,0.1320015236735344,0.3601592443264418,true,0.07033584729041391,0.0757544660469237,0.31591709177406635
joint-8c80649d97868318c9fe,M2,291502,sham,1,-0.0660007618367672,0.1320015236735344,0.3671289555727282,true,0.05424515666788624,0.05479965926131364,0.16769444376465664
joint-e8ffd69e58705acdb563,M2,291502,sham,0,-0.1320015236735344,-0.1320015236735344,0.3259228281471238,true,0.0633597811050136,0.0684389007172976,0.22387429126795286
joint-2474a6ed6bbe4f7e1b97,M2,291502,sham,1,-0.0660007618367672,-0.0660007618367672,0.22439152100775164,true,0.04110384176719654,0.045814298531586126,0.17187154881508643
joint-1b6c644185589ebc48c8,M2,291502,sham,1,-0.1320015236735344,0.1320015236735344,0.4185092007218933,false,0.0710804920880437,0.07234986264200612,0.22083213194088064
joint-efe7c8a0a11bb35094e0,M2,291502,sham,0,-0.1320015236735344,0.0660007618367672,0.3861270793451648,true,0.06445282689788026,0.06943658888541683,0.31209685079743255
joint-9ea456682d298ae62b43,M2,291502,sham,0,0.1320015236735344,0.1320015236735344,0.37090754138688914,false,0.0740520240192959,0.07425410286310703,0.28104076933268957
joint-7d924a87e8568d82b71b,M2,291502,sham,1,-0.0660007618367672,-0.1320015236735344,0.40631760566463065,false,0.054759774487044284,0.05622636724658479,0.1708458553244176
joint-f012efad790d4bcb5275,M2,291502,sham,1,0.0660007618367672,-0.1320015236735344,0.2975084193803472,true,0.044359019605519044,0.046649590183240504,0.1851240878983506
joint-99a2122f162a74088f58,M2,291502,sham,0,0.1320015236735344,0.0660007618367672,0.3657816904722127,true,0.06015408057597701,0.06243561536251082,0.18894020711990575
joint-ce884c4d333127e8b6dc,M2,291502,sham,0,0.1320015236735344,-0.1320015236735344,0.3993523121987446,false,0.07101703668062705,0.07322192532477118,0.22375141955175393
joint-50af49320c1511a0d6c6,M2,291502,sham,1,0.1320015236735344,0.1320015236735344,0.3869129778131081,true,0.07004741853652528,0.07501708086641327,0.30006631639746656
joint-4664e26abb95085a572a,M2,291502,sham,1,-0.1320015236735344,-0.1320015236735344,0.3787690752735419,true,0.06262971976532757,0.06375304086411149,0.26806478066576095
joint-79aa8ba0c5489ddf2497,M2,291502,sham,1,0.0660007618367672,0.0660007618367672,0.21319876110578914,true,0.03991802487972947,0.03886933203363627,0.16739712766749784
joint-d987f2e8f59153959f0b,M2,291502,sham,0,0.0660007618367672,-0.0660007618367672,0.16430629817858822,true,0.03233855476646077,0.03198536875948691,0.11543922795227138
joint-cb8130fb1c35fd8e7b18,M2,291502,sham,0,0.1320015236735344,0.1320015236735344,0.371321895567089,true,0.07020048917614724,0.07376791567268648,0.22159308713206138
joint-d18a1d26ca0c2d035ee3,M2,291502,sham,1,-0.0660007618367672,0.0660007618367672,0.21443307542016252,true,0.04111362435908434,0.04773649803354644,0.17552679198591722
joint-da2f34f1c087e97b1afb,M2,291502,sham,0,-0.0660007618367672,0.0660007618367672,0.21507787610542234,true,0.03713848753525504,0.03976741950381174,0.1203682089807993
joint-d61e8bcf8b85f15c898a,M2,291502,sham,1,-0.0660007618367672,-0.0660007618367672,0.17137796091474464,true,0.03258566578093036,0.034181976792584085,0.10635805460848544
joint-4de8fb543630717fe750,M2,291502,sham,1,0.0660007618367672,0.1320015236735344,0.3568455352139349,true,0.04996817050732371,0.05073236149625139,0.15407401479760016
joint-dc3cf8ce3539277e0726,M2,291502,sham,0,-0.0660007618367672,-0.1320015236735344,0.31389436005381893,true,0.05241999404052512,0.05481988186197665,0.2632419071276269
joint-afc74f4446a723051311,M2,291502,sham,0,0.1320015236735344,0.0660007618367672,0.351223957724416,true,0.054974637582878086,0.054204120271724734,0.2145118505213682
joint-b8e91cf056a2850aa06d,M2,291502,sham,1,0.1320015236735344,0.1320015236735344,0.3604859305721335,true,0.06011547589828934,0.0622950947833003,0.2833670736143685
joint-1f313d8436034e3c8a2f,M2,291502,sham,0,0.0660007618367672,-0.0660007618367672,0.18015013143616132,true,0.03485741939923179,0.03517346376163998,0.10807603920138767
joint-86283058a19cd7794f47,M2,291502,sham,1,-0.1320015236735344,0.1320015236735344,0.3201872916057837,true,0.05901018114610366,0.0654536180298423,0.2920294415089914
joint-a5ed81533299a3f553ae,M2,291502,sham,1,0.0660007618367672,0.1320015236735344,0.41548978777118667,false,0.05851491594163653,0.06005320973168833,0.17806177821424882
joint-1b3125f558c72b1ea5e4,M2,291502,sham,1,-0.0660007618367672,0.1320015236735344,0.28589609833535806,true,0.043793121304437674,0.0463573227576465,0.14876798726149018
joint-3dcb938aa6f788013529,M2,291502,sham,0,-0.0660007618367672,-0.0660007618367672,0.11684546296360214,true,0.025392131166295,0.024435557366288004,0.13656057464664909
joint-f3d0c584cd58125ec9bd,M2,291502,sham,0,-0.0660007618367672,-0.1320015236735344,0.32567018106885115,true,0.05025313000906106,0.05431276887305726,0.17326957288073258
joint-a4fe2bd135f56d3a3b4d,M2,291502,sham,0,-0.1320015236735344,-0.0660007618367672,0.34943072528438057,true,0.060785046046292084,0.06319203847747677,0.2031550525976295
joint-baf9ad5b2a0e2663433b,M2,291502,sham,0,0.1320015236735344,0.1320015236735344,0.3529021983977252,true,0.0676159113377436,0.06791554405608588,0.3346390088699721
joint-63dd4abeb6e1325c7806,M2,291502,sham,0,-0.1320015236735344,0.1320015236735344,0.37317820985398276,true,0.06817181798350155,0.07128392423323149,0.21998109000157853
joint-89a8114aac92bfca40db,M2,291502,sham,0,0.0660007618367672,0.1320015236735344,0.3364997920174154,true,0.05642138836249219,0.05630475916479616,0.203669914820378
joint-fdd9add87d3e0887f0db,M2,291502,sham,0,-0.0660007618367672,-0.0660007618367672,0.19656721204080013,true,0.031389434411395994,0.029430688670957036,0.09080805593667711
joint-8deb233befdaaa44244e,M2,291502,sham,0,-0.0660007618367672,-0.1320015236735344,0.3524162538293293,true,0.052694915923936825,0.05708979383983546,0.2717035632888898
joint-750a25537e1c577ecb17,M2,291502,sham,0,0.1320015236735344,0.0660007618367672,0.33843955608323256,true,0.057753639017296875,0.056644482885877,0.24170200651295398
joint-d20c3c92116f8fce3c1e,M2,291502,sham,0,-0.1320015236735344,-0.0660007618367672,0.36362815865875003,true,0.057200981891478715,0.06471551035051705,0.287026595884154
joint-83912571774477870e69,M2,291502,sham,0,0.1320015236735344,-0.0660007618367672,0.3073015295606084,true,0.051089324467676056,0.05415659177323462,0.16798100620855555
joint-0b091357d2bc89169b82,M2,291502,sham,0,0.1320015236735344,-0.1320015236735344,0.3643933778999068,true,0.07357274996355889,0.07047956860333021,0.2634035501746588
joint-79a2726c7c85c127d89d,M2,291502,sham,0,-0.1320015236735344,-0.1320015236735344,0.362283137233919,true,0.07015927351743273,0.0739848410305256,0.31126605953709896
joint-ff0e8b614b34aecce4b3,M2,291502,sham,1,0.0660007618367672,0.1320015236735344,0.3364485265839181,true,0.049438841741209265,0.04706573426685523,0.17552999776871284
joint-a6e0056491e5774f3780,M2,291502,sham,0,0.0660007618367672,-0.1320015236735344,0.37544541896445244,true,0.06158431380338337,0.059763151207673254,0.18543015250636916
joint-009541860623d2bb9f1f,M2,291502,sham,0,-0.0660007618367672,0.1320015236735344,0.324056942419941,true,0.05014507254006064,0.053466594287103826,0.16576501554520104
joint-ffe811f4bd9985f39189,M2,291502,sham,0,-0.0660007618367672,-0.1320015236735344,0.3323629337038754,true,0.05196355903931407,0.04988487611171289,0.15770271896929436
joint-08c462a1ad92c4ade964,M2,291502,sham,0,0.1320015236735344,-0.0660007618367672,0.2927653843858441,true,0.047815021271716454,0.04923547532976754,0.15074462626281665
joint-2ce56f0ea0683dcda2f5,M2,291502,sham,0,-0.1320015236735344,-0.0660007618367672,0.28542774051695957,true,0.049122566984570376,0.05025974919054088,0.24870521867343084
joint-e8e45e1d9d7dc3a06a25,M2,291502,sham,0,0.1320015236735344,-0.1320015236735344,0.3633496834915202,true,0.07025939007088848,0.07048945045181071,0.2122527447596423
joint-cf92d455cc3ba4b96312,M2,291502,sham,1,-0.1320015236735344,0.1320015236735344,0.4113328579887292,true,0.06633118846132388,0.07039934065175758,0.3021268550677527
joint-2a931d7a53cb9c33974d,M2,291502,random,0,0.0660007618367672,-0.0660007618367672,0.17156342873860927,true,0.0353744563936773,0.035004906315560774,0.1299804151964452
joint-4352a0ffd3ac22d2f5e6,M2,291502,random,1,0.0660007618367672,-0.0660007618367672,0.20102817641835952,true,0.04078731122873116,0.04287594008029891,0.11007955762695805
joint-147f59a58d0ef285e900,M2,291502,random,0,0.0660007618367672,-0.1320015236735344,0.29888563722152195,true,0.05228444163167427,0.05142034376539334,0.2488541067922067
joint-d0326bfd1d59b011ffc1,M2,291502,random,0,0.1320015236735344,0.0660007618367672,0.30689894448618543,true,0.05192443637971712,0.06177719220245349,0.17009383677451434
joint-b0a6408213b275a6eec4,M2,291502,random,0,-0.1320015236735344,0.0660007618367672,0.3650215855402036,true,0.058082973171899914,0.04852041042583796,0.14455810317114337
joint-f16075ae76c562b01afa,M2,291502,random,1,0.1320015236735344,0.0660007618367672,0.3254552694909569,true,0.06548784101853355,0.060021649102223344,0.2564391979665845
joint-6c84dffefac07a85efd4,M2,291502,random,1,0.1320015236735344,-0.1320015236735344,0.3648427608009703,true,0.08460523596807562,0.07418837642033273,0.1870068789484733
joint-530af393a720d348afb0,M2,291502,random,1,0.0660007618367672,0.0660007618367672,0.15159430569358903,true,0.02664160215842426,0.029198999754787583,0.08419034743876021
joint-66b0d86cfbc4d904308f,M2,291502,random,0,-0.0660007618367672,0.0660007618367672,0.16138721673512213,true,0.029944193400016486,0.03482378719903488,0.10411787466125341
joint-cb84ae0ab47be6c0b097,M2,291502,random,0,-0.0660007618367672,0.1320015236735344,0.3253134111576882,true,0.04989788174755058,0.06085501572246358,0.18188759069657806
joint-bd7b1bc3eac5c32be6ce,M2,291502,random,0,-0.0660007618367672,-0.0660007618367672,0.1796003111962632,true,0.03917627688105749,0.03273695767325282,0.12972847761519513
joint-f42e2b2aa0bcf1904b2c,M2,291502,random,1,0.1320015236735344,0.0660007618367672,0.30436539758283326,true,0.07230619304828487,0.06321224564709726,0.22540456094490363
joint-0cc5980f554a68da719e,M2,291502,random,0,0.1320015236735344,0.1320015236735344,0.3392276657824906,true,0.08146772395203553,0.07660579985829297,0.2735143981992468
joint-c71196ce6b27a5f15741,M2,291502,random,1,-0.0660007618367672,-0.0660007618367672,0.1433009463359096,true,0.025017462142153286,0.036466409678430574,0.09567934753416396
joint-08a29e94c959b15daf6c,M2,291502,random,0,-0.1320015236735344,-0.0660007618367672,0.34916463296786054,true,0.06284677416709389,0.07161846078393984,0.2456060342412478
joint-009344968abd7434a0a8,M2,291502,random,1,0.1320015236735344,-0.1320015236735344,0.47796983837297286,false,0.08015408171136819,0.0832096459058066,0.23953238001571744
joint-0d9b039cb21daac03d2a,M2,291502,random,1,0.0660007618367672,0.0660007618367672,0.15609395021528957,true,0.03283742773589619,0.03392957863007052,0.10128736939810157
joint-96bbd61ef63ebf358d5e,M2,291502,random,0,-0.0660007618367672,0.0660007618367672,0.17812679214469512,true,0.02988360975540518,0.029796547312715343,0.09490531616380464
joint-71226efdc82c7b8eb4e1,M2,291502,random,1,0.1320015236735344,-0.1320015236735344,0.3866866673352495,false,0.07490215228763455,0.06666879400992753,0.30493505035805313
joint-2b6a5ce6c26b3991652e,M2,291502,random,0,0.0660007618367672,-0.1320015236735344,0.30828911889813343,true,0.058271857689099614,0.05485146578440643,0.16668265821554068
joint-c45a492c6ab0e2e5bfbe,M2,291502,random,1,0.1320015236735344,-0.0660007618367672,0.3341551291574501,true,0.052380415104816766,0.053706689855506536,0.2790727946788547
joint-b2b2ebaf8b3253aafde3,M2,291502,random,0,0.1320015236735344,-0.1320015236735344,0.35036820038726224,true,0.081248205469385,0.10140250009417828,0.2910865549169135
joint-58d5f239e12552c3626e,M2,291502,random,0,-0.1320015236735344,0.1320015236735344,0.3439477411556195,true,0.07114587591175525,0.08906335855745837,0.3443867881011268
joint-fc2b76f0772372bf8c3c,M2,291502,random,1,-0.1320015236735344,0.0660007618367672,0.34291322415176423,true,0.054030715551827375,0.058662867779449124,0.16623907081946707
joint-fe2aefddb9b7745686ad,M2,291502,random,1,-0.0660007618367672,0.0660007618367672,0.21109932749065374,true,0.041476883132152094,0.03900997731711063,0.1213421165456935
joint-8b6ff975d45da97a4933,M2,291502,random,1,0.1320015236735344,-0.1320015236735344,0.4371520412890054,false,0.08495857280131229,0.07849635113647024,0.22049545037457977
joint-175e17d0ef9573bac40e,M2,291502,random,0,-0.1320015236735344,0.1320015236735344,0.3447714043498615,true,0.06548713583541313,0.07021850847955935,0.20349331792391298
joint-a3d06b9cb0966439eddd,M2,291502,random,1,0.0660007618367672,0.1320015236735344,0.28938521486616653,true,0.06282732565036432,0.06518990282989681,0.16327156728261463
joint-04c90cd2b55e51d7395c,M2,291502,random,0,0.0660007618367672,-0.1320015236735344,0.2803253716134767,true,0.045222511600770135,0.049247635529352456,0.18849409533147127
joint-03d19206c4766692b70a,M2,291502,random,0,-0.0660007618367672,0.0660007618367672,0.13166256189160191,true,0.030427998796796946,0.029706847465439116,0.09735273767162352
joint-f3533a47857412ee6574,M2,291502,random,1,-0.0660007618367672,-0.0660007618367672,0.20313710530469792,true,0.02965887179767841,0.034023232081619996,0.09111273573450389
joint-19e423cc276169fd1073,M2,291502,random,1,0.1320015236735344,0.0660007618367672,0.31978915059306734,true,0.08215757890637414,0.07541869124669122,0.22256294287847633
joint-ff96f3eeddc533681410,M2,291502,random,0,-0.1320015236735344,0.0660007618367672,0.2807952511753598,true,0.05245177555073608,0.05537794522586862,0.1863834907080686
joint-c4e21270ec4d0d7be262,M2,291502,random,0,-0.0660007618367672,0.1320015236735344,0.39159970204053623,false,0.06066921445769631,0.06258606345905965,0.18535824667661366
joint-f3c2aa3445150de38445,M2,291502,random,1,-0.0660007618367672,-0.1320015236735344,0.42316754745735213,false,0.06085198863370124,0.059979938904645466,0.1799250184315829
joint-9b1bd063fe31242ee1d4,M2,291502,random,0,-0.1320015236735344,0.0660007618367672,0.3404351372764991,true,0.06007043656233361,0.059597125120910234,0.1683582809141447
joint-dc07119105a4b0f17fef,M2,291502,random,0,-0.1320015236735344,-0.1320015236735344,0.3256280605508364,true,0.0649226376089313,0.06656081611238772,0.1972883777946728
joint-e62d176dd1f3b78034aa,M2,291502,random,1,0.0660007618367672,0.0660007618367672,0.1703282933025236,true,0.03339429751682085,0.03724214147088973,0.10879689525452285
joint-7fb044ff7f38057c2332,M2,291502,random,1,-0.0660007618367672,-0.1320015236735344,0.3694888219881621,true,0.06016662377596016,0.057853770183218994,0.16934844763914533
joint-86e6ae730070eee6983b,M2,291502,random,1,0.0660007618367672,-0.0660007618367672,0.21175229396956646,true,0.03458262511077706,0.03932238088863982,0.19145594013532632
joint-9a206f19112cd83d8451,M2,291502,random,1,0.1320015236735344,-0.1320015236735344,0.3142131834738857,true,0.06634265478433485,0.06273241906503856,0.19101196816605934
joint-d9be6f5c2e8106f0264a,M2,291502,random,1,0.0660007618367672,-0.0660007618367672,0.19366898724564788,true,0.0351318840664656,0.033275424579354985,0.09058486325388411
joint-6f8a92fc80c9c4920afe,M2,291502,random,1,0.0660007618367672,-0.0660007618367672,0.20782237613152849,true,0.034967842709601314,0.03432956938293823,0.16182942722028884
joint-2a31fc646bfd539046d7,M2,291502,random,1,0.0660007618367672,0.1320015236735344,0.48874984475731337,false,0.07701331707535557,0.0734115725334527,0.2984182777052315
joint-e8ed568644109d3c68dd,M2,291502,random,1,0.0660007618367672,0.0660007618367672,0.22629047039176406,true,0.03699650324679398,0.040686280034136504,0.11555112056121812
joint-310c46903e1f1c1d5a60,M2,291502,random,0,-0.0660007618367672,0.0660007618367672,0.2065148398145706,true,0.035795828724890406,0.03126539173336835,0.0958325663567374
joint-1285f64b5ffdc41a435d,M2,291502,random,0,0.0660007618367672,0.0660007618367672,0.2041800093896238,true,0.04066141441894426,0.03867632576109076,0.17063178804504223
joint-70524fe1e7c2518c400a,M2,291502,random,1,0.0660007618367672,-0.1320015236735344,0.3753259566683639,true,0.05800045881435248,0.056288773012661976,0.16917199134998892
joint-41ae71c0e6c6d51506eb,M2,291502,random,0,-0.0660007618367672,-0.0660007618367672,0.20063375068608136,true,0.0397222678566773,0.04002217479068812,0.1517116619948476
joint-f2a415df92c5dbd9c22b,M2,291502,random,1,0.1320015236735344,0.0660007618367672,0.32635866081838627,true,0.055058661047523744,0.0630670331469621,0.19305696109287848
joint-05f0f9643ecc833a54a1,M2,291502,random,1,0.1320015236735344,-0.1320015236735344,0.49743855930511577,false,0.07350839905664289,0.07773674025112035,0.21938228518842803
joint-6731d5008cdff8444b8a,M2,291502,random,0,0.0660007618367672,0.1320015236735344,0.35261541393210843,true,0.061072337202198616,0.05186938232594458,0.15229724627564162
joint-cd5d57fb2d2fc404ed88,M2,291502,random,1,0.0660007618367672,-0.1320015236735344,0.41711135520465975,false,0.06494877663062536,0.06163909055738226,0.1849713994013887
joint-c73f7954cc710bf9d63c,M2,291502,random,0,-0.1320015236735344,0.1320015236735344,0.3242682501577693,true,0.06448070421019732,0.07228488874550992,0.27075280393660967
joint-8c80649d97868318c9fe,M2,291502,random,1,-0.0660007618367672,0.1320015236735344,0.4280273355384645,false,0.06623507017044501,0.05713080625613369,0.1659941678199558
joint-e8ffd69e58705acdb563,M2,291502,random,0,-0.1320015236735344,-0.1320015236735344,0.3265509484712735,true,0.06398947394760825,0.06875404500232318,0.22404673057327304
joint-2474a6ed6bbe4f7e1b97,M2,291502,random,1,-0.0660007618367672,-0.0660007618367672,0.21243637717195665,true,0.05128647315960772,0.04518461614896369,0.18890350462870234
joint-1b6c644185589ebc48c8,M2,291502,random,1,-0.1320015236735344,0.1320015236735344,0.44078743913604457,false,0.07055571394346341,0.06761260075265119,0.20624372258676657
joint-efe7c8a0a11bb35094e0,M2,291502,random,0,-0.1320015236735344,0.0660007618367672,0.3712820929002446,true,0.060787891712973434,0.060439604685608425,0.2699101823411671
joint-9ea456682d298ae62b43,M2,291502,random,0,0.1320015236735344,0.1320015236735344,0.37015590720185876,false,0.06889326355340436,0.0813832639858711,0.31092478279273483
joint-7d924a87e8568d82b71b,M2,291502,random,1,-0.0660007618367672,-0.1320015236735344,0.3668853685496297,true,0.0511726138835429,0.05699008582496806,0.16531583599757957
joint-f012efad790d4bcb5275,M2,291502,random,1,0.0660007618367672,-0.1320015236735344,0.33863447961100207,true,0.058813924615968724,0.053125507523669555,0.18769057239138676
joint-99a2122f162a74088f58,M2,291502,random,0,0.1320015236735344,0.0660007618367672,0.4733047036300744,false,0.0752026991848941,0.07185389138399793,0.19840353465935442
joint-ce884c4d333127e8b6dc,M2,291502,random,0,0.1320015236735344,-0.1320015236735344,0.43768913650893826,false,0.07585057913116225,0.07782991504785179,0.23708243509185148
joint-50af49320c1511a0d6c6,M2,291502,random,1,0.1320015236735344,0.1320015236735344,0.415097191623683,true,0.07883535356837948,0.08266407984973552,0.2986400253909164
joint-4664e26abb95085a572a,M2,291502,random,1,-0.1320015236735344,-0.1320015236735344,0.27772747648680196,true,0.0835091394136253,0.10798578050603969,0.29911773177760126
joint-79aa8ba0c5489ddf2497,M2,291502,random,1,0.0660007618367672,0.0660007618367672,0.19651457451580562,true,0.04026999351038642,0.03948272920992637,0.14915644198443956
joint-d987f2e8f59153959f0b,M2,291502,random,0,0.0660007618367672,-0.0660007618367672,0.1758349886831912,true,0.04017736386700267,0.038867848519775726,0.11263368831941276
joint-cb8130fb1c35fd8e7b18,M2,291502,random,0,0.1320015236735344,0.1320015236735344,0.4552627921851588,false,0.09772029704499126,0.08679718520937658,0.24807830558801122
joint-d18a1d26ca0c2d035ee3,M2,291502,random,1,-0.0660007618367672,0.0660007618367672,0.21454201564548275,true,0.05468652661277275,0.0689810719448948,0.18584699225459073
joint-da2f34f1c087e97b1afb,M2,291502,random,0,-0.0660007618367672,0.0660007618367672,0.1995886068216591,true,0.03725110211348069,0.041166022976423904,0.12203810108516996
joint-d61e8bcf8b85f15c898a,M2,291502,random,1,-0.0660007618367672,-0.0660007618367672,0.15711558619666402,true,0.029760068127675815,0.03391962908000587,0.10705518009839586
joint-4de8fb543630717fe750,M2,291502,random,1,0.0660007618367672,0.1320015236735344,0.38514906460344245,true,0.057444611416328235,0.05173587403101434,0.15323675133094428
joint-dc3cf8ce3539277e0726,M2,291502,random,0,-0.0660007618367672,-0.1320015236735344,0.40755634561015913,true,0.06644828840698587,0.06590633981117063,0.26431968390963173
joint-afc74f4446a723051311,M2,291502,random,0,0.1320015236735344,0.0660007618367672,0.38003000751657967,true,0.0798186902109951,0.07453013338060571,0.2421246278946288
joint-b8e91cf056a2850aa06d,M2,291502,random,1,0.1320015236735344,0.1320015236735344,0.33826347162978426,true,0.06860408910931344,0.07522905955055444,0.3067452823470424
joint-1f313d8436034e3c8a2f,M2,291502,random,0,0.0660007618367672,-0.0660007618367672,0.20286576170765286,true,0.040125007125444846,0.03705445623930896,0.11522487675406323
joint-86283058a19cd7794f47,M2,291502,random,1,-0.1320015236735344,0.1320015236735344,0.5286047880245538,false,0.0890451783839495,0.09920698722644941,0.34248645147842605
joint-a5ed81533299a3f553ae,M2,291502,random,1,0.0660007618367672,0.1320015236735344,0.3675800642467241,true,0.07397449820957612,0.06188661755709562,0.16233372874438565
joint-1b3125f558c72b1ea5e4,M2,291502,random,1,-0.0660007618367672,0.1320015236735344,0.2084279911922051,true,0.03590004527251692,0.03780859274392221,0.12593275580069033
joint-3dcb938aa6f788013529,M2,291502,random,0,-0.0660007618367672,-0.0660007618367672,0.11422158147951077,true,0.029974043133887865,0.03406335087231046,0.12626808146915755
joint-f3d0c584cd58125ec9bd,M2,291502,random,0,-0.0660007618367672,-0.1320015236735344,0.25286650032137786,true,0.07672940474044003,0.07697359958570356,0.19576840514195973
joint-a4fe2bd135f56d3a3b4d,M2,291502,random,0,-0.1320015236735344,-0.0660007618367672,0.35429976995416246,false,0.08334491272387598,0.07045938746696562,0.19867626876515157
joint-baf9ad5b2a0e2663433b,M2,291502,random,0,0.1320015236735344,0.1320015236735344,0.39152047897235687,true,0.10217640722193451,0.10733406456310533,0.40259235564636914
joint-63dd4abeb6e1325c7806,M2,291502,random,0,-0.1320015236735344,0.1320015236735344,0.4018504599856612,false,0.07273956118129515,0.07254842685874426,0.22417984455894333
joint-89a8114aac92bfca40db,M2,291502,random,0,0.0660007618367672,0.1320015236735344,0.3885912402398411,true,0.06608739059314064,0.07707527888591649,0.21891816726341468
joint-fdd9add87d3e0887f0db,M2,291502,random,0,-0.0660007618367672,-0.0660007618367672,0.180376939928794,true,0.03736487909429795,0.030008026636314508,0.0913477924864253
joint-8deb233befdaaa44244e,M2,291502,random,0,-0.0660007618367672,-0.1320015236735344,0.3712403619060401,true,0.06595332644443261,0.06861366850272266,0.2632834330515639
joint-750a25537e1c577ecb17,M2,291502,random,0,0.1320015236735344,0.0660007618367672,0.3264988301503469,true,0.060632997441162864,0.06691487434416732,0.2651807386754338
joint-d20c3c92116f8fce3c1e,M2,291502,random,0,-0.1320015236735344,-0.0660007618367672,0.3640391564011187,true,0.06250619048307268,0.06322098406610438,0.2900908749436911
joint-83912571774477870e69,M2,291502,random,0,0.1320015236735344,-0.0660007618367672,0.37306709797339044,true,0.06128651795623799,0.058713796895300714,0.16703919291558023
joint-0b091357d2bc89169b82,M2,291502,random,0,0.1320015236735344,-0.1320015236735344,0.3699305069972522,true,0.08515839189473703,0.08054774242440907,0.25611573269726223
joint-79a2726c7c85c127d89d,M2,291502,random,0,-0.1320015236735344,-0.1320015236735344,0.30384221826521446,true,0.059812636549879956,0.06192943262813081,0.28490588670202993
joint-ff0e8b614b34aecce4b3,M2,291502,random,1,0.0660007618367672,0.1320015236735344,0.3974509797195507,true,0.05805091794031892,0.051197806718357726,0.15578567426176837
joint-a6e0056491e5774f3780,M2,291502,random,0,0.0660007618367672,-0.1320015236735344,0.36361609196647277,true,0.0642138684663289,0.059121001844037756,0.15109830538726116
joint-009541860623d2bb9f1f,M2,291502,random,0,-0.0660007618367672,0.1320015236735344,0.2863825720098459,true,0.048941050472987996,0.05370837830745787,0.16299904380634803
joint-ffe811f4bd9985f39189,M2,291502,random,0,-0.0660007618367672,-0.1320015236735344,0.3530576413563555,true,0.06397835942973389,0.056388834119553595,0.15865044537953837
joint-08c462a1ad92c4ade964,M2,291502,random,0,0.1320015236735344,-0.0660007618367672,0.26809410529866967,true,0.04888058015176696,0.049370466495992756,0.14612519545813574
joint-2ce56f0ea0683dcda2f5,M2,291502,random,0,-0.1320015236735344,-0.0660007618367672,0.27077526333919305,true,0.04883827508809404,0.054063677078134476,0.2103049446940537
joint-e8e45e1d9d7dc3a06a25,M2,291502,random,0,0.1320015236735344,-0.1320015236735344,0.3501437637481473,true,0.07213338580369227,0.07338051229175287,0.2113634852713585
joint-cf92d455cc3ba4b96312,M2,291502,random,1,-0.1320015236735344,0.1320015236735344,0.33919186868898965,true,0.07100881528497473,0.08597152329238915,0.29811456307471135
joint-2a931d7a53cb9c33974d,M2,291502,wrong_object,0,0.0660007618367672,-0.0660007618367672,0.19779560980171554,true,0.041648919152392286,0.04224737146160683,0.22084655329351924
joint-4352a0ffd3ac22d2f5e6,M2,291502,wrong_object,1,0.0660007618367672,-0.0660007618367672,0.17262674797959482,true,0.04009337792677162,0.039501064399024774,0.115034310653082
joint-147f59a58d0ef285e900,M2,291502,wrong_object,0,0.0660007618367672,-0.1320015236735344,0.31020917586915286,false,0.06741342178214478,0.06793495668661292,0.36343281528094384
joint-d0326bfd1d59b011ffc1,M2,291502,wrong_object,0,0.1320015236735344,0.0660007618367672,0.34358651527691186,false,0.07228662438171614,0.08255847802155696,0.24168279475198762
joint-b0a6408213b275a6eec4,M2,291502,wrong_object,0,-0.1320015236735344,0.0660007618367672,0.34949813780857975,true,0.06804039599588452,0.06001695556964219,0.1895322864042434
joint-f16075ae76c562b01afa,M2,291502,wrong_object,1,0.1320015236735344,0.0660007618367672,0.31579378316921336,false,0.07256816642086088,0.06900219917562311,0.3084125679361648
joint-6c84dffefac07a85efd4,M2,291502,wrong_object,1,0.1320015236735344,-0.1320015236735344,0.3732059707885851,false,0.08328561121792731,0.0834335981187552,0.24712165570183545
joint-530af393a720d348afb0,M2,291502,wrong_object,1,0.0660007618367672,0.0660007618367672,0.18305850060442966,true,0.052253023692654846,0.0500147973276316,0.15051446070416832
joint-66b0d86cfbc4d904308f,M2,291502,wrong_object,0,-0.0660007618367672,0.0660007618367672,0.1812001213402902,true,0.040330029287894156,0.03812273411985106,0.1169871326887955
joint-cb84ae0ab47be6c0b097,M2,291502,wrong_object,0,-0.0660007618367672,0.1320015236735344,0.3934552096978472,false,0.069964850011577,0.0704331827832225,0.21347532416961995
joint-bd7b1bc3eac5c32be6ce,M2,291502,wrong_object,0,-0.0660007618367672,-0.0660007618367672,0.15795308470019412,true,0.04682453131853152,0.04700363477683117,0.2075829488647084
joint-f42e2b2aa0bcf1904b2c,M2,291502,wrong_object,1,0.1320015236735344,0.0660007618367672,0.30230931120018933,false,0.07000278607635826,0.06965043316453182,0.27029034087808296
joint-0cc5980f554a68da719e,M2,291502,wrong_object,0,0.1320015236735344,0.1320015236735344,0.3478107863919841,false,0.09043606742772874,0.09231043656423149,0.3011099579976838
joint-c71196ce6b27a5f15741,M2,291502,wrong_object,1,-0.0660007618367672,-0.0660007618367672,0.1495393811622178,true,0.045349943239546275,0.040132563208163205,0.11361881459106367
joint-08a29e94c959b15daf6c,M2,291502,wrong_object,0,-0.1320015236735344,-0.0660007618367672,0.33621386803853526,false,0.07746177890315264,0.07835496203312682,0.27964838663088354
joint-009344968abd7434a0a8,M2,291502,wrong_object,1,0.1320015236735344,-0.1320015236735344,0.377001455576433,false,0.08502694203904967,0.08328048250617952,0.24759951361662902
joint-0d9b039cb21daac03d2a,M2,291502,wrong_object,1,0.0660007618367672,0.0660007618367672,0.1899675254258659,true,0.04916354222824426,0.047046809391962964,0.1435546245584636
joint-96bbd61ef63ebf358d5e,M2,291502,wrong_object,0,-0.0660007618367672,0.0660007618367672,0.16605172294615697,true,0.03690431536685852,0.03473334548281105,0.1082781767546397
joint-71226efdc82c7b8eb4e1,M2,291502,wrong_object,1,0.1320015236735344,-0.1320015236735344,0.3729022239282511,true,0.07030750189336837,0.07333893985168226,0.2967017937910088
joint-2b6a5ce6c26b3991652e,M2,291502,wrong_object,0,0.0660007618367672,-0.1320015236735344,0.29522837498674925,true,0.05845250749350742,0.056755899788496565,0.17829053067133446
joint-c45a492c6ab0e2e5bfbe,M2,291502,wrong_object,1,0.1320015236735344,-0.0660007618367672,0.3314058341247995,true,0.06285317306766623,0.06128409616207462,0.2823063739186974
joint-b2b2ebaf8b3253aafde3,M2,291502,wrong_object,0,0.1320015236735344,-0.1320015236735344,0.380462968650599,false,0.12340727403431058,0.08946869447409844,0.20938642936007612
joint-58d5f239e12552c3626e,M2,291502,wrong_object,0,-0.1320015236735344,0.1320015236735344,0.45089387288821003,false,0.1045261566062101,0.10431552311246282,0.22242966248483484
joint-fc2b76f0772372bf8c3c,M2,291502,wrong_object,1,-0.1320015236735344,0.0660007618367672,0.34853218954028153,true,0.06365641818958534,0.060723100484944025,0.1911115431419573
joint-fe2aefddb9b7745686ad,M2,291502,wrong_object,1,-0.0660007618367672,0.0660007618367672,0.19329307029163897,true,0.03883617997476729,0.043242231589838726,0.19976038917552716
joint-8b6ff975d45da97a4933,M2,291502,wrong_object,1,0.1320015236735344,-0.1320015236735344,0.4428765237384872,false,0.08585403356436214,0.08402655676106392,0.2510383629013435
joint-175e17d0ef9573bac40e,M2,291502,wrong_object,0,-0.1320015236735344,0.1320015236735344,0.3466360110448703,false,0.07913672114663296,0.07739776427130898,0.23977508713982074
joint-a3d06b9cb0966439eddd,M2,291502,wrong_object,1,0.0660007618367672,0.1320015236735344,0.3975657558925134,false,0.07281780070594994,0.06871871156271177,0.23453414716251395
joint-04c90cd2b55e51d7395c,M2,291502,wrong_object,0,0.0660007618367672,-0.1320015236735344,0.3498585728071712,false,0.08551632404522232,0.07239926752752926,0.16572309130202154
joint-03d19206c4766692b70a,M2,291502,wrong_object,0,-0.0660007618367672,0.0660007618367672,0.14843657836348179,true,0.037830105622076386,0.03635906467626276,0.11463615751850963
joint-f3533a47857412ee6574,M2,291502,wrong_object,1,-0.0660007618367672,-0.0660007618367672,0.16659210738171687,true,0.04528562693407697,0.03974800800961775,0.1136472402134313
joint-19e423cc276169fd1073,M2,291502,wrong_object,1,0.1320015236735344,0.0660007618367672,0.3065841226667703,false,0.08480316799564809,0.0831852030630071,0.31646090564761603
joint-ff96f3eeddc533681410,M2,291502,wrong_object,0,-0.1320015236735344,0.0660007618367672,0.3198643852591517,true,0.06710580784528243,0.06558946526421969,0.2615118238664793
joint-c4e21270ec4d0d7be262,M2,291502,wrong_object,0,-0.0660007618367672,0.1320015236735344,0.37581796506241694,true,0.06918959302223739,0.0677185839445742,0.2049486112192891
joint-f3c2aa3445150de38445,M2,291502,wrong_object,1,-0.0660007618367672,-0.1320015236735344,0.32082055956154276,true,0.0756185730720561,0.06991604171177455,0.20635840602213312
joint-9b1bd063fe31242ee1d4,M2,291502,wrong_object,0,-0.1320015236735344,0.0660007618367672,0.3528873311843559,true,0.07096457933589936,0.06489327355001788,0.20471993386612655
joint-dc07119105a4b0f17fef,M2,291502,wrong_object,0,-0.1320015236735344,-0.1320015236735344,0.3614689566329715,false,0.0897083309657645,0.0864303215264657,0.27344078186299303
joint-e62d176dd1f3b78034aa,M2,291502,wrong_object,1,0.0660007618367672,0.0660007618367672,0.19619734816588438,true,0.05393523396991977,0.05097758694075794,0.15650109867137535
joint-7fb044ff7f38057c2332,M2,291502,wrong_object,1,-0.0660007618367672,-0.1320015236735344,0.3269338067333059,true,0.07336416528857845,0.06758601034266203,0.20024451056727954
joint-86e6ae730070eee6983b,M2,291502,wrong_object,1,0.0660007618367672,-0.0660007618367672,0.1986962960654187,true,0.036189111892550974,0.044250463124196004,0.22351381345080237
joint-9a206f19112cd83d8451,M2,291502,wrong_object,1,0.1320015236735344,-0.1320015236735344,0.33793402924845234,false,0.07966681985248261,0.08064777293179541,0.23641417270416246
joint-d9be6f5c2e8106f0264a,M2,291502,wrong_object,1,0.0660007618367672,-0.0660007618367672,0.17342858076278472,true,0.04228242750139253,0.04191630305507331,0.12031660835313968
joint-6f8a92fc80c9c4920afe,M2,291502,wrong_object,1,0.0660007618367672,-0.0660007618367672,0.1648438634518325,true,0.03873881179116888,0.035735892387831474,0.1536744200608865
joint-2a31fc646bfd539046d7,M2,291502,wrong_object,1,0.0660007618367672,0.1320015236735344,0.4182764416396404,false,0.08655281937149116,0.07642302406193335,0.4068420417136903
joint-e8ed568644109d3c68dd,M2,291502,wrong_object,1,0.0660007618367672,0.0660007618367672,0.20507945048572024,true,0.0527856994207008,0.05316495613990753,0.15787403086921478
joint-310c46903e1f1c1d5a60,M2,291502,wrong_object,0,-0.0660007618367672,0.0660007618367672,0.18745859038871446,true,0.03810656445834646,0.0353343392034222,0.1099016105690152
joint-1285f64b5ffdc41a435d,M2,291502,wrong_object,0,0.0660007618367672,0.0660007618367672,0.23055075864068386,true,0.05393443993833593,0.050402015465186994,0.2257227802718307
joint-70524fe1e7c2518c400a,M2,291502,wrong_object,1,0.0660007618367672,-0.1320015236735344,0.35987019555135896,false,0.07354616525339344,0.0723133194076522,0.21053430633183973
joint-41ae71c0e6c6d51506eb,M2,291502,wrong_object,0,-0.0660007618367672,-0.0660007618367672,0.18291846144461832,false,0.05059321467878377,0.05096337511100438,0.2138876092023301
joint-f2a415df92c5dbd9c22b,M2,291502,wrong_object,1,0.1320015236735344,0.0660007618367672,0.3553793402237813,false,0.07922566812967206,0.08024536194567598,0.24447066752629124
joint-05f0f9643ecc833a54a1,M2,291502,wrong_object,1,0.1320015236735344,-0.1320015236735344,0.3664348429186024,false,0.08388020287236254,0.08419116726780167,0.2493196806131049
joint-6731d5008cdff8444b8a,M2,291502,wrong_object,0,0.0660007618367672,0.1320015236735344,0.30249834598417075,false,0.06977029320001137,0.07702237659281885,0.2274542519131553
joint-cd5d57fb2d2fc404ed88,M2,291502,wrong_object,1,0.0660007618367672,-0.1320015236735344,0.3393649908047394,true,0.0641964322077464,0.06551038388242864,0.19097769016864957
joint-c73f7954cc710bf9d63c,M2,291502,wrong_object,0,-0.1320015236735344,0.1320015236735344,0.32362463688667037,false,0.07796277317526172,0.08095355482471289,0.38151171848485343
joint-8c80649d97868318c9fe,M2,291502,wrong_object,1,-0.0660007618367672,0.1320015236735344,0.37641770462707913,true,0.06334278827721282,0.06383307507115017,0.19571674989478974
joint-e8ffd69e58705acdb563,M2,291502,wrong_object,0,-0.1320015236735344,-0.1320015236735344,0.33979425504396693,false,0.109893293136465,0.10573057533254036,0.32503520777297945
joint-2474a6ed6bbe4f7e1b97,M2,291502,wrong_object,1,-0.0660007618367672,-0.0660007618367672,0.22054841702563643,false,0.0604806766640303,0.060281720669363346,0.19638040352554836
joint-1b6c644185589ebc48c8,M2,291502,wrong_object,1,-0.1320015236735344,0.1320015236735344,0.4377220490826707,false,0.08430494316743162,0.08554103558002218,0.2622919879719863
joint-efe7c8a0a11bb35094e0,M2,291502,wrong_object,0,-0.1320015236735344,0.0660007618367672,0.3483470105880465,true,0.07402268316998956,0.07827006502496667,0.22509030098435653
joint-9ea456682d298ae62b43,M2,291502,wrong_object,0,0.1320015236735344,0.1320015236735344,0.39974853969498236,false,0.09477909900305437,0.0886228577869289,0.2804089963535756
joint-7d924a87e8568d82b71b,M2,291502,wrong_object,1,-0.0660007618367672,-0.1320015236735344,0.36258130370945185,false,0.07784008340293945,0.07259393576709652,0.2160208398178833
joint-f012efad790d4bcb5275,M2,291502,wrong_object,1,0.0660007618367672,-0.1320015236735344,0.2429180645838149,true,0.047858679905023294,0.050025835986797385,0.18813493078927201
joint-99a2122f162a74088f58,M2,291502,wrong_object,0,0.1320015236735344,0.0660007618367672,0.3533672979797947,false,0.07772104962540602,0.09063725680016325,0.2626135056470348
joint-ce884c4d333127e8b6dc,M2,291502,wrong_object,0,0.1320015236735344,-0.1320015236735344,0.3888865085517732,false,0.08149401826324254,0.08017609722662189,0.25224259779285907
joint-50af49320c1511a0d6c6,M2,291502,wrong_object,1,0.1320015236735344,0.1320015236735344,0.4407624932261735,false,0.09782014297316552,0.09305291117115763,0.3733087108858354
joint-4664e26abb95085a572a,M2,291502,wrong_object,1,-0.1320015236735344,-0.1320015236735344,0.39086047023205694,false,0.08386058447754939,0.08274218100845611,0.2782497169358231
joint-79aa8ba0c5489ddf2497,M2,291502,wrong_object,1,0.0660007618367672,0.0660007618367672,0.22035848711434794,true,0.0560664984398749,0.05342592908905524,0.23056122293774392
joint-d987f2e8f59153959f0b,M2,291502,wrong_object,0,0.0660007618367672,-0.0660007618367672,0.1485299608306895,true,0.05273468861092184,0.051793657834126594,0.09662811436609217
joint-cb8130fb1c35fd8e7b18,M2,291502,wrong_object,0,0.1320015236735344,0.1320015236735344,0.3688967124054241,false,0.08915366142133604,0.10223586404014315,0.2946113860086584
joint-d18a1d26ca0c2d035ee3,M2,291502,wrong_object,1,-0.0660007618367672,0.0660007618367672,0.21001172735761825,true,0.03790085797750566,0.046634133054915025,0.1717631455316718
joint-da2f34f1c087e97b1afb,M2,291502,wrong_object,0,-0.0660007618367672,0.0660007618367672,0.22476384656305154,true,0.042619462956938726,0.0420999536234516,0.1295665666130643
joint-d61e8bcf8b85f15c898a,M2,291502,wrong_object,1,-0.0660007618367672,-0.0660007618367672,0.1521603957021059,true,0.04862667395822892,0.04319136619011167,0.12909613623919497
joint-4de8fb543630717fe750,M2,291502,wrong_object,1,0.0660007618367672,0.1320015236735344,0.3563763105619858,true,0.07461041582778855,0.07543347673055699,0.22415441717669596
joint-dc3cf8ce3539277e0726,M2,291502,wrong_object,0,-0.0660007618367672,-0.1320015236735344,0.3257473893469089,false,0.08645141467136605,0.08454955366274976,0.37981762271187347
joint-afc74f4446a723051311,M2,291502,wrong_object,0,0.1320015236735344,0.0660007618367672,0.3681308631406767,false,0.07837361027314912,0.08600078095525705,0.2737074893912743
joint-b8e91cf056a2850aa06d,M2,291502,wrong_object,1,0.1320015236735344,0.1320015236735344,0.41407457590267394,false,0.10327619461061822,0.09852117015153793,0.4445167641882216
joint-1f313d8436034e3c8a2f,M2,291502,wrong_object,0,0.0660007618367672,-0.0660007618367672,0.17137562611827986,true,0.04394673435816583,0.03997296174940791,0.12762242430070983
joint-86283058a19cd7794f47,M2,291502,wrong_object,1,-0.1320015236735344,0.1320015236735344,0.29626321236636455,true,0.05633842559791811,0.0679568656146967,0.28854912301685803
joint-a5ed81533299a3f553ae,M2,291502,wrong_object,1,0.0660007618367672,0.1320015236735344,0.4127119628391147,false,0.08436894063275972,0.08594638432748586,0.25543484296847235
joint-1b3125f558c72b1ea5e4,M2,291502,wrong_object,1,-0.0660007618367672,0.1320015236735344,0.29492391483829455,true,0.057655404342991254,0.06264720732449101,0.18478840553356976
joint-3dcb938aa6f788013529,M2,291502,wrong_object,0,-0.0660007618367672,-0.0660007618367672,0.1230988454980372,true,0.04163276392351877,0.03679893767337265,0.1620217331014847
joint-f3d0c584cd58125ec9bd,M2,291502,wrong_object,0,-0.0660007618367672,-0.1320015236735344,0.2780001707609209,false,0.07383926585428953,0.06871825231149717,0.20297202483248739
joint-a4fe2bd135f56d3a3b4d,M2,291502,wrong_object,0,-0.1320015236735344,-0.0660007618367672,0.359318908479363,false,0.08111159497005752,0.08440072947921726,0.2727456502855011
joint-baf9ad5b2a0e2663433b,M2,291502,wrong_object,0,0.1320015236735344,0.1320015236735344,0.3594055181929713,false,0.09722078681716204,0.10216716533758154,0.4018777855669493
joint-63dd4abeb6e1325c7806,M2,291502,wrong_object,0,-0.1320015236735344,0.1320015236735344,0.3681646517331716,false,0.08403682447480774,0.08465223468926619,0.25845278123276644
joint-89a8114aac92bfca40db,M2,291502,wrong_object,0,0.0660007618367672,0.1320015236735344,0.3283085297256909,false,0.07541414494158015,0.07326643127869045,0.2668322092181129
joint-fdd9add87d3e0887f0db,M2,291502,wrong_object,0,-0.0660007618367672,-0.0660007618367672,0.21527932034531855,true,0.04978535046527534,0.04388213175927173,0.13527199495659628
joint-8deb233befdaaa44244e,M2,291502,wrong_object,0,-0.0660007618367672,-0.1320015236735344,0.36718424725699766,false,0.08567663008383414,0.08497917330809168,0.38473475264969875
joint-750a25537e1c577ecb17,M2,291502,wrong_object,0,0.1320015236735344,0.0660007618367672,0.34831139572506936,true,0.07979870325194305,0.07342844063877584,0.2402097896211596
joint-d20c3c92116f8fce3c1e,M2,291502,wrong_object,0,-0.1320015236735344,-0.0660007618367672,0.314355903705075,false,0.08497510086296053,0.0729546859783714,0.2917883574616792
joint-83912571774477870e69,M2,291502,wrong_object,0,0.1320015236735344,-0.0660007618367672,0.3057018070134294,true,0.061102535059172694,0.05844889493090258,0.18938926465746317
joint-0b091357d2bc89169b82,M2,291502,wrong_object,0,0.1320015236735344,-0.1320015236735344,0.4177594328607078,false,0.13621282414895852,0.08868863324377484,0.2462678539753012
joint-79a2726c7c85c127d89d,M2,291502,wrong_object,0,-0.1320015236735344,-0.1320015236735344,0.3195644199095816,false,0.09569755420864917,0.08902801228318385,0.3957388364168387
joint-ff0e8b614b34aecce4b3,M2,291502,wrong_object,1,0.0660007618367672,0.1320015236735344,0.35098628654685243,false,0.06211357909587129,0.062168275298953815,0.18120955885773224
joint-a6e0056491e5774f3780,M2,291502,wrong_object,0,0.0660007618367672,-0.1320015236735344,0.410644562687745,false,0.10457301701891583,0.07873277696070397,0.17050526120869602
joint-009541860623d2bb9f1f,M2,291502,wrong_object,0,-0.0660007618367672,0.1320015236735344,0.3140829330047325,false,0.06781869917008508,0.07164868419258236,0.21339849745747191
joint-ffe811f4bd9985f39189,M2,291502,wrong_object,0,-0.0660007618367672,-0.1320015236735344,0.2939376548169341,false,0.07156140850804121,0.06872590908248712,0.21287770594675828
joint-08c462a1ad92c4ade964,M2,291502,wrong_object,0,0.1320015236735344,-0.0660007618367672,0.29616423194664165,true,0.05894912360879041,0.05529993912858398,0.1766344898501895
joint-2ce56f0ea0683dcda2f5,M2,291502,wrong_object,0,-0.1320015236735344,-0.0660007618367672,0.2788069152533857,false,0.06585936446182189,0.06173669734928535,0.27277005934685283
joint-e8e45e1d9d7dc3a06a25,M2,291502,wrong_object,0,0.1320015236735344,-0.1320015236735344,0.358592764014317,false,0.08649818681175706,0.08317264802438876,0.26506847149176993
joint-cf92d455cc3ba4b96312,M2,291502,wrong_object,1,-0.1320015236735344,0.1320015236735344,0.4313381033897689,false,0.07855066738042377,0.09817469671194923,0.47680120551172545
joint-2a931d7a53cb9c33974d,M2,291502,wrong_vector,0,0.0660007618367672,-0.0660007618367672,0.2770563205863525,true,0.054399272878098696,0.049600479832059334,0.23046491505818112
joint-4352a0ffd3ac22d2f5e6,M2,291502,wrong_vector,1,0.0660007618367672,-0.0660007618367672,0.3175782784360864,true,0.05528955924154262,0.05150499010933516,0.15215579738421972
joint-147f59a58d0ef285e900,M2,291502,wrong_vector,0,0.0660007618367672,-0.1320015236735344,0.44092942195605456,false,0.08770614695715914,0.08624477066055591,0.3302060342909407
joint-d0326bfd1d59b011ffc1,M2,291502,wrong_vector,0,0.1320015236735344,0.0660007618367672,0.1761362977460826,true,0.028074467005993326,0.0372680972065644,0.08317316244962174
joint-b0a6408213b275a6eec4,M2,291502,wrong_vector,0,-0.1320015236735344,0.0660007618367672,0.4550180722374009,false,0.08323310829793033,0.0815050758953687,0.22635833509608452
joint-f16075ae76c562b01afa,M2,291502,wrong_vector,1,0.1320015236735344,0.0660007618367672,0.3190675308380446,true,0.05538454522723395,0.0600897750375806,0.17786327907063926
joint-6c84dffefac07a85efd4,M2,291502,wrong_vector,1,0.1320015236735344,-0.1320015236735344,0.6539987981345482,false,0.11008627944423467,0.10814299362236456,0.3178910305092287
joint-530af393a720d348afb0,M2,291502,wrong_vector,1,0.0660007618367672,0.0660007618367672,0.3476651905058184,true,0.04546748618085047,0.046514589531196006,0.1267162585181002
joint-66b0d86cfbc4d904308f,M2,291502,wrong_vector,0,-0.0660007618367672,0.0660007618367672,0.319259651110489,true,0.05917811047113349,0.05868083935628255,0.16219554772657424
joint-cb84ae0ab47be6c0b097,M2,291502,wrong_vector,0,-0.0660007618367672,0.1320015236735344,0.5409076627653249,false,0.09198062790081807,0.088927304965323,0.25863449642046143
joint-bd7b1bc3eac5c32be6ce,M2,291502,wrong_vector,0,-0.0660007618367672,-0.0660007618367672,0.27172398548727367,true,0.04255448218583608,0.05125659411361823,0.21282381615047669
joint-f42e2b2aa0bcf1904b2c,M2,291502,wrong_vector,1,0.1320015236735344,0.0660007618367672,0.2721533775880777,true,0.04884458492569039,0.047294493586561404,0.1308899996714891
joint-0cc5980f554a68da719e,M2,291502,wrong_vector,0,0.1320015236735344,0.1320015236735344,0.35445560814231936,false,0.07474215526702295,0.07480762183708387,0.3044782130418908
joint-c71196ce6b27a5f15741,M2,291502,wrong_vector,1,-0.0660007618367672,-0.0660007618367672,0.3091708612976733,true,0.039764175422302185,0.04061932099398134,0.11116507061071192
joint-08a29e94c959b15daf6c,M2,291502,wrong_vector,0,-0.1320015236735344,-0.0660007618367672,0.039844229871237286,true,0.019035692789025116,0.033333290285916056,0.058128070056833826
joint-009344968abd7434a0a8,M2,291502,wrong_vector,1,0.1320015236735344,-0.1320015236735344,0.6642476107285621,false,0.11297895674333333,0.1124948001725409,0.32795975096059704
joint-0d9b039cb21daac03d2a,M2,291502,wrong_vector,1,0.0660007618367672,0.0660007618367672,0.3095488397250355,true,0.04101660150301198,0.04146384155922481,0.12657185186847028
joint-96bbd61ef63ebf358d5e,M2,291502,wrong_vector,0,-0.0660007618367672,0.0660007618367672,0.2829783370024254,true,0.05397317853105884,0.05339221192608409,0.15221717817216487
joint-71226efdc82c7b8eb4e1,M2,291502,wrong_vector,1,0.1320015236735344,-0.1320015236735344,0.6242752675950001,false,0.11721653707801408,0.13478337548053898,0.34589007370973957
joint-2b6a5ce6c26b3991652e,M2,291502,wrong_vector,0,0.0660007618367672,-0.1320015236735344,0.4257005190431768,false,0.08229135156759798,0.08028214336165132,0.2304681807004831
joint-c45a492c6ab0e2e5bfbe,M2,291502,wrong_vector,1,0.1320015236735344,-0.0660007618367672,0.4914415042678106,false,0.09022221787544737,0.10162481778693948,0.2672781361744757
joint-b2b2ebaf8b3253aafde3,M2,291502,wrong_vector,0,0.1320015236735344,-0.1320015236735344,0.35279917799716565,true,0.07089391420157864,0.07185162602684911,0.24087014783775523
joint-58d5f239e12552c3626e,M2,291502,wrong_vector,0,-0.1320015236735344,0.1320015236735344,0.3678034340777778,true,0.07281642290135526,0.0773001677384899,0.30458203035394527
joint-fc2b76f0772372bf8c3c,M2,291502,wrong_vector,1,-0.1320015236735344,0.0660007618367672,0.48569890584037567,false,0.08519458406937341,0.08793932534729597,0.2599135119024802
joint-fe2aefddb9b7745686ad,M2,291502,wrong_vector,1,-0.0660007618367672,0.0660007618367672,0.3492839468392642,true,0.05294942729988164,0.0489700275435291,0.22940797725946158
joint-8b6ff975d45da97a4933,M2,291502,wrong_vector,1,0.1320015236735344,-0.1320015236735344,0.7278307786269513,false,0.11629929624940757,0.11599899060363678,0.3411654929805016
joint-175e17d0ef9573bac40e,M2,291502,wrong_vector,0,-0.1320015236735344,0.1320015236735344,0.6390250525564187,false,0.11367929581595679,0.11189401495135193,0.3196612663908803
joint-a3d06b9cb0966439eddd,M2,291502,wrong_vector,1,0.0660007618367672,0.1320015236735344,0.2143882728765618,true,0.051018874272458166,0.0407968544314864,0.14346915941581653
joint-04c90cd2b55e51d7395c,M2,291502,wrong_vector,0,0.0660007618367672,-0.1320015236735344,0.194060840048387,true,0.033348450542069585,0.038596961601798006,0.13878673517638118
joint-03d19206c4766692b70a,M2,291502,wrong_vector,0,-0.0660007618367672,0.0660007618367672,0.28590519980319395,true,0.05320835717344968,0.052608752271157994,0.15387803349077067
joint-f3533a47857412ee6574,M2,291502,wrong_vector,1,-0.0660007618367672,-0.0660007618367672,0.3250466632276327,true,0.04224085412977016,0.04101982499778499,0.11906549878742274
joint-19e423cc276169fd1073,M2,291502,wrong_vector,1,0.1320015236735344,0.0660007618367672,0.03144175816803086,true,0.013475403603309668,0.011927133138861214,0.06375447144261209
joint-ff96f3eeddc533681410,M2,291502,wrong_vector,0,-0.1320015236735344,0.0660007618367672,0.4008965899152403,true,0.07021671566294514,0.07714902819118907,0.2829343163852035
joint-c4e21270ec4d0d7be262,M2,291502,wrong_vector,0,-0.0660007618367672,0.1320015236735344,0.5134602909828826,false,0.09618775338586702,0.09590137886398281,0.2723553389996368
joint-f3c2aa3445150de38445,M2,291502,wrong_vector,1,-0.0660007618367672,-0.1320015236735344,0.18413121637481256,true,0.0323428960727892,0.03353511171702265,0.10860115580845121
joint-9b1bd063fe31242ee1d4,M2,291502,wrong_vector,0,-0.1320015236735344,0.0660007618367672,0.476862502766089,false,0.08629001640155184,0.08473674685873224,0.23732079672431583
joint-dc07119105a4b0f17fef,M2,291502,wrong_vector,0,-0.1320015236735344,-0.1320015236735344,0.6347002485379464,false,0.09138417228220072,0.09601328740690486,0.27646716603730237
joint-e62d176dd1f3b78034aa,M2,291502,wrong_vector,1,0.0660007618367672,0.0660007618367672,0.3262325726257779,true,0.04344336350558192,0.04422527881415923,0.12885452881617232
joint-7fb044ff7f38057c2332,M2,291502,wrong_vector,1,-0.0660007618367672,-0.1320015236735344,0.18683572365358228,true,0.030246665186236216,0.0304284737578372,0.09849615717990885
joint-86e6ae730070eee6983b,M2,291502,wrong_vector,1,0.0660007618367672,-0.0660007618367672,0.35570976751108985,true,0.0534289538317676,0.04859983974417578,0.24054965736608716
joint-9a206f19112cd83d8451,M2,291502,wrong_vector,1,0.1320015236735344,-0.1320015236735344,0.6072848124468445,false,0.1068579828139867,0.10553188051594783,0.30294268620476655
joint-d9be6f5c2e8106f0264a,M2,291502,wrong_vector,1,0.0660007618367672,-0.0660007618367672,0.3131026323794329,true,0.05513225215959079,0.051757064259556826,0.15131246356907257
joint-6f8a92fc80c9c4920afe,M2,291502,wrong_vector,1,0.0660007618367672,-0.0660007618367672,0.3557904356703892,true,0.05886354985632788,0.07053263444407692,0.16838467054656875
joint-2a31fc646bfd539046d7,M2,291502,wrong_vector,1,0.0660007618367672,0.1320015236735344,0.3017710673467909,true,0.050764637210366906,0.05206386011593506,0.16336505412158595
joint-e8ed568644109d3c68dd,M2,291502,wrong_vector,1,0.0660007618367672,0.0660007618367672,0.3670756071411007,true,0.04718615379770842,0.047499145151329705,0.13961630000522313
joint-310c46903e1f1c1d5a60,M2,291502,wrong_vector,0,-0.0660007618367672,0.0660007618367672,0.279795218435948,true,0.05502909799109509,0.05418320293177158,0.1547820608583939
joint-1285f64b5ffdc41a435d,M2,291502,wrong_vector,0,0.0660007618367672,0.0660007618367672,0.27770973686414036,true,0.04475512791162003,0.049719700918207335,0.24145097239773636
joint-70524fe1e7c2518c400a,M2,291502,wrong_vector,1,0.0660007618367672,-0.1320015236735344,0.5007185091709367,false,0.08726103256759825,0.08533254734941172,0.2557161165698923
joint-41ae71c0e6c6d51506eb,M2,291502,wrong_vector,0,-0.0660007618367672,-0.0660007618367672,0.28510819825045164,true,0.04126027358444863,0.04807671958251849,0.22598709827286265
joint-f2a415df92c5dbd9c22b,M2,291502,wrong_vector,1,0.1320015236735344,0.0660007618367672,0.13883807899934192,true,0.024940326431386724,0.024535299885086917,0.06012705670215827
joint-05f0f9643ecc833a54a1,M2,291502,wrong_vector,1,0.1320015236735344,-0.1320015236735344,0.6459902032096251,false,0.10866086641646276,0.10838049314827841,0.3210789885078204
joint-6731d5008cdff8444b8a,M2,291502,wrong_vector,0,0.0660007618367672,0.1320015236735344,0.20303121702061994,true,0.03556527339947588,0.033499580967151554,0.10286547020560553
joint-cd5d57fb2d2fc404ed88,M2,291502,wrong_vector,1,0.0660007618367672,-0.1320015236735344,0.4785664162676361,false,0.08171194972121872,0.07932982872353199,0.24202459147581648
joint-c73f7954cc710bf9d63c,M2,291502,wrong_vector,0,-0.1320015236735344,0.1320015236735344,0.5697365723326883,false,0.10759193824651331,0.10820602678421179,0.39895547774641127
joint-8c80649d97868318c9fe,M2,291502,wrong_vector,1,-0.0660007618367672,0.1320015236735344,0.5225311044828033,false,0.08824419238387424,0.090280333939543,0.28038337728745055
joint-e8ffd69e58705acdb563,M2,291502,wrong_vector,0,-0.1320015236735344,-0.1320015236735344,0.5548586778061203,false,0.08262161507697359,0.09408675840385401,0.3189741603840384
joint-2474a6ed6bbe4f7e1b97,M2,291502,wrong_vector,1,-0.0660007618367672,-0.0660007618367672,0.24322799356755545,true,0.05969205289715221,0.05452329785971283,0.21286560967566884
joint-1b6c644185589ebc48c8,M2,291502,wrong_vector,1,-0.1320015236735344,0.1320015236735344,0.7401296535904375,false,0.11947684263570141,0.12468920297571638,0.3767020353224133
joint-efe7c8a0a11bb35094e0,M2,291502,wrong_vector,0,-0.1320015236735344,0.0660007618367672,0.37669603385551315,false,0.07643312181987218,0.07469594210075228,0.31601034781667386
joint-9ea456682d298ae62b43,M2,291502,wrong_vector,0,0.1320015236735344,0.1320015236735344,0.37465134788238735,false,0.0828917772893328,0.07842602899411598,0.2848839064926986
joint-7d924a87e8568d82b71b,M2,291502,wrong_vector,1,-0.0660007618367672,-0.1320015236735344,0.21655327800270222,true,0.040729510329500895,0.03921933525334174,0.12839020289463163
joint-f012efad790d4bcb5275,M2,291502,wrong_vector,1,0.0660007618367672,-0.1320015236735344,0.3473124911557379,true,0.07844203004410547,0.09618295336930026,0.21541995987807339
joint-99a2122f162a74088f58,M2,291502,wrong_vector,0,0.1320015236735344,0.0660007618367672,0.10724649886953602,true,0.02100676784490756,0.025733674134493636,0.05680559884906216
joint-ce884c4d333127e8b6dc,M2,291502,wrong_vector,0,0.1320015236735344,-0.1320015236735344,0.5777121000217649,false,0.11346512853554769,0.11717323893428029,0.33089438061675175
joint-50af49320c1511a0d6c6,M2,291502,wrong_vector,1,0.1320015236735344,0.1320015236735344,0.6541348970217915,false,0.12704896509702837,0.11669049178599328,0.3558687266324983
joint-4664e26abb95085a572a,M2,291502,wrong_vector,1,-0.1320015236735344,-0.1320015236735344,0.6464464759784858,false,0.11145535086059902,0.12255802782758236,0.40418516610453625
joint-79aa8ba0c5489ddf2497,M2,291502,wrong_vector,1,0.0660007618367672,0.0660007618367672,0.3764451076466036,true,0.05416212820254988,0.05633320143637668,0.24375840831198875
joint-d987f2e8f59153959f0b,M2,291502,wrong_vector,0,0.0660007618367672,-0.0660007618367672,0.16207119684024243,true,0.03163035772071349,0.03334191894587997,0.12038054331987151
joint-cb8130fb1c35fd8e7b18,M2,291502,wrong_vector,0,0.1320015236735344,0.1320015236735344,0.6223757013340296,false,0.09042786902449422,0.08953443390123703,0.25556701606746207
joint-d18a1d26ca0c2d035ee3,M2,291502,wrong_vector,1,-0.0660007618367672,0.0660007618367672,0.31310344447499633,true,0.06236492406774894,0.07371344344399869,0.20811546341402912
joint-da2f34f1c087e97b1afb,M2,291502,wrong_vector,0,-0.0660007618367672,0.0660007618367672,0.3704325070970765,true,0.062322422136798714,0.06207905226501082,0.1758771794565213
joint-d61e8bcf8b85f15c898a,M2,291502,wrong_vector,1,-0.0660007618367672,-0.0660007618367672,0.30226440499008445,true,0.039803570437174245,0.04065418516023426,0.11972050859098816
joint-4de8fb543630717fe750,M2,291502,wrong_vector,1,0.0660007618367672,0.1320015236735344,0.1980179255714453,true,0.033349414252671676,0.036580863997832024,0.10865743907173246
joint-dc3cf8ce3539277e0726,M2,291502,wrong_vector,0,-0.0660007618367672,-0.1320015236735344,0.2750078272811989,true,0.04715599510129109,0.048062362898466965,0.12885626788104118
joint-afc74f4446a723051311,M2,291502,wrong_vector,0,0.1320015236735344,0.0660007618367672,0.011360437145689187,true,0.022197244646819873,0.03096186367641899,0.017634197350968207
joint-b8e91cf056a2850aa06d,M2,291502,wrong_vector,1,0.1320015236735344,0.1320015236735344,0.738097415677434,false,0.09741059397061369,0.10368309261948154,0.3942912230660074
joint-1f313d8436034e3c8a2f,M2,291502,wrong_vector,0,0.0660007618367672,-0.0660007618367672,0.29668044943338184,true,0.055351915696230575,0.054752093071553834,0.15841202473377375
joint-86283058a19cd7794f47,M2,291502,wrong_vector,1,-0.1320015236735344,0.1320015236735344,0.5882531655115246,false,0.11932724677513569,0.10950466247528856,0.3561532980814596
joint-a5ed81533299a3f553ae,M2,291502,wrong_vector,1,0.0660007618367672,0.1320015236735344,0.24554467315738618,true,0.03723174287264319,0.03757357728413458,0.11718859818500518
joint-1b3125f558c72b1ea5e4,M2,291502,wrong_vector,1,-0.0660007618367672,0.1320015236735344,0.43927298502508977,false,0.07779926234670333,0.07457272518578552,0.2387805909019922
joint-3dcb938aa6f788013529,M2,291502,wrong_vector,0,-0.0660007618367672,-0.0660007618367672,0.11976930053221077,true,0.026759219037559845,0.02664518497784893,0.13625153940881693
joint-f3d0c584cd58125ec9bd,M2,291502,wrong_vector,0,-0.0660007618367672,-0.1320015236735344,0.10131702136851713,true,0.026259402551614235,0.040289080339396044,0.11891954472525063
joint-a4fe2bd135f56d3a3b4d,M2,291502,wrong_vector,0,-0.1320015236735344,-0.0660007618367672,0.034435633304459125,true,0.04610235544030476,0.04713687826307988,0.08746850417731915
joint-baf9ad5b2a0e2663433b,M2,291502,wrong_vector,0,0.1320015236735344,0.1320015236735344,0.5824679930964534,false,0.08680985845243998,0.10685975968171722,0.5119465971214673
joint-63dd4abeb6e1325c7806,M2,291502,wrong_vector,0,-0.1320015236735344,0.1320015236735344,0.66599085148488,false,0.11685891314991473,0.11394280389504612,0.33272301157124956
joint-89a8114aac92bfca40db,M2,291502,wrong_vector,0,0.0660007618367672,0.1320015236735344,0.20710024291091467,true,0.03406016483120075,0.0369663542664893,0.20225286977707943
joint-fdd9add87d3e0887f0db,M2,291502,wrong_vector,0,-0.0660007618367672,-0.0660007618367672,0.22845781219145533,true,0.03622229058276626,0.03407571392916858,0.10095745350318583
joint-8deb233befdaaa44244e,M2,291502,wrong_vector,0,-0.0660007618367672,-0.1320015236735344,0.3164419481179148,true,0.06005553612725651,0.05997764102398101,0.14858219186403127
joint-750a25537e1c577ecb17,M2,291502,wrong_vector,0,0.1320015236735344,0.0660007618367672,0.3479055122918483,true,0.05322992301552927,0.05136910427759273,0.2643376160757597
joint-d20c3c92116f8fce3c1e,M2,291502,wrong_vector,0,-0.1320015236735344,-0.0660007618367672,0.3355440417810446,true,0.06488447488917888,0.06796495990063775,0.276447599666985
joint-83912571774477870e69,M2,291502,wrong_vector,0,0.1320015236735344,-0.0660007618367672,0.487294553807254,false,0.08273519814504,0.08886024657524513,0.2532030881245911
joint-0b091357d2bc89169b82,M2,291502,wrong_vector,0,0.1320015236735344,-0.1320015236735344,0.3819070409591069,false,0.07724829881207129,0.07331252272524856,0.2633426712380587
joint-79a2726c7c85c127d89d,M2,291502,wrong_vector,0,-0.1320015236735344,-0.1320015236735344,0.36286932711459374,true,0.07141112010311794,0.07859434976122705,0.3162621141996643
joint-ff0e8b614b34aecce4b3,M2,291502,wrong_vector,1,0.0660007618367672,0.1320015236735344,0.13478736331980226,true,0.054107617390891656,0.05073141215575699,0.13538995719777605
joint-a6e0056491e5774f3780,M2,291502,wrong_vector,0,0.0660007618367672,-0.1320015236735344,0.29326977089906286,true,0.05540919069726983,0.05449257494222431,0.16615914465050133
joint-009541860623d2bb9f1f,M2,291502,wrong_vector,0,-0.0660007618367672,0.1320015236735344,0.4680321718567235,false,0.08564677082485214,0.08187008985302903,0.24220475183666576
joint-ffe811f4bd9985f39189,M2,291502,wrong_vector,0,-0.0660007618367672,-0.1320015236735344,0.15514276255853549,true,0.03362819089551606,0.029453004775339027,0.08539550534557962
joint-08c462a1ad92c4ade964,M2,291502,wrong_vector,0,0.1320015236735344,-0.0660007618367672,0.4602593396568659,false,0.07905005830634529,0.08127033689531095,0.23010508807753413
joint-2ce56f0ea0683dcda2f5,M2,291502,wrong_vector,0,-0.1320015236735344,-0.0660007618367672,0.28124871991978023,true,0.0441613594492787,0.04640820378142941,0.1865018987325468
joint-e8e45e1d9d7dc3a06a25,M2,291502,wrong_vector,0,0.1320015236735344,-0.1320015236735344,0.6365455681999252,false,0.11437567469895826,0.12057204443764795,0.33570198644807525
joint-cf92d455cc3ba4b96312,M2,291502,wrong_vector,1,-0.1320015236735344,0.1320015236735344,0.8007854460353073,false,0.1168112021564693,0.12292196657814972,0.5183491035595118
joint-2a931d7a53cb9c33974d,M2,291503,sham,0,0.0660007618367672,-0.0660007618367672,0.20412601272010714,true,0.03314087726858552,0.038214093353794845,0.14050541602407635
joint-4352a0ffd3ac22d2f5e6,M2,291503,sham,1,0.0660007618367672,-0.0660007618367672,0.1783351445779712,true,0.031151096614995853,0.03426485282714714,0.10628099023551156
joint-147f59a58d0ef285e900,M2,291503,sham,0,0.0660007618367672,-0.1320015236735344,0.3166622825244253,true,0.05372509359421631,0.05822041322094551,0.2415158856879246
joint-d0326bfd1d59b011ffc1,M2,291503,sham,0,0.1320015236735344,0.0660007618367672,0.355229610653534,true,0.05483346878418788,0.05502754863646714,0.1717494802370074
joint-b0a6408213b275a6eec4,M2,291503,sham,0,-0.1320015236735344,0.0660007618367672,0.3272713131929017,true,0.05044303321494014,0.0521735776999398,0.15489457265092174
joint-f16075ae76c562b01afa,M2,291503,sham,1,0.1320015236735344,0.0660007618367672,0.3634627458485837,true,0.054417592921679935,0.058134980992839945,0.2994188688285808
joint-6c84dffefac07a85efd4,M2,291503,sham,1,0.1320015236735344,-0.1320015236735344,0.3942654828146439,false,0.0661388780373707,0.06957329015522526,0.2106110192741775
joint-530af393a720d348afb0,M2,291503,sham,1,0.0660007618367672,0.0660007618367672,0.1912848620781273,true,0.031061420467016633,0.029297890666205778,0.0913998457759904
joint-66b0d86cfbc4d904308f,M2,291503,sham,0,-0.0660007618367672,0.0660007618367672,0.18449464440651894,true,0.03624624153566774,0.03710319119014761,0.1065215887356773
joint-cb84ae0ab47be6c0b097,M2,291503,sham,0,-0.0660007618367672,0.1320015236735344,0.37145297928623555,true,0.055013641834211514,0.05697928647372188,0.17347149108687793
joint-bd7b1bc3eac5c32be6ce,M2,291503,sham,0,-0.0660007618367672,-0.0660007618367672,0.17664532873150157,true,0.03181523538052797,0.031216137220907925,0.1318631977216599
joint-f42e2b2aa0bcf1904b2c,M2,291503,sham,1,0.1320015236735344,0.0660007618367672,0.33522169840217086,true,0.052773999449478796,0.05718290219385301,0.27496273822516937
joint-0cc5980f554a68da719e,M2,291503,sham,0,0.1320015236735344,0.1320015236735344,0.35427959255767905,true,0.06745055524564747,0.07256083238640694,0.28856361313107
joint-c71196ce6b27a5f15741,M2,291503,sham,1,-0.0660007618367672,-0.0660007618367672,0.15888215539449907,true,0.027488075324430837,0.03130831174161329,0.08701592015493413
joint-08a29e94c959b15daf6c,M2,291503,sham,0,-0.1320015236735344,-0.0660007618367672,0.36007538151067314,true,0.05814578491889918,0.05985123974100338,0.22127359802711524
joint-009344968abd7434a0a8,M2,291503,sham,1,0.1320015236735344,-0.1320015236735344,0.3773927190542941,true,0.06770179641386244,0.07034324202183552,0.21489465667322752
joint-0d9b039cb21daac03d2a,M2,291503,sham,1,0.0660007618367672,0.0660007618367672,0.151449180051814,true,0.02976285694141751,0.032400697216589114,0.10326924987674709
joint-96bbd61ef63ebf358d5e,M2,291503,sham,0,-0.0660007618367672,0.0660007618367672,0.1707387649186645,true,0.03112186583886094,0.032807264148741584,0.09591926356176507
joint-71226efdc82c7b8eb4e1,M2,291503,sham,1,0.1320015236735344,-0.1320015236735344,0.3797664952091219,true,0.0661344602166626,0.06971238046020221,0.2765262296644735
joint-2b6a5ce6c26b3991652e,M2,291503,sham,0,0.0660007618367672,-0.1320015236735344,0.32059416445426897,true,0.051642583204979296,0.05437964577304077,0.16580501294339256
joint-c45a492c6ab0e2e5bfbe,M2,291503,sham,1,0.1320015236735344,-0.0660007618367672,0.3075782510311621,true,0.0526676339747985,0.0500434053202074,0.2300385648782496
joint-b2b2ebaf8b3253aafde3,M2,291503,sham,0,0.1320015236735344,-0.1320015236735344,0.3608588706924559,true,0.06865922001249607,0.07162798914288857,0.27152003919219325
joint-58d5f239e12552c3626e,M2,291503,sham,0,-0.1320015236735344,0.1320015236735344,0.37147692867824755,true,0.07113094716633869,0.0734441352889529,0.3194371421495522
joint-fc2b76f0772372bf8c3c,M2,291503,sham,1,-0.1320015236735344,0.0660007618367672,0.34796597555471204,true,0.05387012156452247,0.053905090181812346,0.15885065121394662
joint-fe2aefddb9b7745686ad,M2,291503,sham,1,-0.0660007618367672,0.0660007618367672,0.15803707625743058,true,0.03441470610722898,0.03280498140091938,0.14123488168841503
joint-8b6ff975d45da97a4933,M2,291503,sham,1,0.1320015236735344,-0.1320015236735344,0.42641871998807973,false,0.06977670336222405,0.0744621437890158,0.2249559729946088
joint-175e17d0ef9573bac40e,M2,291503,sham,0,-0.1320015236735344,0.1320015236735344,0.3303541298025677,true,0.06529051866762602,0.0679894468800591,0.20381755463458137
joint-a3d06b9cb0966439eddd,M2,291503,sham,1,0.0660007618367672,0.1320015236735344,0.3549250749671985,true,0.05048706306546397,0.05935006774754095,0.21444015818635728
joint-04c90cd2b55e51d7395c,M2,291503,sham,0,0.0660007618367672,-0.1320015236735344,0.3309276808540132,true,0.05273956874969216,0.056073874956914356,0.20468836387784886
joint-03d19206c4766692b70a,M2,291503,sham,0,-0.0660007618367672,0.0660007618367672,0.15916712162926394,true,0.029370741101245768,0.0317261429586112,0.0979449644238098
joint-f3533a47857412ee6574,M2,291503,sham,1,-0.0660007618367672,-0.0660007618367672,0.16690681523550369,true,0.026217209039858847,0.029958013310972198,0.08861954885456715
joint-19e423cc276169fd1073,M2,291503,sham,1,0.1320015236735344,0.0660007618367672,0.31386777799775567,true,0.05350590239662556,0.05785365627343483,0.22491591836774164
joint-ff96f3eeddc533681410,M2,291503,sham,0,-0.1320015236735344,0.0660007618367672,0.3193012553497475,true,0.05496044032025111,0.05656427298286954,0.21137875944435328
joint-c4e21270ec4d0d7be262,M2,291503,sham,0,-0.0660007618367672,0.1320015236735344,0.3489505867306526,true,0.056063551206416186,0.0598204113532589,0.17116851566847163
joint-f3c2aa3445150de38445,M2,291503,sham,1,-0.0660007618367672,-0.1320015236735344,0.3581337686530705,true,0.0513418629544995,0.055257071881769114,0.16663382165938023
joint-9b1bd063fe31242ee1d4,M2,291503,sham,0,-0.1320015236735344,0.0660007618367672,0.3565355383763101,true,0.05600804597801789,0.05713249546651696,0.17137677754447334
joint-dc07119105a4b0f17fef,M2,291503,sham,0,-0.1320015236735344,-0.1320015236735344,0.36743780669306125,true,0.07053578723976522,0.07513968919899056,0.22569168920429802
joint-e62d176dd1f3b78034aa,M2,291503,sham,1,0.0660007618367672,0.0660007618367672,0.1699742042933413,true,0.03287154764613945,0.03263716599274958,0.10556182894522424
joint-7fb044ff7f38057c2332,M2,291503,sham,1,-0.0660007618367672,-0.1320015236735344,0.3711097230868139,true,0.054285840431710565,0.057027355479766575,0.16588715641757334
joint-86e6ae730070eee6983b,M2,291503,sham,1,0.0660007618367672,-0.0660007618367672,0.19177595084139912,true,0.031145423597994458,0.03201557868524047,0.14824964291513204
joint-9a206f19112cd83d8451,M2,291503,sham,1,0.1320015236735344,-0.1320015236735344,0.34436316829904307,true,0.061766025409228306,0.06371606194708954,0.19516131443023488
joint-d9be6f5c2e8106f0264a,M2,291503,sham,1,0.0660007618367672,-0.0660007618367672,0.1763587954981012,true,0.030897596980603403,0.03325720561459156,0.10141781145649245
joint-6f8a92fc80c9c4920afe,M2,291503,sham,1,0.0660007618367672,-0.0660007618367672,0.25351208026117,true,0.040082959782856614,0.04189306215614897,0.1642456302281866
joint-2a31fc646bfd539046d7,M2,291503,sham,1,0.0660007618367672,0.1320015236735344,0.3427766459125759,true,0.04868918609960858,0.04907079993119292,0.27921358386173756
joint-e8ed568644109d3c68dd,M2,291503,sham,1,0.0660007618367672,0.0660007618367672,0.2058479219413065,true,0.03514343132810309,0.034460364325488144,0.11216715519339822
joint-310c46903e1f1c1d5a60,M2,291503,sham,0,-0.0660007618367672,0.0660007618367672,0.18371028356626992,true,0.03247356612059254,0.03464289390284237,0.09952580580000912
joint-1285f64b5ffdc41a435d,M2,291503,sham,0,0.0660007618367672,0.0660007618367672,0.19895774390497947,true,0.03570652753998638,0.03831495771334926,0.14716280713567798
joint-70524fe1e7c2518c400a,M2,291503,sham,1,0.0660007618367672,-0.1320015236735344,0.37383236716649987,true,0.0543242314206257,0.05614332120620529,0.17193861682092484
joint-41ae71c0e6c6d51506eb,M2,291503,sham,0,-0.0660007618367672,-0.0660007618367672,0.1965134858798639,true,0.0369176483036517,0.03644160307785002,0.14955290274394417
joint-f2a415df92c5dbd9c22b,M2,291503,sham,1,0.1320015236735344,0.0660007618367672,0.3229607075333852,true,0.053085541041896195,0.052772434786731263,0.1673535571592701
joint-05f0f9643ecc833a54a1,M2,291503,sham,1,0.1320015236735344,-0.1320015236735344,0.3685527048561384,true,0.06596075977953286,0.07101102471915656,0.21405660668926074
joint-6731d5008cdff8444b8a,M2,291503,sham,0,0.0660007618367672,0.1320015236735344,0.31382640840584836,true,0.04984091090612489,0.04918767823980598,0.15070105983942828
joint-cd5d57fb2d2fc404ed88,M2,291503,sham,1,0.0660007618367672,-0.1320015236735344,0.363197871648753,true,0.051959418827154345,0.056777900933164684,0.17499509704126487
joint-c73f7954cc710bf9d63c,M2,291503,sham,0,-0.1320015236735344,0.1320015236735344,0.4102562784178869,true,0.07398433275974625,0.07655803227528486,0.32364193286733817
joint-8c80649d97868318c9fe,M2,291503,sham,1,-0.0660007618367672,0.1320015236735344,0.3580603468849524,true,0.05281366773155916,0.0523121411465123,0.15756585140995083
joint-e8ffd69e58705acdb563,M2,291503,sham,0,-0.1320015236735344,-0.1320015236735344,0.3595080109382551,true,0.068172804231614,0.07398319210374449,0.23713748616364452
joint-2474a6ed6bbe4f7e1b97,M2,291503,sham,1,-0.0660007618367672,-0.0660007618367672,0.22018667746536932,true,0.041596891653414306,0.043452363921133316,0.19628793294529595
joint-1b6c644185589ebc48c8,M2,291503,sham,1,-0.1320015236735344,0.1320015236735344,0.3896354553090888,false,0.06562393733710702,0.06628243972728864,0.19974415662062625
joint-efe7c8a0a11bb35094e0,M2,291503,sham,0,-0.1320015236735344,0.0660007618367672,0.35503849114430086,true,0.0555089294543566,0.06016611807546749,0.2960863347576604
joint-9ea456682d298ae62b43,M2,291503,sham,0,0.1320015236735344,0.1320015236735344,0.37360473712124415,true,0.07265663076106191,0.0718788655134813,0.28833109802194706
joint-7d924a87e8568d82b71b,M2,291503,sham,1,-0.0660007618367672,-0.1320015236735344,0.3886887601117775,true,0.05284141329638221,0.053888148089493944,0.16189388852801948
joint-f012efad790d4bcb5275,M2,291503,sham,1,0.0660007618367672,-0.1320015236735344,0.34977988735295334,true,0.049372608480529385,0.04575964524107814,0.16874755805101058
joint-99a2122f162a74088f58,M2,291503,sham,0,0.1320015236735344,0.0660007618367672,0.35861509800818864,true,0.05783139992017225,0.05672616218739724,0.1777280336848745
joint-ce884c4d333127e8b6dc,M2,291503,sham,0,0.1320015236735344,-0.1320015236735344,0.3720860771223317,false,0.07209061671378166,0.0725841486440288,0.22556031919339453
joint-50af49320c1511a0d6c6,M2,291503,sham,1,0.1320015236735344,0.1320015236735344,0.4167331269017396,true,0.07072897316162244,0.07700598470015002,0.32987941841220153
joint-4664e26abb95085a572a,M2,291503,sham,1,-0.1320015236735344,-0.1320015236735344,0.35476273914636797,true,0.06758514025845076,0.06901886428082454,0.29118707495701085
joint-79aa8ba0c5489ddf2497,M2,291503,sham,1,0.0660007618367672,0.0660007618367672,0.2029335191938385,true,0.03568845714286602,0.03629901109111424,0.15890185778908514
joint-d987f2e8f59153959f0b,M2,291503,sham,0,0.0660007618367672,-0.0660007618367672,0.1936847614630653,true,0.03890335147863596,0.034805696943056845,0.1299966530668129
joint-cb8130fb1c35fd8e7b18,M2,291503,sham,0,0.1320015236735344,0.1320015236735344,0.35567581559655637,true,0.06613222450060051,0.06729874705630214,0.20936377675979168
joint-d18a1d26ca0c2d035ee3,M2,291503,sham,1,-0.0660007618367672,0.0660007618367672,0.22137590905288537,true,0.03818882176954896,0.046159108157666225,0.1946659823291768
joint-da2f34f1c087e97b1afb,M2,291503,sham,0,-0.0660007618367672,0.0660007618367672,0.2103375691429957,true,0.03802336821136614,0.03925517017617826,0.11543649865207196
joint-d61e8bcf8b85f15c898a,M2,291503,sham,1,-0.0660007618367672,-0.0660007618367672,0.17306389474472814,true,0.03283399976539436,0.034023218362965124,0.09967128537648949
joint-4de8fb543630717fe750,M2,291503,sham,1,0.0660007618367672,0.1320015236735344,0.35994557467801447,true,0.05025280675075048,0.05039920256996684,0.15741558230396974
joint-dc3cf8ce3539277e0726,M2,291503,sham,0,-0.0660007618367672,-0.1320015236735344,0.34138128634798903,true,0.05728749963948608,0.05691769227387585,0.27836939060858523
joint-afc74f4446a723051311,M2,291503,sham,0,0.1320015236735344,0.0660007618367672,0.3477959252472871,true,0.05448473581966571,0.057042184537182315,0.201403128884009
joint-b8e91cf056a2850aa06d,M2,291503,sham,1,0.1320015236735344,0.1320015236735344,0.3983139666049406,true,0.06534668911960857,0.06799468103246845,0.30459131862820343
joint-1f313d8436034e3c8a2f,M2,291503,sham,0,0.0660007618367672,-0.0660007618367672,0.193273000088462,true,0.03812904702312848,0.035434519217783206,0.11069784936646201
joint-86283058a19cd7794f47,M2,291503,sham,1,-0.1320015236735344,0.1320015236735344,0.3327088473373511,true,0.060798949692910734,0.06383301849323503,0.28432532446095626
joint-a5ed81533299a3f553ae,M2,291503,sham,1,0.0660007618367672,0.1320015236735344,0.40925331030341594,false,0.05808863508100352,0.059200188585379225,0.18265983232679328
joint-1b3125f558c72b1ea5e4,M2,291503,sham,1,-0.0660007618367672,0.1320015236735344,0.3040753780965019,true,0.04739982712807162,0.0487105876322861,0.15010310816485556
joint-3dcb938aa6f788013529,M2,291503,sham,0,-0.0660007618367672,-0.0660007618367672,0.14903471164237803,true,0.02828678181813653,0.040090112056039795,0.15709584605284074
joint-f3d0c584cd58125ec9bd,M2,291503,sham,0,-0.0660007618367672,-0.1320015236735344,0.31132008552433826,true,0.04830415344612163,0.052824712454361586,0.1953730533316074
joint-a4fe2bd135f56d3a3b4d,M2,291503,sham,0,-0.1320015236735344,-0.0660007618367672,0.36180557453143275,true,0.05854695018577032,0.06183611230464232,0.2020933378056412
joint-baf9ad5b2a0e2663433b,M2,291503,sham,0,0.1320015236735344,0.1320015236735344,0.39713714360788305,true,0.07163835077535541,0.07035309242401856,0.3152538524107353
joint-63dd4abeb6e1325c7806,M2,291503,sham,0,-0.1320015236735344,0.1320015236735344,0.3458506990763243,true,0.06732544483061628,0.0714116601853752,0.21786824311623987
joint-89a8114aac92bfca40db,M2,291503,sham,0,0.0660007618367672,0.1320015236735344,0.370843524281892,true,0.05897189401693195,0.06421442175453235,0.2098136994900117
joint-fdd9add87d3e0887f0db,M2,291503,sham,0,-0.0660007618367672,-0.0660007618367672,0.1996307944008458,true,0.0338075264506187,0.0344728565934986,0.10093185764809541
joint-8deb233befdaaa44244e,M2,291503,sham,0,-0.0660007618367672,-0.1320015236735344,0.3839209947527766,true,0.05890348256635691,0.06164101167917156,0.2843967836427588
joint-750a25537e1c577ecb17,M2,291503,sham,0,0.1320015236735344,0.0660007618367672,0.3625738697701203,true,0.056618316923846466,0.05392854289349159,0.27171522264193654
joint-d20c3c92116f8fce3c1e,M2,291503,sham,0,-0.1320015236735344,-0.0660007618367672,0.34622679590446565,true,0.05823237701196,0.054708820626729396,0.27413047896906567
joint-83912571774477870e69,M2,291503,sham,0,0.1320015236735344,-0.0660007618367672,0.3072130668364394,true,0.05097365696082168,0.05244923721828315,0.1675313809993101
joint-0b091357d2bc89169b82,M2,291503,sham,0,0.1320015236735344,-0.1320015236735344,0.3248487242460218,true,0.0654178193958019,0.06790005055059936,0.29608223762324815
joint-79a2726c7c85c127d89d,M2,291503,sham,0,-0.1320015236735344,-0.1320015236735344,0.384079745008399,true,0.0709946506791616,0.07534053702268412,0.3484701843598082
joint-ff0e8b614b34aecce4b3,M2,291503,sham,1,0.0660007618367672,0.1320015236735344,0.29660582721901835,true,0.041234789172442006,0.04457554023093822,0.16572944959276828
joint-a6e0056491e5774f3780,M2,291503,sham,0,0.0660007618367672,-0.1320015236735344,0.3644255053866626,true,0.05677167553382303,0.061729318197193246,0.21608843799987912
joint-009541860623d2bb9f1f,M2,291503,sham,0,-0.0660007618367672,0.1320015236735344,0.31494697384765447,true,0.04944343792381925,0.05259677794727116,0.16248840467727863
joint-ffe811f4bd9985f39189,M2,291503,sham,0,-0.0660007618367672,-0.1320015236735344,0.33314991832837143,true,0.05318369421219769,0.056825730928208834,0.17086325394352733
joint-08c462a1ad92c4ade964,M2,291503,sham,0,0.1320015236735344,-0.0660007618367672,0.2883883696102514,true,0.04733900745302109,0.04843847511948107,0.15300186735981594
joint-2ce56f0ea0683dcda2f5,M2,291503,sham,0,-0.1320015236735344,-0.0660007618367672,0.3339315890513134,true,0.05327827993920217,0.05989795826194666,0.26307757065585474
joint-e8e45e1d9d7dc3a06a25,M2,291503,sham,0,0.1320015236735344,-0.1320015236735344,0.36397198753475274,true,0.07007766368369152,0.070758874186084,0.21409516768432355
joint-cf92d455cc3ba4b96312,M2,291503,sham,1,-0.1320015236735344,0.1320015236735344,0.3995470191916902,true,0.06536809103734877,0.06814642484694579,0.29869445929181665
joint-2a931d7a53cb9c33974d,M2,291503,random,0,0.0660007618367672,-0.0660007618367672,0.1986654500191308,true,0.032363599307483025,0.039672372824765705,0.14615640938356353
joint-4352a0ffd3ac22d2f5e6,M2,291503,random,1,0.0660007618367672,-0.0660007618367672,0.1677393589487471,true,0.03601264457196048,0.033434728962197735,0.10026813703370373
joint-147f59a58d0ef285e900,M2,291503,random,0,0.0660007618367672,-0.1320015236735344,0.29903613824211805,true,0.05348557257288039,0.05621600508658712,0.2230762329393295
joint-d0326bfd1d59b011ffc1,M2,291503,random,0,0.1320015236735344,0.0660007618367672,0.34984224186970625,true,0.06563132417324972,0.06221151065191286,0.15330881629166618
joint-b0a6408213b275a6eec4,M2,291503,random,0,-0.1320015236735344,0.0660007618367672,0.31612182276944534,true,0.049517352014455104,0.05220390858521777,0.15444073700328342
joint-f16075ae76c562b01afa,M2,291503,random,1,0.1320015236735344,0.0660007618367672,0.3854654732545903,true,0.059235404906106126,0.06194090990116351,0.29468669661933644
joint-6c84dffefac07a85efd4,M2,291503,random,1,0.1320015236735344,-0.1320015236735344,0.4204097542158444,false,0.06581211998412913,0.07103648915428779,0.20680001146997237
joint-530af393a720d348afb0,M2,291503,random,1,0.0660007618367672,0.0660007618367672,0.17596803177135603,true,0.031947346230275106,0.03404179276395449,0.10437852884063054
joint-66b0d86cfbc4d904308f,M2,291503,random,0,-0.0660007618367672,0.0660007618367672,0.1841448886631822,true,0.0353848624310701,0.037096357639136726,0.10812983804029637
joint-cb84ae0ab47be6c0b097,M2,291503,random,0,-0.0660007618367672,0.1320015236735344,0.3905438759869785,false,0.05903144858039228,0.058090489394073616,0.1752392567951793
joint-bd7b1bc3eac5c32be6ce,M2,291503,random,0,-0.0660007618367672,-0.0660007618367672,0.20239309577382328,true,0.03528485986731142,0.03489404813444165,0.1331743226676974
joint-f42e2b2aa0bcf1904b2c,M2,291503,random,1,0.1320015236735344,0.0660007618367672,0.33196431314984104,true,0.053124157458922995,0.05981565077685223,0.27224001875415765
joint-0cc5980f554a68da719e,M2,291503,random,0,0.1320015236735344,0.1320015236735344,0.3033826716461548,true,0.07009646753792344,0.07168005919908971,0.2767106977106721
joint-c71196ce6b27a5f15741,M2,291503,random,1,-0.0660007618367672,-0.0660007618367672,0.16356955544909682,true,0.0340819452849589,0.039621509696859715,0.10953839277996316
joint-08a29e94c959b15daf6c,M2,291503,random,0,-0.1320015236735344,-0.0660007618367672,0.39605284159431875,true,0.07150526423383699,0.06521345158035038,0.2357951720354012
joint-009344968abd7434a0a8,M2,291503,random,1,0.1320015236735344,-0.1320015236735344,0.3804667298144181,true,0.0684938814277901,0.07768526278186572,0.21268245942692685
joint-0d9b039cb21daac03d2a,M2,291503,random,1,0.0660007618367672,0.0660007618367672,0.17821064573456477,true,0.03198279642759818,0.03244454988204753,0.10077904932897716
joint-96bbd61ef63ebf358d5e,M2,291503,random,0,-0.0660007618367672,0.0660007618367672,0.16234032809408205,true,0.030117080693534675,0.03289074169183659,0.09397602490109433
joint-71226efdc82c7b8eb4e1,M2,291503,random,1,0.1320015236735344,-0.1320015236735344,0.44816972097490565,true,0.07175374850829136,0.06945853780487041,0.20852392169208808
joint-2b6a5ce6c26b3991652e,M2,291503,random,0,0.0660007618367672,-0.1320015236735344,0.33978378587097247,true,0.0546709427383638,0.054689215275277876,0.1647723564893722
joint-c45a492c6ab0e2e5bfbe,M2,291503,random,1,0.1320015236735344,-0.0660007618367672,0.31846807139712907,true,0.05971065718715864,0.059242543838350176,0.21834580682167687
joint-b2b2ebaf8b3253aafde3,M2,291503,random,0,0.1320015236735344,-0.1320015236735344,0.35545965133043556,true,0.06925945183942063,0.07079905482015318,0.2716373514191589
joint-58d5f239e12552c3626e,M2,291503,random,0,-0.1320015236735344,0.1320015236735344,0.3627516709744713,true,0.07211500247348065,0.07477395523054602,0.33777289734640525
joint-fc2b76f0772372bf8c3c,M2,291503,random,1,-0.1320015236735344,0.0660007618367672,0.35348970424172904,true,0.05675855284100889,0.05342937856191789,0.1432325426724944
joint-fe2aefddb9b7745686ad,M2,291503,random,1,-0.0660007618367672,0.0660007618367672,0.16034241774381824,true,0.034758664713854935,0.03256946066748533,0.1449329515727167
joint-8b6ff975d45da97a4933,M2,291503,random,1,0.1320015236735344,-0.1320015236735344,0.430825608620364,false,0.07029577009995638,0.07276646606507764,0.22364538089231567
joint-175e17d0ef9573bac40e,M2,291503,random,0,-0.1320015236735344,0.1320015236735344,0.3338291916877278,true,0.06590888896682723,0.06830049061724483,0.20547901429850376
joint-a3d06b9cb0966439eddd,M2,291503,random,1,0.0660007618367672,0.1320015236735344,0.2943541152742609,true,0.04858743439426945,0.055010593957965426,0.2077867431368111
joint-04c90cd2b55e51d7395c,M2,291503,random,0,0.0660007618367672,-0.1320015236735344,0.3314516783452726,true,0.053178326544926165,0.056680452488001416,0.20053646417669296
joint-03d19206c4766692b70a,M2,291503,random,0,-0.0660007618367672,0.0660007618367672,0.16723216479376085,true,0.029280398922415112,0.03092057094896319,0.09816271726123059
joint-f3533a47857412ee6574,M2,291503,random,1,-0.0660007618367672,-0.0660007618367672,0.18451581650446106,true,0.03188487532610961,0.03506703731667191,0.11146149228698782
joint-19e423cc276169fd1073,M2,291503,random,1,0.1320015236735344,0.0660007618367672,0.2970017709411973,true,0.055674965535504745,0.06121432067226617,0.24567805826625816
joint-ff96f3eeddc533681410,M2,291503,random,0,-0.1320015236735344,0.0660007618367672,0.30781751888134773,true,0.05413718193057537,0.05790181396357564,0.21400398605627313
joint-c4e21270ec4d0d7be262,M2,291503,random,0,-0.0660007618367672,0.1320015236735344,0.3408932889745635,true,0.057717854528235996,0.06130457382357035,0.17430656051269666
joint-f3c2aa3445150de38445,M2,291503,random,1,-0.0660007618367672,-0.1320015236735344,0.31240373044377934,true,0.04571775930197768,0.057505130020380206,0.164729690646587
joint-9b1bd063fe31242ee1d4,M2,291503,random,0,-0.1320015236735344,0.0660007618367672,0.3573894797631143,true,0.05725578464909334,0.06138565884637634,0.1793309909898248
joint-dc07119105a4b0f17fef,M2,291503,random,0,-0.1320015236735344,-0.1320015236735344,0.3642094851318605,true,0.0810045777726143,0.08023968459217307,0.23196918744338246
joint-e62d176dd1f3b78034aa,M2,291503,random,1,0.0660007618367672,0.0660007618367672,0.15722877047331063,true,0.031615423462671814,0.03397787564822675,0.11573578020616093
joint-7fb044ff7f38057c2332,M2,291503,random,1,-0.0660007618367672,-0.1320015236735344,0.40257534437063125,false,0.06863779211430557,0.0642985437869985,0.17169832314423944
joint-86e6ae730070eee6983b,M2,291503,random,1,0.0660007618367672,-0.0660007618367672,0.17290007008203137,true,0.03204666813578332,0.03060545252301669,0.14544526296495985
joint-9a206f19112cd83d8451,M2,291503,random,1,0.1320015236735344,-0.1320015236735344,0.31254037072806484,true,0.05669386100288357,0.06530779492824694,0.19550550913912107
joint-d9be6f5c2e8106f0264a,M2,291503,random,1,0.0660007618367672,-0.0660007618367672,0.21329398451634043,true,0.03500428609415234,0.03712279656185768,0.09945785241964153
joint-6f8a92fc80c9c4920afe,M2,291503,random,1,0.0660007618367672,-0.0660007618367672,0.2769300843870939,true,0.048577951608673904,0.047754045127751284,0.1715073238091717
joint-2a31fc646bfd539046d7,M2,291503,random,1,0.0660007618367672,0.1320015236735344,0.3550599661225782,true,0.057272097735994634,0.050744991933712486,0.27816150149969393
joint-e8ed568644109d3c68dd,M2,291503,random,1,0.0660007618367672,0.0660007618367672,0.19369387068662947,true,0.0298987530859853,0.037482252513604805,0.12262026679258857
joint-310c46903e1f1c1d5a60,M2,291503,random,0,-0.0660007618367672,0.0660007618367672,0.1807521745673407,true,0.031550500262143434,0.03511415435703148,0.09916730507437534
joint-1285f64b5ffdc41a435d,M2,291503,random,0,0.0660007618367672,0.0660007618367672,0.17926620833848456,true,0.04155729976282579,0.04509678022663094,0.1441953723382528
joint-70524fe1e7c2518c400a,M2,291503,random,1,0.0660007618367672,-0.1320015236735344,0.3923212010980473,false,0.054094934070586256,0.06079187190526097,0.1727011052084272
joint-41ae71c0e6c6d51506eb,M2,291503,random,0,-0.0660007618367672,-0.0660007618367672,0.2029133716639985,true,0.04832200536241011,0.04727749126801746,0.16451242154049014
joint-f2a415df92c5dbd9c22b,M2,291503,random,1,0.1320015236735344,0.0660007618367672,0.2910313482836916,true,0.05189541011558615,0.05163612283204069,0.16149767952244684
joint-05f0f9643ecc833a54a1,M2,291503,random,1,0.1320015236735344,-0.1320015236735344,0.3396912866375273,false,0.06636775793027748,0.06881674615038565,0.21708705395163977
joint-6731d5008cdff8444b8a,M2,291503,random,0,0.0660007618367672,0.1320015236735344,0.30771133031211684,true,0.05931343201533887,0.046549180273035944,0.1509691824023281
joint-cd5d57fb2d2fc404ed88,M2,291503,random,1,0.0660007618367672,-0.1320015236735344,0.3670680275825088,true,0.05682803116796525,0.05245034021357155,0.17148126413798506
joint-c73f7954cc710bf9d63c,M2,291503,random,0,-0.1320015236735344,0.1320015236735344,0.39436962029381023,true,0.07337989463715569,0.07863672518797632,0.32831478269756054
joint-8c80649d97868318c9fe,M2,291503,random,1,-0.0660007618367672,0.1320015236735344,0.2539803887027398,true,0.04635909056729747,0.05541584804612168,0.15968129005200013
joint-e8ffd69e58705acdb563,M2,291503,random,0,-0.1320015236735344,-0.1320015236735344,0.4107832378661638,true,0.08246636314378072,0.08432762097724998,0.2402235881764995
joint-2474a6ed6bbe4f7e1b97,M2,291503,random,1,-0.0660007618367672,-0.0660007618367672,0.2260751578847821,true,0.04958671765282954,0.04720571018172813,0.21612957568358984
joint-1b6c644185589ebc48c8,M2,291503,random,1,-0.1320015236735344,0.1320015236735344,0.3532876404357941,true,0.060289765464545925,0.0628964086285855,0.19804725554370692
joint-efe7c8a0a11bb35094e0,M2,291503,random,0,-0.1320015236735344,0.0660007618367672,0.3618787313883701,true,0.0547279633866004,0.062188722654134033,0.28926984691469426
joint-9ea456682d298ae62b43,M2,291503,random,0,0.1320015236735344,0.1320015236735344,0.3444755858108478,false,0.07206909315779333,0.07775658987336782,0.2700755571437781
joint-7d924a87e8568d82b71b,M2,291503,random,1,-0.0660007618367672,-0.1320015236735344,0.3261753511230018,true,0.04485554343781815,0.051313126496822445,0.16493376317970548
joint-f012efad790d4bcb5275,M2,291503,random,1,0.0660007618367672,-0.1320015236735344,0.35124782296419865,true,0.052281994432490785,0.04979204708660298,0.156903857866544
joint-99a2122f162a74088f58,M2,291503,random,0,0.1320015236735344,0.0660007618367672,0.3723274132177605,true,0.060374784341262706,0.053158737643741155,0.16167143124381583
joint-ce884c4d333127e8b6dc,M2,291503,random,0,0.1320015236735344,-0.1320015236735344,0.3509306261526533,true,0.06970611351582769,0.0714346317606781,0.21537553150098313
joint-50af49320c1511a0d6c6,M2,291503,random,1,0.1320015236735344,0.1320015236735344,0.3606439768625522,true,0.07705916702567073,0.08110777890499592,0.30601417102215567
joint-4664e26abb95085a572a,M2,291503,random,1,-0.1320015236735344,-0.1320015236735344,0.3996425774703124,true,0.07736157691980962,0.08758094018115857,0.3145043193333687
joint-79aa8ba0c5489ddf2497,M2,291503,random,1,0.0660007618367672,0.0660007618367672,0.23374638222837482,true,0.047603937330188716,0.039191920243124796,0.151426019569003
joint-d987f2e8f59153959f0b,M2,291503,random,0,0.0660007618367672,-0.0660007618367672,0.19687935166975415,true,0.03803613356102,0.03512906209420947,0.13234197936430261
joint-cb8130fb1c35fd8e7b18,M2,291503,random,0,0.1320015236735344,0.1320015236735344,0.366417486563534,false,0.0843057804433604,0.06842666597896807,0.20272959263268053
joint-d18a1d26ca0c2d035ee3,M2,291503,random,1,-0.0660007618367672,0.0660007618367672,0.21089708283958583,true,0.03790749405121687,0.0443602434804694,0.17646834855796473
joint-da2f34f1c087e97b1afb,M2,291503,random,0,-0.0660007618367672,0.0660007618367672,0.23113092548162048,true,0.04116123050100973,0.04177049192559516,0.11858036028459797
joint-d61e8bcf8b85f15c898a,M2,291503,random,1,-0.0660007618367672,-0.0660007618367672,0.14793131742035692,true,0.03733227495198066,0.03326674166731174,0.09372140536692007
joint-4de8fb543630717fe750,M2,291503,random,1,0.0660007618367672,0.1320015236735344,0.3778738544411733,true,0.056554582203190484,0.047110721187145765,0.14899967985323345
joint-dc3cf8ce3539277e0726,M2,291503,random,0,-0.0660007618367672,-0.1320015236735344,0.3090664477360087,true,0.05322379760814553,0.05487362452818862,0.267824203452392
joint-afc74f4446a723051311,M2,291503,random,0,0.1320015236735344,0.0660007618367672,0.34574108477628857,true,0.06204825279205721,0.06385612359619093,0.2285938817371931
joint-b8e91cf056a2850aa06d,M2,291503,random,1,0.1320015236735344,0.1320015236735344,0.4250507346000241,true,0.07849887247612476,0.07514552225338195,0.3031167664136659
joint-1f313d8436034e3c8a2f,M2,291503,random,0,0.0660007618367672,-0.0660007618367672,0.22523449013099536,true,0.04528668393077511,0.03469567535325773,0.11459109817484898
joint-86283058a19cd7794f47,M2,291503,random,1,-0.1320015236735344,0.1320015236735344,0.38544383446999925,true,0.06971792099900122,0.06264081596086525,0.2670192037682787
joint-a5ed81533299a3f553ae,M2,291503,random,1,0.0660007618367672,0.1320015236735344,0.39319693163689395,false,0.06144561906927954,0.07516495503334766,0.21072026942409006
joint-1b3125f558c72b1ea5e4,M2,291503,random,1,-0.0660007618367672,0.1320015236735344,0.3359360942834027,true,0.05114524508351995,0.05305443650429821,0.15216213077928686
joint-3dcb938aa6f788013529,M2,291503,random,0,-0.0660007618367672,-0.0660007618367672,0.1860276627513957,true,0.03346245074055838,0.041889377521222494,0.1507519537095528
joint-f3d0c584cd58125ec9bd,M2,291503,random,0,-0.0660007618367672,-0.1320015236735344,0.37673439044850165,true,0.06789340259520407,0.06359814958454675,0.18602491155519918
joint-a4fe2bd135f56d3a3b4d,M2,291503,random,0,-0.1320015236735344,-0.0660007618367672,0.38935502374194675,true,0.07114220470314464,0.08119423454338538,0.1768527372673462
joint-baf9ad5b2a0e2663433b,M2,291503,random,0,0.1320015236735344,0.1320015236735344,0.36104962950057695,true,0.08566958063096981,0.09163054501583393,0.31481672802140426
joint-63dd4abeb6e1325c7806,M2,291503,random,0,-0.1320015236735344,0.1320015236735344,0.34881536770305466,true,0.06694692020998205,0.07188982447198344,0.2177878940863666
joint-89a8114aac92bfca40db,M2,291503,random,0,0.0660007618367672,0.1320015236735344,0.4261560136703003,true,0.0712740122017679,0.06911199883895595,0.2737493245286826
joint-fdd9add87d3e0887f0db,M2,291503,random,0,-0.0660007618367672,-0.0660007618367672,0.1993883094388694,true,0.03567736665953179,0.03188364213677162,0.09606541297832524
joint-8deb233befdaaa44244e,M2,291503,random,0,-0.0660007618367672,-0.1320015236735344,0.39386603680812293,true,0.07622241269475473,0.06472864747942958,0.24680036196184474
joint-750a25537e1c577ecb17,M2,291503,random,0,0.1320015236735344,0.0660007618367672,0.37210586727512024,true,0.06050853957706885,0.05323030376930873,0.2862153707531361
joint-d20c3c92116f8fce3c1e,M2,291503,random,0,-0.1320015236735344,-0.0660007618367672,0.3335835936680094,true,0.0632066470860979,0.07557759101010576,0.2964303338361842
joint-83912571774477870e69,M2,291503,random,0,0.1320015236735344,-0.0660007618367672,0.29329703164582155,true,0.04935162439659224,0.047297513561521405,0.16089209351270142
joint-0b091357d2bc89169b82,M2,291503,random,0,0.1320015236735344,-0.1320015236735344,0.322243169036376,true,0.06351717694150438,0.06645950735632694,0.294746754460348
joint-79a2726c7c85c127d89d,M2,291503,random,0,-0.1320015236735344,-0.1320015236735344,0.4216605227151075,true,0.07116329394204189,0.07788632731317759,0.28335887630415324
joint-ff0e8b614b34aecce4b3,M2,291503,random,1,0.0660007618367672,0.1320015236735344,0.3397270604882439,true,0.051362155615671076,0.05391494433501638,0.19607047638481512
joint-a6e0056491e5774f3780,M2,291503,random,0,0.0660007618367672,-0.1320015236735344,0.35914945432641826,true,0.057969166450763346,0.06151706779028093,0.218712289467951
joint-009541860623d2bb9f1f,M2,291503,random,0,-0.0660007618367672,0.1320015236735344,0.3305476838340894,true,0.05241050357727968,0.05309810069399844,0.16170858813006223
joint-ffe811f4bd9985f39189,M2,291503,random,0,-0.0660007618367672,-0.1320015236735344,0.30088379582093616,true,0.06437643199252177,0.05670723309432857,0.1560741061777106
joint-08c462a1ad92c4ade964,M2,291503,random,0,0.1320015236735344,-0.0660007618367672,0.303985381861136,true,0.05346788991507143,0.04980145881596564,0.15146658707393243
joint-2ce56f0ea0683dcda2f5,M2,291503,random,0,-0.1320015236735344,-0.0660007618367672,0.3866664536591805,true,0.06089877604017886,0.08478438028786818,0.2787113526703878
joint-e8e45e1d9d7dc3a06a25,M2,291503,random,0,0.1320015236735344,-0.1320015236735344,0.3677528489862889,true,0.07472432347609245,0.07359547789162783,0.22492497121129737
joint-cf92d455cc3ba4b96312,M2,291503,random,1,-0.1320015236735344,0.1320015236735344,0.3692719716497669,true,0.07544250694120405,0.0753436404429272,0.30792101192725024
joint-2a931d7a53cb9c33974d,M2,291503,wrong_object,0,0.0660007618367672,-0.0660007618367672,0.22703589408867939,true,0.04166069314303476,0.04394924795138126,0.1660077318975827
joint-4352a0ffd3ac22d2f5e6,M2,291503,wrong_object,1,0.0660007618367672,-0.0660007618367672,0.2154568032313486,true,0.038233528378775125,0.037646208787898074,0.11841900795837956
joint-147f59a58d0ef285e900,M2,291503,wrong_object,0,0.0660007618367672,-0.1320015236735344,0.365209562863246,true,0.06988450702021841,0.06723466312702425,0.2818065829148997
joint-d0326bfd1d59b011ffc1,M2,291503,wrong_object,0,0.1320015236735344,0.0660007618367672,0.33756219264294074,true,0.06377845177388405,0.08097024774028748,0.23507574796844083
joint-b0a6408213b275a6eec4,M2,291503,wrong_object,0,-0.1320015236735344,0.0660007618367672,0.3356814981044391,true,0.06500519974228713,0.06222965670184749,0.19137823751237384
joint-f16075ae76c562b01afa,M2,291503,wrong_object,1,0.1320015236735344,0.0660007618367672,0.3535993324322885,false,0.07260794549181787,0.07355849935347586,0.37259257442343063
joint-6c84dffefac07a85efd4,M2,291503,wrong_object,1,0.1320015236735344,-0.1320015236735344,0.4326738548308459,false,0.0721143339299886,0.07184531117269638,0.22047737782783194
joint-530af393a720d348afb0,M2,291503,wrong_object,1,0.0660007618367672,0.0660007618367672,0.16579123692419717,true,0.0536006909226739,0.05906847655874823,0.1704882667766945
joint-66b0d86cfbc4d904308f,M2,291503,wrong_object,0,-0.0660007618367672,0.0660007618367672,0.18824660165976811,true,0.0440342026426311,0.042619676039241,0.12865690560405246
joint-cb84ae0ab47be6c0b097,M2,291503,wrong_object,0,-0.0660007618367672,0.1320015236735344,0.3682176445148616,false,0.07071722899672812,0.07855010557103799,0.23955075731310452
joint-bd7b1bc3eac5c32be6ce,M2,291503,wrong_object,0,-0.0660007618367672,-0.0660007618367672,0.15501424701109642,true,0.040541676114989295,0.03870189601877255,0.1680448974180241
joint-f42e2b2aa0bcf1904b2c,M2,291503,wrong_object,1,0.1320015236735344,0.0660007618367672,0.353649423739169,false,0.07288212311063341,0.06630122071797714,0.3442276632043297
joint-0cc5980f554a68da719e,M2,291503,wrong_object,0,0.1320015236735344,0.1320015236735344,0.34411775148226215,false,0.08216819314644813,0.09161325059837774,0.3005588255678903
joint-c71196ce6b27a5f15741,M2,291503,wrong_object,1,-0.0660007618367672,-0.0660007618367672,0.18285718419655517,true,0.043743308172325746,0.04302177595877453,0.11950767552639407
joint-08a29e94c959b15daf6c,M2,291503,wrong_object,0,-0.1320015236735344,-0.0660007618367672,0.34742221007740015,true,0.06833543095294968,0.06996774682387458,0.2536886303432486
joint-009344968abd7434a0a8,M2,291503,wrong_object,1,0.1320015236735344,-0.1320015236735344,0.41703272769575056,false,0.07460062910416254,0.07407489275056896,0.22813235166759654
joint-0d9b039cb21daac03d2a,M2,291503,wrong_object,1,0.0660007618367672,0.0660007618367672,0.1880343431035337,true,0.04906192333581987,0.055137980403503414,0.15727255746170998
joint-96bbd61ef63ebf358d5e,M2,291503,wrong_object,0,-0.0660007618367672,0.0660007618367672,0.17094913720762353,true,0.04199885007251771,0.04032257267049499,0.12131332340686199
joint-71226efdc82c7b8eb4e1,M2,291503,wrong_object,1,0.1320015236735344,-0.1320015236735344,0.42123351063863246,true,0.06952527971995395,0.0747731430105385,0.27848739186497623
joint-2b6a5ce6c26b3991652e,M2,291503,wrong_object,0,0.0660007618367672,-0.1320015236735344,0.307422892198004,true,0.0556722550358833,0.05922146621148723,0.18272317415975275
joint-c45a492c6ab0e2e5bfbe,M2,291503,wrong_object,1,0.1320015236735344,-0.0660007618367672,0.29657975075104653,true,0.05456907181685287,0.05413157693419402,0.2659808776689897
joint-b2b2ebaf8b3253aafde3,M2,291503,wrong_object,0,0.1320015236735344,-0.1320015236735344,0.41130396928114216,true,0.07781883453553737,0.07905643361548209,0.2790353427427875
joint-58d5f239e12552c3626e,M2,291503,wrong_object,0,-0.1320015236735344,0.1320015236735344,0.41806435043741935,true,0.07540426811929435,0.07570710050651051,0.3704637479380875
joint-fc2b76f0772372bf8c3c,M2,291503,wrong_object,1,-0.1320015236735344,0.0660007618367672,0.33762466801464486,true,0.05440263106847747,0.05326718885906756,0.16006529591920607
joint-fe2aefddb9b7745686ad,M2,291503,wrong_object,1,-0.0660007618367672,0.0660007618367672,0.1845503941636246,true,0.037436583488521066,0.03654249188131303,0.1484019116502455
joint-8b6ff975d45da97a4933,M2,291503,wrong_object,1,0.1320015236735344,-0.1320015236735344,0.4637664951984606,false,0.075082176855718,0.07634610369856137,0.2331553778215876
joint-175e17d0ef9573bac40e,M2,291503,wrong_object,0,-0.1320015236735344,0.1320015236735344,0.329248364280561,false,0.08247541561294983,0.08233010185150552,0.2641652947345436
joint-a3d06b9cb0966439eddd,M2,291503,wrong_object,1,0.0660007618367672,0.1320015236735344,0.40892855536990225,false,0.07850024830425667,0.08257086853077016,0.2651355999135579
joint-04c90cd2b55e51d7395c,M2,291503,wrong_object,0,0.0660007618367672,-0.1320015236735344,0.3354887095105214,true,0.0589704247770681,0.06211309723216563,0.23866265335118428
joint-03d19206c4766692b70a,M2,291503,wrong_object,0,-0.0660007618367672,0.0660007618367672,0.15899708938021187,true,0.0398946750961582,0.04018756898968274,0.12506006074618714
joint-f3533a47857412ee6574,M2,291503,wrong_object,1,-0.0660007618367672,-0.0660007618367672,0.19100123249686352,true,0.0430582959106762,0.04308702869233751,0.12000652990440974
joint-19e423cc276169fd1073,M2,291503,wrong_object,1,0.1320015236735344,0.0660007618367672,0.3252614492300355,false,0.08500774932514402,0.09534096206371989,0.28813648007217413
joint-ff96f3eeddc533681410,M2,291503,wrong_object,0,-0.1320015236735344,0.0660007618367672,0.305468902116052,true,0.06346553275979365,0.07158838724142695,0.2560078436093034
joint-c4e21270ec4d0d7be262,M2,291503,wrong_object,0,-0.0660007618367672,0.1320015236735344,0.349487433260801,false,0.06973659577586389,0.07894461975373027,0.23329050920661082
joint-f3c2aa3445150de38445,M2,291503,wrong_object,1,-0.0660007618367672,-0.1320015236735344,0.37662410183796574,false,0.07451299064214287,0.08085625892935325,0.23917842836825914
joint-9b1bd063fe31242ee1d4,M2,291503,wrong_object,0,-0.1320015236735344,0.0660007618367672,0.3555589647505971,true,0.07007782342443156,0.06777550096787702,0.20987752963044654
joint-dc07119105a4b0f17fef,M2,291503,wrong_object,0,-0.1320015236735344,-0.1320015236735344,0.3444938974882874,false,0.08771943233031826,0.10285064495821117,0.29571189746697996
joint-e62d176dd1f3b78034aa,M2,291503,wrong_object,1,0.0660007618367672,0.0660007618367672,0.19983305851884414,true,0.05389455705960494,0.062019638961387166,0.18026756152964254
joint-7fb044ff7f38057c2332,M2,291503,wrong_object,1,-0.0660007618367672,-0.1320015236735344,0.3898440597540709,false,0.07437921479114905,0.07938374254902965,0.23309014756879792
joint-86e6ae730070eee6983b,M2,291503,wrong_object,1,0.0660007618367672,-0.0660007618367672,0.19384735674811507,true,0.03292978637235089,0.03443506986336949,0.15462561466549915
joint-9a206f19112cd83d8451,M2,291503,wrong_object,1,0.1320015236735344,-0.1320015236735344,0.3867400222810637,true,0.07075090936392356,0.06954394001559923,0.21405769857624532
joint-d9be6f5c2e8106f0264a,M2,291503,wrong_object,1,0.0660007618367672,-0.0660007618367672,0.21348278632335305,true,0.03816622122923317,0.03708766053692799,0.11511781084304588
joint-6f8a92fc80c9c4920afe,M2,291503,wrong_object,1,0.0660007618367672,-0.0660007618367672,0.2211709366681376,true,0.03663006566279844,0.0396353685601634,0.1638983847676385
joint-2a31fc646bfd539046d7,M2,291503,wrong_object,1,0.0660007618367672,0.1320015236735344,0.35767499712863,false,0.0877486736432722,0.09116500704349081,0.40433261518023084
joint-e8ed568644109d3c68dd,M2,291503,wrong_object,1,0.0660007618367672,0.0660007618367672,0.18021016911908266,true,0.052378946782722494,0.061454896514957016,0.17832131890542657
joint-310c46903e1f1c1d5a60,M2,291503,wrong_object,0,-0.0660007618367672,0.0660007618367672,0.18661502586105028,true,0.04357846036912199,0.042771206079133234,0.12419290047768626
joint-1285f64b5ffdc41a435d,M2,291503,wrong_object,0,0.0660007618367672,0.0660007618367672,0.23692974749597764,true,0.048781214636006834,0.048499202097403285,0.19159849396839465
joint-70524fe1e7c2518c400a,M2,291503,wrong_object,1,0.0660007618367672,-0.1320015236735344,0.4078869074605608,false,0.06275036899193069,0.062240955560464065,0.19050119999669293
joint-41ae71c0e6c6d51506eb,M2,291503,wrong_object,0,-0.0660007618367672,-0.0660007618367672,0.21095897983589126,true,0.04983680387811522,0.0469458086850997,0.1860744972461868
joint-f2a415df92c5dbd9c22b,M2,291503,wrong_object,1,0.1320015236735344,0.0660007618367672,0.35532311301071284,false,0.077524943578633,0.09077747334884434,0.2634504562819891
joint-05f0f9643ecc833a54a1,M2,291503,wrong_object,1,0.1320015236735344,-0.1320015236735344,0.40648048288250344,false,0.07112952580870936,0.07287200211065194,0.22217240329417098
joint-6731d5008cdff8444b8a,M2,291503,wrong_object,0,0.0660007618367672,0.1320015236735344,0.3145783432852094,false,0.06609948650743305,0.08057865608010716,0.22971450018939635
joint-cd5d57fb2d2fc404ed88,M2,291503,wrong_object,1,0.0660007618367672,-0.1320015236735344,0.3967701104699975,false,0.060064572870986446,0.0609834305235344,0.1877494989516148
joint-c73f7954cc710bf9d63c,M2,291503,wrong_object,0,-0.1320015236735344,0.1320015236735344,0.48668692351849235,false,0.09010348690111958,0.09527918808837457,0.36901156555243025
joint-8c80649d97868318c9fe,M2,291503,wrong_object,1,-0.0660007618367672,0.1320015236735344,0.3312289593452494,true,0.051832296708261255,0.054520893830490226,0.15838640276053695
joint-e8ffd69e58705acdb563,M2,291503,wrong_object,0,-0.1320015236735344,-0.1320015236735344,0.3745759039747849,false,0.09012040349360752,0.08129895954850562,0.279570000879006
joint-2474a6ed6bbe4f7e1b97,M2,291503,wrong_object,1,-0.0660007618367672,-0.0660007618367672,0.2156579510445345,false,0.053936217538705464,0.05137347080716034,0.21327159576396607
joint-1b6c644185589ebc48c8,M2,291503,wrong_object,1,-0.1320015236735344,0.1320015236735344,0.36594279629902504,true,0.06242958708908525,0.06419810476594787,0.1929211597224357
joint-efe7c8a0a11bb35094e0,M2,291503,wrong_object,0,-0.1320015236735344,0.0660007618367672,0.3447128492161426,true,0.06167029115084931,0.0657894510792384,0.3403533151541778
joint-9ea456682d298ae62b43,M2,291503,wrong_object,0,0.1320015236735344,0.1320015236735344,0.37108556260017417,false,0.08601478008958967,0.0980658253662441,0.28546333897901954
joint-7d924a87e8568d82b71b,M2,291503,wrong_object,1,-0.0660007618367672,-0.1320015236735344,0.40592909081790723,false,0.07415551140310407,0.07960866702505545,0.2365043586678683
joint-f012efad790d4bcb5275,M2,291503,wrong_object,1,0.0660007618367672,-0.1320015236735344,0.32343825590687963,true,0.04899510120128493,0.04903971775759549,0.16804399016944074
joint-99a2122f162a74088f58,M2,291503,wrong_object,0,0.1320015236735344,0.0660007618367672,0.3409953764894285,false,0.06718569138479581,0.0839530573524989,0.24697744124511148
joint-ce884c4d333127e8b6dc,M2,291503,wrong_object,0,0.1320015236735344,-0.1320015236735344,0.34571036186119175,false,0.07883381043350117,0.08276899080014956,0.253674612106318
joint-50af49320c1511a0d6c6,M2,291503,wrong_object,1,0.1320015236735344,0.1320015236735344,0.4833945950906647,false,0.09806954818978085,0.10183228935911319,0.379848527362562
joint-4664e26abb95085a572a,M2,291503,wrong_object,1,-0.1320015236735344,-0.1320015236735344,0.3885403340303409,false,0.09379720964741751,0.09420357398570889,0.33315336472958695
joint-79aa8ba0c5489ddf2497,M2,291503,wrong_object,1,0.0660007618367672,0.0660007618367672,0.20019773582439568,false,0.05802155347862339,0.057583975718463014,0.2206695561990105
joint-d987f2e8f59153959f0b,M2,291503,wrong_object,0,0.0660007618367672,-0.0660007618367672,0.19851359580367944,true,0.03864116034563006,0.03601737892361763,0.15240700204739052
joint-cb8130fb1c35fd8e7b18,M2,291503,wrong_object,0,0.1320015236735344,0.1320015236735344,0.3516261721967268,false,0.07911911490815206,0.09808690429788705,0.2836969766524912
joint-d18a1d26ca0c2d035ee3,M2,291503,wrong_object,1,-0.0660007618367672,0.0660007618367672,0.20470176357984235,true,0.039322313937424205,0.05227629539562316,0.20470480573822014
joint-da2f34f1c087e97b1afb,M2,291503,wrong_object,0,-0.0660007618367672,0.0660007618367672,0.21708837054246807,true,0.045717558686460394,0.04409002254291128,0.13864801836677815
joint-d61e8bcf8b85f15c898a,M2,291503,wrong_object,1,-0.0660007618367672,-0.0660007618367672,0.19850028951315116,true,0.04795863080368141,0.04915162646874897,0.14478324020709998
joint-4de8fb543630717fe750,M2,291503,wrong_object,1,0.0660007618367672,0.1320015236735344,0.32976456363774204,false,0.07222066252779391,0.08309094484668432,0.24350896220613022
joint-dc3cf8ce3539277e0726,M2,291503,wrong_object,0,-0.0660007618367672,-0.1320015236735344,0.3814388493527262,true,0.07964390300934193,0.06617066139164417,0.34116716192881236
joint-afc74f4446a723051311,M2,291503,wrong_object,0,0.1320015236735344,0.0660007618367672,0.40214287198277315,false,0.07713259582862803,0.08170084396260607,0.2660926640114931
joint-b8e91cf056a2850aa06d,M2,291503,wrong_object,1,0.1320015236735344,0.1320015236735344,0.42256068301888566,false,0.10973544898398939,0.11622947877667039,0.42982362211293823
joint-1f313d8436034e3c8a2f,M2,291503,wrong_object,0,0.0660007618367672,-0.0660007618367672,0.18531104372152543,true,0.042126223644203015,0.03850018155967589,0.12360835115559263
joint-86283058a19cd7794f47,M2,291503,wrong_object,1,-0.1320015236735344,0.1320015236735344,0.35567091186182487,true,0.06389173137939763,0.06828331497648242,0.298168344434754
joint-a5ed81533299a3f553ae,M2,291503,wrong_object,1,0.0660007618367672,0.1320015236735344,0.3845755585519655,false,0.08186342479045375,0.10147524781307009,0.28609883886444376
joint-1b3125f558c72b1ea5e4,M2,291503,wrong_object,1,-0.0660007618367672,0.1320015236735344,0.2747749701684566,true,0.047358166295308105,0.050207393168602725,0.1467478978651076
joint-3dcb938aa6f788013529,M2,291503,wrong_object,0,-0.0660007618367672,-0.0660007618367672,0.14937888982392697,true,0.036226010842016695,0.04734020086351946,0.18115329918513456
joint-f3d0c584cd58125ec9bd,M2,291503,wrong_object,0,-0.0660007618367672,-0.1320015236735344,0.2919673421375974,false,0.056799020917697764,0.060506822526188594,0.21762710562145077
joint-a4fe2bd135f56d3a3b4d,M2,291503,wrong_object,0,-0.1320015236735344,-0.0660007618367672,0.37295180365630215,true,0.07197634692101146,0.07228945671487794,0.24671053835155204
joint-baf9ad5b2a0e2663433b,M2,291503,wrong_object,0,0.1320015236735344,0.1320015236735344,0.38920259598958246,false,0.101012785011349,0.10649550457532914,0.40382562096197017
joint-63dd4abeb6e1325c7806,M2,291503,wrong_object,0,-0.1320015236735344,0.1320015236735344,0.34600709240765354,false,0.08615502392064757,0.09021090708107367,0.2853553098355795
joint-89a8114aac92bfca40db,M2,291503,wrong_object,0,0.0660007618367672,0.1320015236735344,0.3651093175509672,false,0.07023054583537315,0.07563909152010505,0.24237306300786615
joint-fdd9add87d3e0887f0db,M2,291503,wrong_object,0,-0.0660007618367672,-0.0660007618367672,0.20988683725234322,true,0.049517594593417945,0.05591670286843477,0.15790440635087816
joint-8deb233befdaaa44244e,M2,291503,wrong_object,0,-0.0660007618367672,-0.1320015236735344,0.4199430471885832,true,0.0771985200382839,0.067771345905718,0.3378738418140366
joint-750a25537e1c577ecb17,M2,291503,wrong_object,0,0.1320015236735344,0.0660007618367672,0.3744281342302425,false,0.07246684259062054,0.07770358171672281,0.2802297424551112
joint-d20c3c92116f8fce3c1e,M2,291503,wrong_object,0,-0.1320015236735344,-0.0660007618367672,0.31949037360757504,false,0.06724537382777392,0.06893214495139591,0.3515061436318321
joint-83912571774477870e69,M2,291503,wrong_object,0,0.1320015236735344,-0.0660007618367672,0.28771574530681404,true,0.055909496053631304,0.059472755276326006,0.18684260459380278
joint-0b091357d2bc89169b82,M2,291503,wrong_object,0,0.1320015236735344,-0.1320015236735344,0.38920635946547005,true,0.07779778620773357,0.07463683445235851,0.29408368911814214
joint-79a2726c7c85c127d89d,M2,291503,wrong_object,0,-0.1320015236735344,-0.1320015236735344,0.37089495845235587,false,0.08922001323222349,0.09083870507632293,0.4106286735873654
joint-ff0e8b614b34aecce4b3,M2,291503,wrong_object,1,0.0660007618367672,0.1320015236735344,0.35703614861874283,false,0.0668363928437745,0.06689040524415203,0.22505173360907751
joint-a6e0056491e5774f3780,M2,291503,wrong_object,0,0.0660007618367672,-0.1320015236735344,0.4183236881394922,true,0.06653619256444677,0.061514440298238916,0.22422989837196636
joint-009541860623d2bb9f1f,M2,291503,wrong_object,0,-0.0660007618367672,0.1320015236735344,0.3159917755779051,false,0.06724954413213985,0.07477303666754817,0.23487007677633387
joint-ffe811f4bd9985f39189,M2,291503,wrong_object,0,-0.0660007618367672,-0.1320015236735344,0.3115971191660644,false,0.06917698887862965,0.08500858789788462,0.23843754805697645
joint-08c462a1ad92c4ade964,M2,291503,wrong_object,0,0.1320015236735344,-0.0660007618367672,0.275650626774987,true,0.053952164933152115,0.054400585122806815,0.16956050031801048
joint-2ce56f0ea0683dcda2f5,M2,291503,wrong_object,0,-0.1320015236735344,-0.0660007618367672,0.3356084894883466,true,0.062289599999363184,0.06739095708301317,0.3110034719750265
joint-e8e45e1d9d7dc3a06a25,M2,291503,wrong_object,0,0.1320015236735344,-0.1320015236735344,0.35466012178631423,false,0.0796411521035601,0.08445881835376871,0.25704180096476087
joint-cf92d455cc3ba4b96312,M2,291503,wrong_object,1,-0.1320015236735344,0.1320015236735344,0.40838969872913106,true,0.06814872592068102,0.07200942314965945,0.32352411233210465
joint-2a931d7a53cb9c33974d,M2,291503,wrong_vector,0,0.0660007618367672,-0.0660007618367672,0.2199199258731743,true,0.036103688114491744,0.0413926037305535,0.1533814562777316
joint-4352a0ffd3ac22d2f5e6,M2,291503,wrong_vector,1,0.0660007618367672,-0.0660007618367672,0.3919266475920062,false,0.05888201531052024,0.05571234646418785,0.16517221830070059
joint-147f59a58d0ef285e900,M2,291503,wrong_vector,0,0.0660007618367672,-0.1320015236735344,0.37100614256754155,true,0.06843099063935462,0.07343956746069116,0.24646704983331827
joint-d0326bfd1d59b011ffc1,M2,291503,wrong_vector,0,0.1320015236735344,0.0660007618367672,0.037377027303793664,true,0.013274442842201948,0.03395259014453485,0.05963446009345777
joint-b0a6408213b275a6eec4,M2,291503,wrong_vector,0,-0.1320015236735344,0.0660007618367672,0.21432585376129779,true,0.041844589280996,0.044863322302317245,0.1294557377672136
joint-f16075ae76c562b01afa,M2,291503,wrong_vector,1,0.1320015236735344,0.0660007618367672,0.36300251569717107,true,0.05418303933168371,0.0588794362457749,0.23310909927308973
joint-6c84dffefac07a85efd4,M2,291503,wrong_vector,1,0.1320015236735344,-0.1320015236735344,0.7735390984856619,false,0.11339991600058584,0.11660850435985794,0.33732495479210084
joint-530af393a720d348afb0,M2,291503,wrong_vector,1,0.0660007618367672,0.0660007618367672,0.341367118713007,true,0.04840036847426486,0.04613361046815056,0.13215171111906387
joint-66b0d86cfbc4d904308f,M2,291503,wrong_vector,0,-0.0660007618367672,0.0660007618367672,0.193639121666982,true,0.038513533079524015,0.03858534201303862,0.1112303232410795
joint-cb84ae0ab47be6c0b097,M2,291503,wrong_vector,0,-0.0660007618367672,0.1320015236735344,0.3500355322037043,true,0.06165395916153346,0.06378411676299277,0.18932431201717265
joint-bd7b1bc3eac5c32be6ce,M2,291503,wrong_vector,0,-0.0660007618367672,-0.0660007618367672,0.14817944066349287,true,0.030204961931261844,0.02966979239706701,0.1297542060139904
joint-f42e2b2aa0bcf1904b2c,M2,291503,wrong_vector,1,0.1320015236735344,0.0660007618367672,0.33121495166138637,true,0.04935697683561292,0.052260588368359485,0.22071381308060758
joint-0cc5980f554a68da719e,M2,291503,wrong_vector,0,0.1320015236735344,0.1320015236735344,0.3883729206234523,true,0.06949145010006523,0.07368657591937443,0.27917273565676415
joint-c71196ce6b27a5f15741,M2,291503,wrong_vector,1,-0.0660007618367672,-0.0660007618367672,0.3704414309070121,true,0.047591747427061445,0.04376155014640495,0.12163028883966152
joint-08a29e94c959b15daf6c,M2,291503,wrong_vector,0,-0.1320015236735344,-0.0660007618367672,0.06912146318878197,true,0.030946559732767456,0.04707150733586035,0.059482922878191936
joint-009344968abd7434a0a8,M2,291503,wrong_vector,1,0.1320015236735344,-0.1320015236735344,0.7550699630772681,false,0.11416943342665585,0.11876405933760319,0.3466556033165834
joint-0d9b039cb21daac03d2a,M2,291503,wrong_vector,1,0.0660007618367672,0.0660007618367672,0.30093342200757217,true,0.0443284618267321,0.04350108810183461,0.13865425279074797
joint-96bbd61ef63ebf358d5e,M2,291503,wrong_vector,0,-0.0660007618367672,0.0660007618367672,0.1693275306057224,true,0.03302949519055402,0.032798540556133224,0.09823985468166493
joint-71226efdc82c7b8eb4e1,M2,291503,wrong_vector,1,0.1320015236735344,-0.1320015236735344,0.41205932952761265,true,0.07820547216303042,0.07890733132960714,0.32267473244402567
joint-2b6a5ce6c26b3991652e,M2,291503,wrong_vector,0,0.0660007618367672,-0.1320015236735344,0.27679538329053927,true,0.05502140268787405,0.05671219293421096,0.1724556321884741
joint-c45a492c6ab0e2e5bfbe,M2,291503,wrong_vector,1,0.1320015236735344,-0.0660007618367672,0.3594259517611329,true,0.0652424594638468,0.06390398577261977,0.28381653095801246
joint-b2b2ebaf8b3253aafde3,M2,291503,wrong_vector,0,0.1320015236735344,-0.1320015236735344,0.38458169385304425,true,0.07369348228197245,0.0774703716367167,0.2871816393412994
joint-58d5f239e12552c3626e,M2,291503,wrong_vector,0,-0.1320015236735344,0.1320015236735344,0.41531404787665044,false,0.07673612678727823,0.07991418483741469,0.345808505856876
joint-fc2b76f0772372bf8c3c,M2,291503,wrong_vector,1,-0.1320015236735344,0.0660007618367672,0.44995941301296893,false,0.07416717065850695,0.07265167247876429,0.1977353389125907
joint-fe2aefddb9b7745686ad,M2,291503,wrong_vector,1,-0.0660007618367672,0.0660007618367672,0.25558667208125013,true,0.053670157715953855,0.048714160039008726,0.18866470131493174
joint-8b6ff975d45da97a4933,M2,291503,wrong_vector,1,0.1320015236735344,-0.1320015236735344,0.804431047134297,false,0.11681482940476598,0.12180063703176144,0.3520899220317934
joint-175e17d0ef9573bac40e,M2,291503,wrong_vector,0,-0.1320015236735344,0.1320015236735344,0.3554161622757344,true,0.06801634360283822,0.06980623633755861,0.20921275908309592
joint-a3d06b9cb0966439eddd,M2,291503,wrong_vector,1,0.0660007618367672,0.1320015236735344,0.10788907159945166,true,0.033633955088922404,0.02465019859437433,0.12260228439943104
joint-04c90cd2b55e51d7395c,M2,291503,wrong_vector,0,0.0660007618367672,-0.1320015236735344,0.21843258841650326,true,0.045159228306353064,0.05500686598258555,0.20469859866846402
joint-03d19206c4766692b70a,M2,291503,wrong_vector,0,-0.0660007618367672,0.0660007618367672,0.15657948503174035,true,0.031725653640799975,0.03323240310047758,0.1046632133080235
joint-f3533a47857412ee6574,M2,291503,wrong_vector,1,-0.0660007618367672,-0.0660007618367672,0.3788090553628178,true,0.04823451543990114,0.04433743570105139,0.12948161685774465
joint-19e423cc276169fd1073,M2,291503,wrong_vector,1,0.1320015236735344,0.0660007618367672,0.08051663059636359,true,0.03459966908411793,0.0181617343006255,0.059242293276102365
joint-ff96f3eeddc533681410,M2,291503,wrong_vector,0,-0.1320015236735344,0.0660007618367672,0.27843000532517437,true,0.043755156479141695,0.04603456326258198,0.1760610175489558
joint-c4e21270ec4d0d7be262,M2,291503,wrong_vector,0,-0.0660007618367672,0.1320015236735344,0.3300203790458378,true,0.06519315194589101,0.07101505309664372,0.20103141817484863
joint-f3c2aa3445150de38445,M2,291503,wrong_vector,1,-0.0660007618367672,-0.1320015236735344,0.3391605301294271,true,0.05044169500899813,0.05728539615278244,0.15053557887303115
joint-9b1bd063fe31242ee1d4,M2,291503,wrong_vector,0,-0.1320015236735344,0.0660007618367672,0.2339761969030278,true,0.04782546247874019,0.051206024007056615,0.14914947164580922
joint-dc07119105a4b0f17fef,M2,291503,wrong_vector,0,-0.1320015236735344,-0.1320015236735344,0.3745811120171748,false,0.0742095569135421,0.07876558714630734,0.23496015568749562
joint-e62d176dd1f3b78034aa,M2,291503,wrong_vector,1,0.0660007618367672,0.0660007618367672,0.32177745801080465,true,0.047313907111234774,0.04620115614218031,0.14302666723866533
joint-7fb044ff7f38057c2332,M2,291503,wrong_vector,1,-0.0660007618367672,-0.1320015236735344,0.35170759399087104,true,0.051171605424810335,0.05333441731820495,0.13746877119897155
joint-86e6ae730070eee6983b,M2,291503,wrong_vector,1,0.0660007618367672,-0.0660007618367672,0.27725196575169087,true,0.046164637074318574,0.045797860992757726,0.20403132387506337
joint-9a206f19112cd83d8451,M2,291503,wrong_vector,1,0.1320015236735344,-0.1320015236735344,0.7247603077705653,false,0.10978443279824458,0.11287716682238898,0.33224762968731864
joint-d9be6f5c2e8106f0264a,M2,291503,wrong_vector,1,0.0660007618367672,-0.0660007618367672,0.38920641897604724,false,0.05849454677576168,0.05592924282848297,0.16423301513909427
joint-6f8a92fc80c9c4920afe,M2,291503,wrong_vector,1,0.0660007618367672,-0.0660007618367672,0.2191778875718097,true,0.039568491111960834,0.04591765334965671,0.19494202592667406
joint-2a31fc646bfd539046d7,M2,291503,wrong_vector,1,0.0660007618367672,0.1320015236735344,0.3160338600811378,true,0.04957097862648972,0.05708471677315205,0.1954549625284554
joint-e8ed568644109d3c68dd,M2,291503,wrong_vector,1,0.0660007618367672,0.0660007618367672,0.36019174374854535,true,0.04999229798282165,0.04736668193702302,0.1489804607400624
joint-310c46903e1f1c1d5a60,M2,291503,wrong_vector,0,-0.0660007618367672,0.0660007618367672,0.1851988069496998,true,0.03462164822918927,0.03457732377953569,0.10196330689306571
joint-1285f64b5ffdc41a435d,M2,291503,wrong_vector,0,0.0660007618367672,0.0660007618367672,0.22441636717940572,true,0.040217187929176224,0.04225770002464209,0.15995539164158204
joint-70524fe1e7c2518c400a,M2,291503,wrong_vector,1,0.0660007618367672,-0.1320015236735344,0.6243991225799026,false,0.09280389511176106,0.09306648774173254,0.27395707302242595
joint-41ae71c0e6c6d51506eb,M2,291503,wrong_vector,0,-0.0660007618367672,-0.0660007618367672,0.21126444862876817,true,0.03680197460118049,0.0369103406237389,0.15233809157776568
joint-f2a415df92c5dbd9c22b,M2,291503,wrong_vector,1,0.1320015236735344,0.0660007618367672,0.1373030240203374,true,0.022236662383137092,0.028556294771436203,0.026980326632474804
joint-05f0f9643ecc833a54a1,M2,291503,wrong_vector,1,0.1320015236735344,-0.1320015236735344,0.7497174620417572,false,0.11204581323471773,0.11819801357125127,0.34003274570472103
joint-6731d5008cdff8444b8a,M2,291503,wrong_vector,0,0.0660007618367672,0.1320015236735344,0.21265022507592624,true,0.042193943577901634,0.054971213682519185,0.14185635523786094
joint-cd5d57fb2d2fc404ed88,M2,291503,wrong_vector,1,0.0660007618367672,-0.1320015236735344,0.6153002789496119,false,0.09084925194699639,0.09117483501013608,0.27116512218465116
joint-c73f7954cc710bf9d63c,M2,291503,wrong_vector,0,-0.1320015236735344,0.1320015236735344,0.4419615479807998,true,0.0753315036046892,0.07773178026148708,0.32690160025489357
joint-8c80649d97868318c9fe,M2,291503,wrong_vector,1,-0.0660007618367672,0.1320015236735344,0.5564450481295774,false,0.082997282326488,0.08892173708319591,0.26301100432628727
joint-e8ffd69e58705acdb563,M2,291503,wrong_vector,0,-0.1320015236735344,-0.1320015236735344,0.38379622982486644,true,0.06826279796388068,0.075116235792731,0.2395422249807551
joint-2474a6ed6bbe4f7e1b97,M2,291503,wrong_vector,1,-0.0660007618367672,-0.0660007618367672,0.17448458881140003,true,0.03517249864603056,0.03594664272111943,0.15278335617987823
joint-1b6c644185589ebc48c8,M2,291503,wrong_vector,1,-0.1320015236735344,0.1320015236735344,0.7267857990435036,false,0.10597221480059735,0.11150789567073928,0.3207039331332792
joint-efe7c8a0a11bb35094e0,M2,291503,wrong_vector,0,-0.1320015236735344,0.0660007618367672,0.3496692077435458,true,0.0669941695363577,0.06860536784588586,0.286687332938712
joint-9ea456682d298ae62b43,M2,291503,wrong_vector,0,0.1320015236735344,0.1320015236735344,0.39690319986432454,true,0.0731989456253539,0.07360729508449232,0.27922725098053747
joint-7d924a87e8568d82b71b,M2,291503,wrong_vector,1,-0.0660007618367672,-0.1320015236735344,0.36697195043046776,true,0.056424457342166064,0.06091390832500283,0.16021179025589596
joint-f012efad790d4bcb5275,M2,291503,wrong_vector,1,0.0660007618367672,-0.1320015236735344,0.23821927965389056,true,0.042848471320882986,0.04151795001596681,0.2126514622968134
joint-99a2122f162a74088f58,M2,291503,wrong_vector,0,0.1320015236735344,0.0660007618367672,0.08106273312380956,true,0.014613035573700021,0.03195877657747188,0.04984343598659297
joint-ce884c4d333127e8b6dc,M2,291503,wrong_vector,0,0.1320015236735344,-0.1320015236735344,0.35624522940333725,false,0.07060760662002856,0.07136640883922134,0.2208878538899215
joint-50af49320c1511a0d6c6,M2,291503,wrong_vector,1,0.1320015236735344,0.1320015236735344,0.42505598198674155,true,0.06628377159437775,0.07156362097138307,0.280854567059708
joint-4664e26abb95085a572a,M2,291503,wrong_vector,1,-0.1320015236735344,-0.1320015236735344,0.373840862935471,true,0.06618864206770181,0.06446544660713291,0.23557087157747064
joint-79aa8ba0c5489ddf2497,M2,291503,wrong_vector,1,0.0660007618367672,0.0660007618367672,0.3012884118836007,true,0.04110179196517623,0.04124663364619801,0.18670581889328752
joint-d987f2e8f59153959f0b,M2,291503,wrong_vector,0,0.0660007618367672,-0.0660007618367672,0.21126833074578572,true,0.0409553917252522,0.03751729781159283,0.14614153725558612
joint-cb8130fb1c35fd8e7b18,M2,291503,wrong_vector,0,0.1320015236735344,0.1320015236735344,0.3621324455943445,true,0.0702217751955465,0.0727290206537038,0.2257618610490266
joint-d18a1d26ca0c2d035ee3,M2,291503,wrong_vector,1,-0.0660007618367672,0.0660007618367672,0.2437936282474092,true,0.045243825057874144,0.05421414746891217,0.23537079512037185
joint-da2f34f1c087e97b1afb,M2,291503,wrong_vector,0,-0.0660007618367672,0.0660007618367672,0.22971391978757696,true,0.04006442095221784,0.0407141627741632,0.12093486802871943
joint-d61e8bcf8b85f15c898a,M2,291503,wrong_vector,1,-0.0660007618367672,-0.0660007618367672,0.38604570139730626,true,0.05119214613470762,0.04649414108113692,0.13745355825414307
joint-4de8fb543630717fe750,M2,291503,wrong_vector,1,0.0660007618367672,0.1320015236735344,0.2818260836011493,true,0.03787790553004142,0.049365424046199265,0.14507729132680722
joint-dc3cf8ce3539277e0726,M2,291503,wrong_vector,0,-0.0660007618367672,-0.1320015236735344,0.2364272004728972,true,0.04846949243211765,0.06194609650400866,0.170590678087267
joint-afc74f4446a723051311,M2,291503,wrong_vector,0,0.1320015236735344,0.0660007618367672,0.0650991516947231,true,0.015517423051173432,0.02338331149586782,0.06688398812335515
joint-b8e91cf056a2850aa06d,M2,291503,wrong_vector,1,0.1320015236735344,0.1320015236735344,0.5848097970307886,false,0.07971050807962317,0.08220339237700196,0.33616825323963495
joint-1f313d8436034e3c8a2f,M2,291503,wrong_vector,0,0.0660007618367672,-0.0660007618367672,0.193542449756051,true,0.0360347493012077,0.03390463785236631,0.10484484907756958
joint-86283058a19cd7794f47,M2,291503,wrong_vector,1,-0.1320015236735344,0.1320015236735344,0.3691846828991292,true,0.07315107259908929,0.07632587591784218,0.3164438494776811
joint-a5ed81533299a3f553ae,M2,291503,wrong_vector,1,0.0660007618367672,0.1320015236735344,0.33167584095772296,true,0.04411532783124653,0.05874368812010648,0.1740846544110043
joint-1b3125f558c72b1ea5e4,M2,291503,wrong_vector,1,-0.0660007618367672,0.1320015236735344,0.5002821015089349,false,0.07621981351307171,0.07540704738349722,0.2310171828869472
joint-3dcb938aa6f788013529,M2,291503,wrong_vector,0,-0.0660007618367672,-0.0660007618367672,0.13280994573878402,true,0.026612807500310642,0.03395359247937789,0.13450085699116568
joint-f3d0c584cd58125ec9bd,M2,291503,wrong_vector,0,-0.0660007618367672,-0.1320015236735344,0.055116854093361485,true,0.021286508889815592,0.027604644134633486,0.060955437893950325
joint-a4fe2bd135f56d3a3b4d,M2,291503,wrong_vector,0,-0.1320015236735344,-0.0660007618367672,0.069966686160898,true,0.03336487318408757,0.03789538127786706,0.0677630126437884
joint-baf9ad5b2a0e2663433b,M2,291503,wrong_vector,0,0.1320015236735344,0.1320015236735344,0.42541130162345087,true,0.0747031001866991,0.07479381883285281,0.33922999310092883
joint-63dd4abeb6e1325c7806,M2,291503,wrong_vector,0,-0.1320015236735344,0.1320015236735344,0.3731313754873815,true,0.07025009854257022,0.07270896776710825,0.22434596665163595
joint-89a8114aac92bfca40db,M2,291503,wrong_vector,0,0.0660007618367672,0.1320015236735344,0.1303223068561699,true,0.025623568245334426,0.04312633188099422,0.08781970681902161
joint-fdd9add87d3e0887f0db,M2,291503,wrong_vector,0,-0.0660007618367672,-0.0660007618367672,0.21853587522515805,true,0.03663655293986513,0.036246302861849544,0.10576206287352592
joint-8deb233befdaaa44244e,M2,291503,wrong_vector,0,-0.0660007618367672,-0.1320015236735344,0.2943058672153917,true,0.05832404815650103,0.07184437447250401,0.19620368699699617
joint-750a25537e1c577ecb17,M2,291503,wrong_vector,0,0.1320015236735344,0.0660007618367672,0.33527439168424794,true,0.05565594244041849,0.05312954371148171,0.2317963996239269
joint-d20c3c92116f8fce3c1e,M2,291503,wrong_vector,0,-0.1320015236735344,-0.0660007618367672,0.2700455663104854,true,0.048056969361904046,0.05326043235339265,0.18516402057062237
joint-83912571774477870e69,M2,291503,wrong_vector,0,0.1320015236735344,-0.0660007618367672,0.2264758669502842,true,0.04113559889904758,0.042542101243975936,0.13607727286347523
joint-0b091357d2bc89169b82,M2,291503,wrong_vector,0,0.1320015236735344,-0.1320015236735344,0.3538634433602895,true,0.07336633677667098,0.07461006971979979,0.31091480034197605
joint-79a2726c7c85c127d89d,M2,291503,wrong_vector,0,-0.1320015236735344,-0.1320015236735344,0.3948362152740568,true,0.07080496730644545,0.07456553916326378,0.3396592608782324
joint-ff0e8b614b34aecce4b3,M2,291503,wrong_vector,1,0.0660007618367672,0.1320015236735344,0.07510324072716011,true,0.01916265608937787,0.02084777339656082,0.0978375399950458
joint-a6e0056491e5774f3780,M2,291503,wrong_vector,0,0.0660007618367672,-0.1320015236735344,0.2774025764078594,true,0.04786735288851205,0.05157815856510376,0.19647013502066096
joint-009541860623d2bb9f1f,M2,291503,wrong_vector,0,-0.0660007618367672,0.1320015236735344,0.2981502008122137,true,0.05813689753339343,0.059138461830563385,0.18130322511040176
joint-ffe811f4bd9985f39189,M2,291503,wrong_vector,0,-0.0660007618367672,-0.1320015236735344,0.18495438785508636,true,0.033629989030083345,0.04277687175106512,0.1050926346266552
joint-08c462a1ad92c4ade964,M2,291503,wrong_vector,0,0.1320015236735344,-0.0660007618367672,0.2095103647458827,true,0.03770710098746307,0.04024993366629917,0.12724298575192663
joint-2ce56f0ea0683dcda2f5,M2,291503,wrong_vector,0,-0.1320015236735344,-0.0660007618367672,0.3059274481094088,true,0.05348860269837294,0.045715198670780804,0.12569482335413093
joint-e8e45e1d9d7dc3a06a25,M2,291503,wrong_vector,0,0.1320015236735344,-0.1320015236735344,0.37044132655572215,true,0.0689067961410878,0.06976781071822341,0.20933717996000412
joint-cf92d455cc3ba4b96312,M2,291503,wrong_vector,1,-0.1320015236735344,0.1320015236735344,0.5857848947498563,false,0.09875709332723455,0.10716510891073554,0.46036158154572643
