public_unit_id,source_record_index,split,edited_object,numeric_edited_object,metadata_delta_vx,numeric_delta_vx,metadata_delta_vy,numeric_delta_vy,single_x_delta_vx,single_x_delta_vy,single_y_delta_vx,single_y_delta_vy,joint_delta_vx,joint_delta_vy,composition_max_abs_error,preanchor_observations_identical,anchor_positions_identical,same_source_noise_identity,semantic_pass
joint-f8233fe8369c3dede212,0,FIT,0,0,0.0660007618367672,0.06600076002177477,0.0660007618367672,0.06600075663877444,0.06600076002177477,-2.9628185738150847e-09,-4.547952986433401e-11,0.06600075663877444,0.06600076002177477,0.06600075663877444,2.6096715011192373e-08,true,true,true,true
joint-2a931d7a53cb9c33974d,1,TEST,0,0,0.0660007618367672,0.06600075999834643,-0.0660007618367672,-0.06600075983747704,0.06600075999834643,-3.053380465134481e-12,3.9675340790523705e-10,-0.06600075983747704,0.06600075999834643,-0.06600075983747704,5.90686111134886e-09,true,true,true,true
joint-d83b615f6e35f598b42a,2,FIT,1,1,0.0660007618367672,0.06600075913136588,0.0660007618367672,0.06600076155417224,0.06600075913136588,8.993407407675846e-11,-4.702271350076614e-10,0.06600076155417224,0.06600075913136588,0.06600076155417224,4.768371542063221e-08,true,true,true,true
joint-4352a0ffd3ac22d2f5e6,3,TEST,1,1,0.0660007618367672,0.0660007692596106,-0.0660007618367672,-0.06600075860710788,0.0660007692596106,-8.681600160986847e-10,2.207436983203692e-09,-0.06600075860710788,0.0660007692596106,-0.06600075860710788,4.768371630881063e-08,true,true,true,true
joint-4c9e04c97cc3fa206df7,4,FIT,1,1,-0.0660007618367672,-0.06600076169522627,0.0660007618367672,0.06600075829427685,-0.06600076169522627,-1.3073161719834303e-09,-2.3098810017496696e-10,0.06600075829427685,-0.06600076169522627,0.06600075829427685,1.1304102431886065e-08,true,true,true,true
joint-ecd485c4739bbdf99c8f,5,FIT,1,1,-0.0660007618367672,-0.06600076244594971,0.0660007618367672,0.06600076333896468,-0.06600076244594971,1.2081363687244107e-11,8.809336038417825e-10,0.06600076333896468,-0.06600076244594971,0.06600076333896468,4.768371630881063e-08,true,true,true,true
joint-ae9e0db3d1a5204ea5c2,6,FIT,1,1,-0.0660007618367672,-0.06600076182791087,-0.0660007618367672,-0.06600076292878128,-0.06600076182791087,-6.75592498611266e-11,-2.7501868005153085e-09,-0.06600076292878128,-0.06600076182791087,-0.06600076292878128,4.7683716086766026e-08,true,true,true,true
joint-c628bca0e97392b7730e,7,FIT,0,0,-0.0660007618367672,-0.06600076064101518,-0.0660007618367672,-0.06600076045284892,-0.06600076064101518,-8.512558921647262e-10,-1.0394221594545172e-09,-0.06600076045284892,-0.06600076064101518,-0.06600076045284892,1.1951402867360628e-08,true,true,true,true
joint-afccdf7fb917428aa7a5,8,FIT,1,1,0.0660007618367672,0.06600076244587064,0.1320015236735344,0.13200153019919594,0.06600076244587064,-1.798609802761142e-10,-4.6063029779386255e-09,0.13200153019919594,0.06600076244587064,0.13200153019919594,1.0740764166961014e-08,true,true,true,true
joint-fc9093fc02f6ce6aae58,9,FIT,0,0,0.0660007618367672,0.06600076224159457,0.1320015236735344,0.13200152309381213,0.06600076224159457,1.6533578672817129e-10,7.77356401471252e-10,0.13200152309381213,0.06600076224159457,0.13200152309381213,4.768371542063221e-08,true,true,true,true
joint-8dce8ad4f6572f00eda9,10,FIT,1,1,0.0660007618367672,0.06600075988528076,-0.1320015236735344,-0.13200152948942157,0.06600075988528076,-4.168719536234988e-11,2.836877399658988e-10,-0.13200152948942157,0.06600075988528076,-0.13200152948942157,4.768371630881063e-08,true,true,true,true
joint-147f59a58d0ef285e900,11,TEST,0,0,0.0660007618367672,0.06600076874698069,-0.1320015236735344,-0.1320015302720501,0.06600076874698069,1.0700681486730534e-10,-5.755773524462882e-09,-0.1320015302720501,0.06600076874698069,-0.1320015302720501,5.755773524462882e-09,true,true,true,true
joint-cc1bf610d651caeff5a8,12,FIT,1,1,-0.0660007618367672,-0.06600076320439535,0.1320015236735344,0.13200152219077366,-0.06600076320439535,2.9875876217388964e-09,1.2248797115477217e-10,0.13200152219077366,-0.06600076320439535,0.13200152219077366,2.042418034697846e-08,true,true,true,true
joint-d668a846550277f25b2c,13,FIT,1,1,-0.0660007618367672,-0.06600076206016148,0.1320015236735344,0.1320015241608608,-0.06600076206016148,3.0106189069512013e-10,3.129366987764115e-09,0.1320015241608608,-0.06600076206016148,0.1320015241608608,4.7683716086766026e-08,true,true,true,true
joint-9a403c2d80a1cb5a56ad,14,FIT,1,1,-0.0660007618367672,-0.06600076188368806,-0.1320015236735344,-0.13200152665392345,-0.06600076188368806,-1.5682594112220727e-13,-3.4462482589869836e-09,-0.13200152665392345,-0.06600076188368806,-0.13200152665392345,4.7683715198587606e-08,true,true,true,true
joint-d0326bfd1d59b011ffc1,15,TEST,0,0,0.1320015236735344,0.1320015254267099,0.0660007618367672,0.06600076232065108,0.1320015254267099,-1.0062322294834836e-09,-1.2270567409378152e-09,0.06600076232065108,0.1320015254267099,0.06600076232065108,4.768371630881063e-08,true,true,true,true
joint-cf6627a357352367472b,16,FIT,0,0,0.1320015236735344,0.13200153033032078,-0.0660007618367672,-0.06600076009175536,0.13200153033032078,-4.901623412711942e-10,-4.873615400136089e-11,-0.06600076009175536,0.13200153033032078,-0.06600076009175536,4.768371630881063e-08,true,true,true,true
joint-f148b27bb8c33da11cfb,17,FIT,0,0,-0.0660007618367672,-0.06600075923471913,-0.1320015236735344,-0.13200151653587366,-0.06600075923471913,-1.0240024106433765e-11,3.6687389237677337e-10,-0.13200151653587366,-0.06600075923471913,-0.13200151653587366,1.2885525313421908e-08,true,true,true,true
joint-b0a6408213b275a6eec4,18,TEST,0,0,-0.1320015236735344,-0.13200152178207578,0.0660007618367672,0.0660007620406142,-0.13200152178207578,1.0420373106057035e-09,1.1464005647554565e-09,0.0660007620406142,-0.13200152178207578,0.0660007620406142,4.768371630881063e-08,true,true,true,true
joint-f16075ae76c562b01afa,19,TEST,1,1,0.1320015236735344,0.1320015256314805,0.0660007618367672,0.06600075441878894,0.1320015256314805,-5.182804074799208e-09,2.5451744878335347e-11,0.06600075441878894,0.1320015256314805,0.06600075441878894,1.8694309322775382e-08,true,true,true,true
joint-c2ea4a9b44cf87fa7ef2,20,FIT,0,0,-0.1320015236735344,-0.1320015200766969,-0.0660007618367672,-0.06600076367784495,-0.1320015200766969,-3.509616347541211e-10,-8.735108678048498e-10,-0.06600076367784495,-0.1320015200766969,-0.06600076367784495,4.7683716086766026e-08,true,true,true,true
joint-b0a71ab07fe8076c391e,21,FIT,0,0,0.1320015236735344,0.13200152277494676,0.1320015236735344,0.1320015250266519,0.13200152277494676,-1.6271147207369552e-09,-1.535295710008988e-10,0.1320015250266519,0.13200152277494676,0.1320015250266519,4.7683716086766026e-08,true,true,true,true
joint-db0a8a1725275c3b1c5b,22,FIT,1,1,0.1320015236735344,0.13200152276362664,-0.0660007618367672,-0.06600076295398544,0.13200152276362664,3.728978723027687e-10,3.560440609007287e-09,-0.06600076295398544,0.13200152276362664,-0.06600076295398544,1.0407711970028544e-08,true,true,true,true
joint-e4923da1fb3a28858326,23,FIT,0,0,-0.1320015236735344,-0.13200153083405575,0.0660007618367672,0.06600077569068014,-0.13200153083405575,1.1879259242952855e-09,-4.5499881987098867e-10,0.06600077569068014,-0.13200153083405575,0.06600077569068014,6.5158122231068205e-09,true,true,true,true
joint-6c84dffefac07a85efd4,24,TEST,1,1,0.1320015236735344,0.13200152097986256,-0.1320015236735344,-0.13200152139568366,0.13200152097986256,-3.2985247866434975e-10,1.776676541997979e-09,-0.13200152139568366,0.13200152097986256,-0.13200152139568366,4.7683716086766026e-08,true,true,true,true
joint-7ef8ece57527c222c1af,25,FIT,1,1,-0.1320015236735344,-0.1320015245596623,0.1320015236735344,0.13200151716264466,-0.1320015245596623,-1.7789623246722286e-10,-1.6311859640794069e-09,0.13200151716264466,-0.1320015245596623,0.13200151716264466,4.7683716086766026e-08,true,true,true,true
joint-833d104163b62dd556c2,26,FIT,1,1,-0.1320015236735344,-0.1320015232134386,-0.1320015236735344,-0.13200152907776744,-0.1320015232134386,-5.613556494643568e-10,3.4403280224637456e-09,-0.13200152907776744,-0.1320015232134386,-0.13200152907776744,4.7683716086766026e-08,true,true,true,true
joint-530af393a720d348afb0,27,TEST,1,1,0.0660007618367672,0.06600076572392186,0.0660007618367672,0.06600076184315215,0.06600076572392186,3.7891398352307704e-10,-1.3282517585810893e-09,0.06600076184315215,0.06600076572392186,0.06600076184315215,4.768371542063221e-08,true,true,true,true
joint-e7bcfef94d65370279e3,28,FIT,1,1,-0.1320015236735344,-0.1320015303227634,-0.0660007618367672,-0.06600076704674385,-0.1320015303227634,-7.445150829177294e-09,5.629353580505203e-11,-0.06600076704674385,-0.1320015303227634,-0.06600076704674385,1.4209768250950106e-08,true,true,true,true
joint-d0bd8d08f7dd3c7e45c2,29,FIT,0,0,0.0660007618367672,0.06600076109288214,-0.0660007618367672,-0.06600076225656734,0.06600076109288214,1.0703159677993845e-09,1.4912891269092121e-09,-0.06600076225656734,0.06600076109288214,-0.06600076225656734,4.768371630881063e-08,true,true,true,true
joint-83a5e1f4dfdd8f5e7da3,30,FIT,0,0,0.1320015236735344,0.13200152564429748,0.1320015236735344,0.13200152881575458,0.13200152564429748,-5.288592647145762e-09,-7.814656560745092e-11,0.13200152881575458,0.13200152564429748,0.13200152881575458,2.3225937395565666e-08,true,true,true,true
joint-f998105a47e951f2a97d,31,FIT,0,0,0.1320015236735344,0.13200152908542256,-0.1320015236735344,-0.1320015251285403,0.13200152908542256,1.5252263341203331e-09,5.69010796813707e-10,-0.1320015251285403,0.13200152908542256,-0.1320015251285403,1.1597368676508069e-08,true,true,true,true
joint-80d1f2a25e244db7f1c7,32,FIT,1,1,-0.1320015236735344,-0.13200152516743519,0.1320015236735344,0.1320015238678683,-0.13200152516743519,-6.511188643809618e-09,-3.7631371629931465e-10,0.1320015238678683,-0.13200152516743519,0.1320015238678683,2.8818422648235753e-08,true,true,true,true
joint-66b0d86cfbc4d904308f,33,TEST,0,0,-0.0660007618367672,-0.06600076005097427,0.0660007618367672,0.06600076219250227,-0.06600076005097427,-2.030584728140994e-10,-4.49381261369286e-10,0.06600076219250227,-0.06600076005097427,0.06600076219250227,4.768371542063221e-08,true,true,true,true
joint-05051f403c8ec1eda9cd,34,FIT,1,1,-0.0660007618367672,-0.06600076149969672,-0.0660007618367672,-0.06600076486276546,-0.06600076149969672,3.267630055425741e-10,3.6898317457012553e-09,-0.06600076486276546,-0.06600076149969672,-0.06600076486276546,4.7683716530855236e-08,true,true,true,true
joint-580b3a6e663be0dd5559,35,FIT,0,0,0.0660007618367672,0.06600075927364635,0.1320015236735344,0.13200152089056733,0.06600075927364635,1.6873812971884838e-09,-3.279466628813843e-10,0.13200152089056733,0.06600075927364635,0.13200152089056733,4.768371630881063e-08,true,true,true,true
joint-5965c08bd51a7b16d38d,36,FIT,1,1,0.0660007618367672,0.06600075951195894,-0.1320015236735344,-0.1320015225330371,0.06600075951195894,3.9543923691098826e-10,-8.963407793771694e-11,-0.1320015225330371,0.06600075951195894,-0.1320015225330371,4.7683716086766026e-08,true,true,true,true
joint-cb84ae0ab47be6c0b097,37,TEST,0,0,-0.0660007618367672,-0.06600076107846978,0.1320015236735344,0.13200152431780282,-0.06600076107846978,1.3893264871889244e-09,-1.4768767667150406e-09,0.13200152431780282,-0.06600076107846978,0.13200152431780282,4.7683715198587606e-08,true,true,true,true
joint-611e769e4b5527d66e35,38,FIT,1,1,-0.1320015236735344,-0.13200151686628436,-0.1320015236735344,-0.13200152116387176,-0.13200151686628436,-9.804058259677007e-11,2.3369016721730418e-09,-0.13200152116387176,-0.13200151686628436,-0.13200152116387176,5.5260628295528136e-09,true,true,true,true
joint-62548d3993d492016d57,39,FIT,1,1,-0.0660007618367672,-0.06600076174764163,-0.1320015236735344,-0.13200152410737884,-0.06600076174764163,2.1808135852730004e-10,6.47919107255035e-10,-0.13200152410737884,-0.06600076174764163,-0.13200152410737884,4.768371630881063e-08,true,true,true,true
joint-d45497e7069c3b55bb7a,40,FIT,0,0,0.0660007618367672,0.06600076332820809,0.0660007618367672,0.06600077152829026,0.06600076332820809,-2.9744639529205585e-09,1.324770154687016e-12,0.06600077152829026,0.06600076332820809,0.06600077152829026,2.0719494453480536e-08,true,true,true,true
joint-c6edb693a98f81758d5c,41,FIT,1,1,0.0660007618367672,0.06600076351970771,-0.0660007618367672,-0.06600076351545486,0.06600076351970771,-3.913861845727951e-09,1.9282439533974127e-10,-0.06600076351545486,0.06600076351970771,-0.06600076351545486,1.4734279685235663e-08,true,true,true,true
joint-ffaa6032d96cf2336e34,42,FIT,1,1,-0.0660007618367672,-0.06600076308174087,0.0660007618367672,0.06600076070568747,-0.06600076308174087,1.1040944547513476e-09,-2.2051883930007676e-10,0.06600076070568747,-0.06600076308174087,0.06600076070568747,6.298745303112696e-09,true,true,true,true
joint-bd7b1bc3eac5c32be6ce,43,TEST,0,0,-0.0660007618367672,-0.06600076414286635,-0.0660007618367672,-0.06600076265254495,-0.06600076414286635,-2.569842116884047e-10,2.909307267318084e-09,-0.06600076265254495,-0.06600076414286635,-0.06600076265254495,2.909307267318084e-09,true,true,true,true
joint-305e0e907a8c46c86ae4,44,FIT,0,0,0.0660007618367672,0.06600076219251205,0.1320015236735344,0.13200151662074616,0.06600076219251205,-2.5824398730556197e-09,-2.0304868203480098e-10,0.13200151662074616,0.06600076219251205,0.13200151662074616,1.3489625860785281e-08,true,true,true,true
joint-6007892bb720a53fd832,45,FIT,1,1,0.0660007618367672,0.06600076545012193,-0.1320015236735344,-0.13200152548216332,0.06600076545012193,2.4028075189252984e-10,-1.6020516857562228e-09,-0.13200152548216332,0.06600076545012193,-0.13200152548216332,2.8974808774506755e-08,true,true,true,true
joint-694b7be80cbc76419f6d,46,FIT,1,1,-0.0660007618367672,-0.06600076128476277,0.1320015236735344,0.13200152094312564,-0.06600076128476277,1.7399396090578279e-09,1.7947539288076797e-10,0.13200152094312564,-0.06600076128476277,0.13200152094312564,1.5934051078581035e-08,true,true,true,true
joint-8d4856e0449f79be4df6,47,FIT,0,0,-0.0660007618367672,-0.0660007659147005,-0.1320015236735344,-0.1320015311206384,-0.0660007659147005,1.8974110130298705e-10,-6.3131074812261545e-09,-0.1320015311206384,-0.0660007659147005,-0.1320015311206384,1.7548607678108397e-08,true,true,true,true
joint-9538029c12ef88b81578,48,FIT,1,1,0.1320015236735344,0.13200152038283558,0.0660007618367672,0.06600076012240477,0.13200152038283558,5.20811754833872e-10,1.1796495447136124e-09,0.06600076012240477,0.13200152038283558,0.06600076012240477,4.768371542063221e-08,true,true,true,true
joint-f42e2b2aa0bcf1904b2c,49,TEST,1,1,0.1320015236735344,0.13200152437329982,0.0660007618367672,0.06600076441852704,0.13200152437329982,-2.6336465785981034e-09,-4.178216661543388e-10,0.06600076441852704,0.13200152437329982,0.06600076441852704,1.4156001038045929e-08,true,true,true,true
joint-65c9b4aad75781a186cc,50,FIT,1,1,0.1320015236735344,0.13200151816983038,-0.0660007618367672,-0.0660007645359505,0.13200151816983038,6.535779625838067e-10,-1.0333556510477848e-09,-0.0660007645359505,0.13200151816983038,-0.0660007645359505,4.7683716086766026e-08,true,true,true,true
joint-af0f7de8429eea3ce1ac,51,FIT,1,1,0.1320015236735344,0.13200152984970392,-0.0660007618367672,-0.06600077382267913,0.13200152984970392,6.800750795843413e-10,4.0196957568072733e-10,-0.06600077382267913,0.13200152984970392,-0.06600077382267913,1.2757962464249317e-08,true,true,true,true
joint-bc22e513d5c606ba0222,52,FIT,0,0,-0.1320015236735344,-0.1320015210891958,0.0660007618367672,0.06600076260487814,-0.1320015210891958,-7.220051778666914e-10,-2.33646088587669e-11,0.06600076260487814,-0.1320015210891958,0.06600076260487814,4.7683716530855236e-08,true,true,true,true
joint-3cdbbf3ff2931497836b,53,FIT,1,1,-0.1320015236735344,-0.1320015251597569,-0.0660007618367672,-0.06600076063717686,-0.1320015251597569,8.270613013894312e-10,1.4940097214921622e-09,-0.06600076063717686,-0.1320015251597569,-0.06600076063717686,4.7683715198587606e-08,true,true,true,true
joint-cb21471f9cb71590a0b9,54,FIT,1,1,-0.1320015236735344,-0.1320015279236627,0.0660007618367672,0.0660007649646564,-0.1320015279236627,5.363063382279876e-09,5.927490616397524e-10,0.0660007649646564,-0.1320015279236627,0.0660007649646564,5.363063382279876e-09,true,true,true,true
joint-7c574c556edb849b8445,55,FIT,0,0,0.1320015236735344,0.13200151648911226,0.1320015236735344,0.13200152555043312,0.13200151648911226,-1.1033335078902695e-09,1.0112165341191748e-09,0.13200152555043312,0.13200151648911226,0.13200152555043312,4.7683715198587606e-08,true,true,true,true
joint-0d57be2ba8fd85ccc0c9,56,FIT,0,0,-0.1320015236735344,-0.1320015263710681,-0.0660007618367672,-0.06600076041647768,-0.1320015263710681,-8.148846528110987e-10,-7.16788206567287e-09,-0.06600076041647768,-0.1320015263710681,-0.06600076041647768,2.977935653625252e-08,true,true,true,true
joint-4bbfc5b90e36c22d7080,57,FIT,0,0,0.1320015236735344,0.13200153017879862,-0.1320015236735344,-0.13200152051578334,0.13200153017879862,-1.312597294744755e-09,-2.0025829605696543e-10,-0.13200152051578334,0.13200153017879862,-0.13200152051578334,4.7683716086766026e-08,true,true,true,true
joint-0cc5980f554a68da719e,58,TEST,0,0,0.1320015236735344,0.13200151747589328,0.1320015236735344,0.13200151296707072,0.13200151747589328,-6.236115318580815e-09,1.3535240983575392e-10,0.13200151296707072,0.13200151747589328,0.13200151296707072,8.28892743331977e-09,true,true,true,true
joint-360fab768d4aa2cb8264,59,FIT,1,1,0.1320015236735344,0.13200152357992542,-0.1320015236735344,-0.13200152818345406,0.13200152357992542,3.329577065447342e-10,-3.0738412093445078e-09,-0.13200152818345406,0.13200152357992542,-0.13200152818345406,1.0994301136157958e-08,true,true,true,true
joint-a4ed1defa84be7bd13db,60,FIT,0,0,-0.1320015236735344,-0.13200152393932527,0.1320015236735344,0.13200152067282322,-0.13200152393932527,1.4696371827827015e-09,-1.0108489392757214e-09,0.13200152067282322,-0.13200152393932527,0.13200152067282322,4.768371630881063e-08,true,true,true,true
joint-8c20360270ad2235e33f,61,FIT,0,0,-0.1320015236735344,-0.13200152704393092,-0.1320015236735344,-0.13200151986974476,-0.13200152704393092,-6.665587248821936e-10,-3.901643036430258e-10,-0.13200151986974476,-0.13200152704393092,-0.13200151986974476,4.7683716086766026e-08,true,true,true,true
joint-6a40cd9b53aac496d01f,62,FIT,0,0,0.0660007618367672,0.06600075919038234,0.0660007618367672,0.06600076167129663,0.06600075919038234,-1.6555866816370113e-09,-4.112106696818607e-10,0.06600076167129663,0.06600075919038234,0.06600076167129663,4.768371630881063e-08,true,true,true,true
joint-c0f66b3dba41ce6397c6,63,FIT,1,1,-0.1320015236735344,-0.1320015171031033,0.1320015236735344,0.13200152391033088,-0.1320015171031033,-2.743435756347168e-09,-2.2822367953811984e-10,0.13200152391033088,-0.1320015171031033,0.13200152391033088,7.677557811724967e-09,true,true,true,true
joint-a5491c0238291db8a9ad,64,FIT,0,0,-0.1320015236735344,-0.13200152308870303,-0.1320015236735344,-0.13200152351314176,-0.13200152308870303,-5.84665427183495e-10,-1.6022670343285306e-10,-0.13200152351314176,-0.13200152308870303,-0.13200152351314176,1.6081519005339828e-08,true,true,true,true
joint-33bc1c98b5af0a067ab2,65,FIT,0,0,0.0660007618367672,0.06600076436743384,-0.0660007618367672,-0.0660007587515568,0.06600076436743384,8.500362219665547e-10,-8.220946284831498e-10,-0.0660007587515568,0.06600076436743384,-0.0660007587515568,4.7683716530855236e-08,true,true,true,true
joint-2e69b89fce20c182a1d9,66,FIT,1,1,0.0660007618367672,0.0660007617030959,0.0660007618367672,0.06600075826553997,0.0660007617030959,6.114527550948878e-09,-2.2680355163395838e-10,0.06600075826553997,0.0660007617030959,0.06600075826553997,2.5656899271808697e-08,true,true,true,true
joint-73a8df9511c5035be12f,67,FIT,0,0,-0.0660007618367672,-0.06600076223246601,0.0660007618367672,0.06600076189060464,-0.06600076223246601,-3.0660931849002537e-09,-7.682278355125582e-10,0.06600076189060464,-0.06600076223246601,0.06600076189060464,4.768371630881063e-08,true,true,true,true
joint-c71196ce6b27a5f15741,68,TEST,1,1,-0.0660007618367672,-0.06600076184874794,-0.0660007618367672,-0.06600076409926477,-0.06600076184874794,1.5894112762038226e-10,-2.945646851437722e-09,-0.06600076409926477,-0.06600076184874794,-0.06600076409926477,4.768371542063221e-08,true,true,true,true
joint-5d965f70adb767147e97,69,FIT,1,1,0.0660007618367672,0.06600076393719598,-0.0660007618367672,-0.06600075163122326,0.06600076393719598,-6.930791440762363e-09,6.103126545808912e-10,-0.06600075163122326,0.06600076393719598,-0.06600075163122326,6.930791440762363e-09,true,true,true,true
joint-155c17779de13d3bf4fd,70,FIT,1,1,0.0660007618367672,0.06600076379602324,0.1320015236735344,0.13200152730658965,0.06600076379602324,-2.784995498106291e-10,-3.2561503771066924e-09,0.13200152730658965,0.06600076379602324,0.13200152730658965,4.7683716530855236e-08,true,true,true,true
joint-76f4c4faae306b50a72b,71,FIT,1,1,0.0660007618367672,0.06600076843469856,-0.1320015236735344,-0.13200152279616667,0.06600076843469856,1.3230967710331498e-10,1.382524941750951e-09,-0.13200152279616667,0.06600076843469856,-0.13200152279616667,4.768371630881063e-08,true,true,true,true
joint-840136ffaced80ff4ec7,72,FIT,0,0,-0.0660007618367672,-0.06600076228077562,0.0660007618367672,0.06600075846964515,-0.06600076228077562,-2.00625301094437e-10,-2.679182597997709e-09,0.06600075846964515,-0.06600076228077562,0.06600075846964515,1.205160238271219e-08,true,true,true,true
joint-89aeb98bf84c5ad5c049,73,FIT,0,0,-0.0660007618367672,-0.06600076152355377,-0.0660007618367672,-0.06600075989629767,-0.06600076152355377,-2.947046495727079e-10,-1.921960757211849e-09,-0.06600075989629767,-0.06600076152355377,-0.06600075989629767,4.014699128696009e-09,true,true,true,true
joint-99491f27a241c7833ed7,74,FIT,1,1,-0.0660007618367672,-0.06600076193965633,0.1320015236735344,0.13200152270714743,-0.06600076193965633,-2.213289065911006e-10,-1.4067407377860164e-09,0.13200152270714743,-0.06600076193965633,0.13200152270714743,4.768371630881063e-08,true,true,true,true
joint-99652bb12b05dbbc7986,75,FIT,0,0,-0.0660007618367672,-0.06600076084085343,-0.1320015236735344,-0.13200151749538735,-0.06600076084085343,1.7077986802505052e-09,6.233847257841596e-10,-0.13200151749538735,-0.06600076084085343,-0.13200151749538735,4.7683716530855236e-08,true,true,true,true
joint-f45479b881df4d9674ef,76,FIT,0,0,0.0660007618367672,0.06600076726957521,0.1320015236735344,0.1320015294874407,0.06600076726957521,3.970635625849539e-11,-7.2331790001989305e-09,0.1320015294874407,0.06600076726957521,0.1320015294874407,7.2331790001989305e-09,true,true,true,true
joint-da005698561c2c073787,77,FIT,0,0,0.0660007618367672,0.06600076478355171,-0.1320015236735344,-0.13200152659503525,0.06600076478355171,5.873139301282304e-11,5.181958695477107e-09,-0.13200152659503525,0.06600076478355171,-0.13200152659503525,8.655812511193517e-09,true,true,true,true
joint-124fd5859ce3e8897073,78,FIT,0,0,-0.0660007618367672,-0.06600076548736003,0.1320015236735344,0.13200151707234942,-0.06600076548736003,-2.681914829105736e-10,1.564813584264968e-09,0.13200151707234942,-0.06600076548736003,0.13200151707234942,2.361518902649351e-08,true,true,true,true
joint-bc0cf8341824c89c532a,79,FIT,1,1,0.1320015236735344,0.1320015267848929,0.0660007618367672,0.06600076204046146,0.1320015267848929,5.762232913042453e-10,1.311262626257914e-10,0.06600076204046146,0.1320015267848929,0.06600076204046146,4.768371630881063e-08,true,true,true,true
joint-774e57a90d7cc86c6d5b,80,FIT,0,0,0.1320015236735344,0.13200153013871166,-0.0660007618367672,-0.06600076429379817,0.13200153013871166,-9.669148537394534e-10,-2.4034526452387794e-10,-0.06600076429379817,0.13200153013871166,-0.06600076429379817,4.768371630881063e-08,true,true,true,true
joint-cec10698049d9ed7363e,81,FIT,0,0,-0.1320015236735344,-0.1320015234540134,0.0660007618367672,0.06600076166424182,-0.1320015234540134,-7.313189151481048e-10,-5.255370652545999e-10,0.06600076166424182,-0.1320015234540134,0.06600076166424182,4.768371630881063e-08,true,true,true,true
joint-94683249b8d64c768c0f,82,FIT,1,1,-0.1320015236735344,-0.13200152276596575,-0.0660007618367672,-0.06600076122868408,-0.13200152276596575,-2.3010720065497203e-10,1.6251058831961984e-10,-0.06600076122868408,-0.13200152276596575,-0.06600076122868408,4.768371630881063e-08,true,true,true,true
joint-a77eff94aae9f3c640f9,83,FIT,1,1,-0.0660007618367672,-0.06600076367182339,-0.1320015236735344,-0.13200152841284235,-0.06600076367182339,5.691504878502229e-09,-3.4494006956320433e-10,-0.13200152841284235,-0.06600076367182339,-0.13200152841284235,2.0391567101540886e-08,true,true,true,true
joint-8428bc95382fdc70b012,84,FIT,1,1,0.1320015236735344,0.13200152386935457,0.0660007618367672,0.06600076248634844,0.13200152386935457,-8.405348743412144e-10,-6.5097023604909765e-09,0.06600076248634844,0.13200152386935457,0.06600076248634844,6.5097023604909765e-09,true,true,true,true
joint-81d8f1532a9e4a9c981e,85,FIT,1,1,0.1320015236735344,0.1320015273736462,-0.0660007618367672,-0.0660007594248512,0.1320015273736462,1.7674181562732372e-10,-2.1144299158781799e-10,-0.0660007594248512,0.1320015273736462,-0.0660007594248512,2.8276424646200837e-08,true,true,true,true
joint-17654a0b7d1e2b4340a0,86,FIT,0,0,-0.1320015236735344,-0.13200152393462836,0.0660007618367672,0.06600076203828784,-0.13200152393462836,1.0838838160331932e-10,2.7191382756530658e-09,0.06600076203828784,-0.13200152393462836,0.06600076203828784,1.254888359891737e-08,true,true,true,true
joint-2da85313461abe204fa3,87,FIT,0,0,0.1320015236735344,0.13200151670736737,0.1320015236735344,0.13200152684480898,0.13200151670736737,1.91042334729552e-10,2.9814906793435014e-10,0.13200152684480898,0.13200151670736737,0.13200152684480898,4.7683716086766026e-08,true,true,true,true
joint-08a29e94c959b15daf6c,88,TEST,0,0,-0.1320015236735344,-0.13200152196543358,-0.0660007618367672,-0.06600075918982316,-0.13200152196543358,-5.389143645229133e-11,4.688333055113958e-09,-0.06600075918982316,-0.13200152196543358,-0.06600075918982316,5.498524968672314e-09,true,true,true,true
joint-009344968abd7434a0a8,89,TEST,1,1,0.1320015236735344,0.1320015200244066,-0.1320015236735344,-0.13200152356357248,0.1320015200244066,2.962264253336677e-10,8.212205637736503e-10,-0.13200152356357248,0.1320015200244066,-0.13200152356357248,4.7683716530855236e-08,true,true,true,true
joint-b67457ea9f32a341735b,90,FIT,0,0,-0.1320015236735344,-0.13200152340693816,0.1320015236735344,0.13200152554507108,-0.13200152340693816,-1.1086955450934077e-09,-4.78461818775866e-10,0.13200152554507108,-0.13200152340693816,0.13200152554507108,4.768371630881063e-08,true,true,true,true
joint-895ec17019c6c538d604,91,FIT,0,0,-0.1320015236735344,-0.13200152079120125,-0.1320015236735344,-0.1320015210473391,-0.13200152079120125,-1.8441530663659833e-09,-1.5880152332004016e-09,-0.1320015210473391,-0.13200152079120125,-0.1320015210473391,4.7683716530855236e-08,true,true,true,true
joint-0d9b039cb21daac03d2a,92,TEST,1,1,0.0660007618367672,0.06600076678509942,0.0660007618367672,0.0660007604936908,0.06600076678509942,-3.922479702156423e-11,-2.6707419609195426e-10,0.0660007604936908,0.06600076678509942,0.0660007604936908,4.7683716530855236e-08,true,true,true,true
joint-71f00e7e7530e777e5ac,93,FIT,0,0,0.0660007618367672,0.0660007633647203,-0.0660007618367672,-0.06600076554420742,0.0660007633647203,1.507966189417953e-09,3.783699048520717e-11,-0.06600076554420742,0.0660007633647203,-0.06600076554420742,4.768371542063221e-08,true,true,true,true
joint-96bbd61ef63ebf358d5e,94,TEST,0,0,-0.0660007618367672,-0.06600076233069008,0.0660007618367672,0.06600076139916111,-0.06600076233069008,8.662455197594454e-10,-8.664519171586171e-10,0.06600076139916111,-0.06600076233069008,0.06600076139916111,4.768371630881063e-08,true,true,true,true
joint-649e1ceada321af74325,95,FIT,1,1,0.1320015236735344,0.1320015175515749,0.1320015236735344,0.1320015233138116,0.1320015175515749,4.1106255621592425e-09,2.1103403746725036e-10,0.1320015233138116,0.1320015175515749,0.1320015233138116,1.6335142127843483e-08,true,true,true,true
joint-71226efdc82c7b8eb4e1,96,TEST,1,1,0.1320015236735344,0.13200152682157945,-0.1320015236735344,-0.13200151427869045,0.13200152682157945,4.92449558908703e-09,1.678128330739881e-10,-0.13200151427869045,0.13200152682157945,-0.13200151427869045,2.2953566825023586e-08,true,true,true,true
joint-49572c728db1c7769cb1,97,FIT,0,0,-0.1320015236735344,-0.1320015273722836,0.1320015236735344,0.13200152784221925,-0.1320015273722836,-2.0853123394726225e-10,6.7320636287782065e-09,0.13200152784221925,-0.1320015273722836,0.13200152784221925,1.7953739384068967e-08,true,true,true,true
joint-13c8eecfc8decbf69a66,98,FIT,1,1,-0.0660007618367672,-0.06600076182984188,-0.0660007618367672,-0.06600076484513119,-0.06600076182984188,3.4439727111812424e-10,1.9335988921120872e-09,-0.06600076484513119,-0.06600076182984188,-0.06600076484513119,4.7683716086766026e-08,true,true,true,true
joint-721692c7bef65226a061,99,FIT,1,1,0.0660007618367672,0.06600075869604632,0.1320015236735344,0.13200152269152474,0.06600075869604632,-2.36951590293355e-10,-9.0554669318621e-10,0.13200152269152474,0.06600075869604632,0.13200152269152474,4.768371630881063e-08,true,true,true,true
joint-5335db4d05e40593483a,100,FIT,0,0,-0.1320015236735344,-0.1320015297684862,-0.1320015236735344,-0.13200152519248584,-0.1320015297684862,-5.989299806108406e-09,-8.792120503864354e-11,-0.13200152519248584,-0.1320015297684862,-0.13200152519248584,1.8023468495442785e-08,true,true,true,true
joint-c10c7fe56edfef5d1310,101,FIT,0,0,0.0660007618367672,0.06600076025656262,0.0660007618367672,0.06600076110818118,0.06600076025656262,1.5065881597831066e-09,1.4685329341457276e-11,0.06600076110818118,0.06600076025656262,0.06600076110818118,1.6451353501700794e-08,true,true,true,true
joint-2b6a5ce6c26b3991652e,102,TEST,0,0,0.0660007618367672,0.0660007633354123,-0.1320015236735344,-0.1320015307696507,0.0660007633354123,-3.9059379342010203e-10,8.528990014244897e-12,-0.1320015307696507,0.0660007633354123,-0.1320015307696507,4.7683716530855236e-08,true,true,true,true
joint-6b2aba9f732ff6714393,103,FIT,1,1,0.0660007618367672,0.06600075673891376,-0.0660007618367672,-0.06600076170464805,0.06600075673891376,2.2525139739548727e-10,-2.8626792603070328e-09,-0.06600076170464805,0.06600075673891376,-0.06600076170464805,2.952156552549212e-08,true,true,true,true
joint-f6a319ecfea0e4466945,104,FIT,0,0,-0.0660007618367672,-0.06600075847825526,0.0660007618367672,0.06600076364598571,-0.06600075847825526,3.191024007531684e-10,1.1233377561481461e-09,0.06600076364598571,-0.06600075847825526,0.06600076364598571,6.226490545380159e-09,true,true,true,true
joint-85dabe4b0c97c3139ab4,105,FIT,0,0,-0.0660007618367672,-0.0660007610038818,-0.0660007618367672,-0.06600076870890373,-0.0660007610038818,5.793850482715968e-09,4.60356371079218e-10,-0.06600076870890373,-0.0660007610038818,-0.06600076870890373,2.798621767663434e-08,true,true,true,true
joint-057102b60e7a37dcc087,106,FIT,0,0,0.0660007618367672,0.06600075835418748,0.1320015236735344,0.13200151764471274,0.06600075835418748,-1.6148943987603914e-10,-1.2474055399724904e-09,0.13200151764471274,0.06600075835418748,0.13200151764471274,1.2474055399724904e-09,true,true,true,true
joint-18ed828e24c4af47647d,107,FIT,1,1,-0.0660007618367672,-0.0660007613236633,0.1320015236735344,0.13200152623954514,-0.0660007613236633,-4.1422148350234167e-10,-1.722070278042942e-09,0.13200152623954514,-0.0660007613236633,0.13200152623954514,4.7683716530855236e-08,true,true,true,true
joint-eac79d47f8d627bfa2e7,108,FIT,0,0,0.0660007618367672,0.06600076498439617,-0.1320015236735344,-0.13200152477674185,0.06600076498439617,1.4379643309414547e-11,5.382803147657711e-09,-0.13200152477674185,0.06600076498439617,-0.13200152477674185,2.3128438608743807e-08,true,true,true,true
joint-8e92556f9d572b385028,109,FIT,1,1,-0.0660007618367672,-0.06600076874595148,0.1320015236735344,0.13200151747944044,-0.06600076874595148,2.248423669470867e-11,5.756802728962285e-09,0.13200151747944044,-0.06600076874595148,0.13200151747944044,1.2835416396406174e-08,true,true,true,true
joint-7c03cc85c9faaa38587d,110,FIT,1,1,-0.0660007618367672,-0.06600075919540518,-0.1320015236735344,-0.1320015165500905,-0.06600075919540518,2.6530955488102137e-09,5.6941860948622747e-11,-0.1320015165500905,-0.06600075919540518,-0.1320015165500905,4.886481219656957e-09,true,true,true,true
joint-c002ceefa18872d90d14,111,FIT,1,1,0.1320015236735344,0.13200152183101677,0.0660007618367672,0.06600076200581703,0.13200152183101677,-3.8974370258904045e-10,-4.8227498661290724e-09,0.06600076200581703,0.13200152183101677,0.06600076200581703,1.092155044180032e-08,true,true,true,true
joint-c45a492c6ab0e2e5bfbe,112,TEST,1,1,0.1320015236735344,0.13200152411257424,-0.0660007618367672,-0.06600075837921224,0.13200152411257424,1.222380779930532e-09,-2.1288596580015806e-10,-0.06600075837921224,0.13200152411257424,-0.06600075837921224,2.7437932259566367e-08,true,true,true,true
joint-757bcb6ed34956f699de,113,FIT,0,0,-0.0660007618367672,-0.06600076049543206,-0.1320015236735344,-0.13200153007825355,-0.06600076049543206,-3.424486902381396e-09,-8.938390444468425e-10,-0.13200153007825355,-0.06600076049543206,-0.13200153007825355,4.7683716530855236e-08,true,true,true,true
joint-ba5b003a04c4b0f1e6bf,114,FIT,0,0,-0.1320015236735344,-0.13200152228921916,0.0660007618367672,0.06600076224189569,-0.13200152228921916,7.776575217111059e-10,4.364547473434399e-09,0.06600076224189569,-0.13200152228921916,0.06600076224189569,5.246369227940306e-09,true,true,true,true
joint-f87eb2d2b3fd84664088,115,FIT,1,1,-0.1320015236735344,-0.13200152458949077,-0.0660007618367672,-0.06600077154847217,-0.13200152458949077,2.9542820412231663e-09,2.0163071906553753e-10,-0.06600077154847217,-0.13200152458949077,-0.06600077154847217,2.2962578394292166e-08,true,true,true,true
joint-3b5b6da93f444a703be6,116,FIT,0,0,0.1320015236735344,0.1320015299516491,0.1320015236735344,0.13200152812563368,0.1320015299516491,-5.978713552012849e-09,-4.274078382882074e-10,0.13200152812563368,0.1320015299516491,0.13200152812563368,1.623120238214426e-08,true,true,true,true
joint-b2b2ebaf8b3253aafde3,117,TEST,0,0,0.1320015236735344,0.13200152815278768,-0.1320015236735344,-0.13200152307200874,0.13200152815278768,-1.435324081811018e-10,1.0203717384915656e-10,-0.13200152307200874,0.13200152815278768,-0.13200152307200874,6.079674735870455e-09,true,true,true,true
joint-58d5f239e12552c3626e,118,TEST,0,0,-0.1320015236735344,-0.1320015289433391,0.1320015236735344,0.13200151665229026,-0.1320015289433391,-2.55089577239076e-09,3.8733967422377447e-11,0.13200151665229026,-0.1320015289433391,0.13200151665229026,2.3283303840493375e-08,true,true,true,true
joint-9ba7837bc1a20be3c9a8,119,FIT,1,1,-0.1320015236735344,-0.13200152264526333,-0.1320015236735344,-0.13200152657506029,-0.13200152264526333,7.870633658701998e-11,-3.442077289861345e-09,-0.13200152657506029,-0.13200152264526333,-0.13200152657506029,1.930743154243686e-08,true,true,true,true
joint-ebc95905e7c4ace2fc1d,120,FIT,0,0,0.1320015236735344,0.132001522642481,0.0660007618367672,0.06600076156906642,0.132001522642481,1.0482825718582944e-10,-2.859953315836883e-10,0.06600076156906642,0.132001522642481,0.06600076156906642,4.768371630881063e-08,true,true,true,true
joint-0d3a9387f4ad0845fd9e,121,FIT,1,1,0.1320015236735344,0.13200152071266627,-0.0660007618367672,-0.06600076529015932,0.13200152071266627,-1.0063085087441692e-10,1.5094802352511039e-09,-0.06600076529015932,0.13200152071266627,-0.06600076529015932,4.768371630881063e-08,true,true,true,true
joint-45c8a6f6c07fa9fe8aba,122,FIT,1,1,0.0660007618367672,0.0660007588652602,0.0660007618367672,0.06600076526862486,0.0660007588652602,-1.7835487531314698e-09,-3.784088667413421e-11,0.06600076526862486,0.0660007588652602,0.06600076526862486,4.581348633792004e-09,true,true,true,true
joint-fc2b76f0772372bf8c3c,123,TEST,1,1,-0.1320015236735344,-0.1320015243941829,0.0660007618367672,0.06600076344120598,-0.1320015243941829,1.1432266244781886e-10,2.2595837423367016e-09,0.06600076344120598,-0.1320015243941829,0.06600076344120598,4.768371630881063e-08,true,true,true,true
joint-d2ecdb3684a4253365b0,124,FIT,1,1,-0.1320015236735344,-0.13200152410541832,-0.0660007618367672,-0.0660007597798016,-0.13200152410541832,-1.7820858677630724e-10,2.5483482962718185e-09,-0.0660007597798016,-0.13200152410541832,-0.0660007597798016,4.768371630881063e-08,true,true,true,true
joint-3339af0e53c2d2e1e19b,125,FIT,0,0,0.1320015236735344,0.1320015282179151,0.1320015236735344,0.132001523433245,0.1320015282179151,5.047686851833433e-10,1.5641484704675968e-09,0.132001523433245,0.1320015282179151,0.132001523433245,4.7683715198587606e-08,true,true,true,true
joint-da0e5b4dfef7f5d88cad,126,FIT,1,1,0.0660007618367672,0.06600075882484066,-0.0660007618367672,-0.06600074867264055,0.06600075882484066,-3.972208728608706e-09,1.545702177363495e-10,-0.06600074867264055,0.06600075882484066,-0.06600074867264055,2.503725193836459e-08,true,true,true,true
joint-fe2aefddb9b7745686ad,127,TEST,1,1,-0.0660007618367672,-0.06600076019696124,0.0660007618367672,0.06600076299741925,-0.06600076019696124,-3.2946406020029073e-10,-5.953682269410621e-10,0.06600076299741925,-0.06600076019696124,0.06600076299741925,2.2771512453445553e-08,true,true,true,true
joint-8b6ff975d45da97a4933,128,TEST,1,1,0.1320015236735344,0.13200152030316387,-0.1320015236735344,-0.132001530005124,0.13200152030316387,3.7393293322862675e-10,1.0999778171649766e-09,-0.132001530005124,0.13200152030316387,-0.132001530005124,4.7683716086766026e-08,true,true,true,true
joint-175e17d0ef9573bac40e,129,TEST,0,0,-0.1320015236735344,-0.1320015215673703,0.1320015236735344,0.1320015218812825,-0.1320015215673703,-1.0471938316491958e-09,-5.015391157936477e-10,0.1320015218812825,-0.1320015215673703,0.1320015218812825,4.7683716086766026e-08,true,true,true,true
joint-79db43cebcf79327dd7e,130,FIT,0,0,-0.1320015236735344,-0.13200152036039473,-0.1320015236735344,-0.13200151628144519,-0.13200152036039473,-8.035494630798112e-10,-2.2588612230700633e-10,-0.13200151628144519,-0.13200152036039473,-0.13200151628144519,4.7683716530855236e-08,true,true,true,true
joint-444f40c561bb06b23a2f,131,FIT,1,1,-0.0660007618367672,-0.06600076488776146,-0.0660007618367672,-0.06600075932980182,-0.06600076488776146,2.7179120759557307e-10,-5.286168447415918e-09,-0.06600075932980182,-0.06600076488776146,-0.06600075932980182,2.7454529427650698e-08,true,true,true,true
joint-a3d06b9cb0966439eddd,132,TEST,1,1,0.0660007618367672,0.06600076338879826,0.1320015236735344,0.13200152250593386,0.06600076338879826,7.028038123690905e-09,6.19149419234244e-11,0.13200152250593386,0.06600076338879826,0.13200152250593386,2.4396508480073464e-08,true,true,true,true
joint-04c90cd2b55e51d7395c,133,TEST,0,0,0.0660007618367672,0.06600076083268133,-0.1320015236735344,-0.1320015256376639,0.06600076083268133,1.0161027297339587e-09,2.9976573480416935e-10,-0.1320015256376639,0.06600076083268133,-0.1320015256376639,1.3786083385980419e-08,true,true,true,true
joint-450fdbe080182e1328d9,134,FIT,1,1,0.0660007618367672,0.06600076679846631,0.0660007618367672,0.06600076325159346,0.06600076679846631,-7.528985074278793e-11,-2.537073051644967e-10,0.06600076325159346,0.06600076679846631,0.06600076325159346,4.7683716086766026e-08,true,true,true,true
joint-7c0a2e9c3a48bd4738ac,135,FIT,1,1,-0.0660007618367672,-0.06600076035838567,0.1320015236735344,0.13200152453418568,-0.06600076035838567,-2.119580955195488e-09,-7.567926632590094e-10,0.13200152453418568,-0.06600076035838567,0.13200152453418568,2.6145297704616155e-08,true,true,true,true
joint-92976233d396cfcdc591,136,FIT,0,0,0.0660007618367672,0.06600076063672333,-0.0660007618367672,-0.06600076045609504,0.06600076063672333,-8.545020316330643e-10,-8.275148274949906e-10,-0.06600076045609504,0.06600076063672333,-0.06600076045609504,4.7683716086766026e-08,true,true,true,true
joint-03d19206c4766692b70a,137,TEST,0,0,-0.0660007618367672,-0.06600076093566556,0.0660007618367672,0.0660007625517536,-0.06600076093566556,1.0875154457523628e-09,5.285726092929544e-10,0.0660007625517536,-0.06600076093566556,0.0660007625517536,4.768371630881063e-08,true,true,true,true
joint-f3533a47857412ee6574,138,TEST,1,1,-0.0660007618367672,-0.06600076188695374,-0.0660007618367672,-0.0660007638539594,-0.06600076188695374,-5.27076077228017e-10,-1.3540381454957284e-09,-0.0660007638539594,-0.06600076188695374,-0.0660007638539594,4.7683716530855236e-08,true,true,true,true
joint-3fa93d9375677d9d91f2,139,FIT,0,0,-0.0660007618367672,-0.06600076012529651,-0.1320015236735344,-0.13200152464140727,-0.06600076012529651,2.0123593624798986e-09,-5.23703490296068e-10,-0.13200152464140727,-0.06600076012529651,-0.13200152464140727,1.0802459926573249e-08,true,true,true,true
joint-19e423cc276169fd1073,140,TEST,1,1,0.1320015236735344,0.13200152289570388,0.0660007618367672,0.06600076192360814,0.13200152289570388,4.5936997608575503e-10,-3.277245141930507e-11,0.06600076192360814,0.13200152289570388,0.06600076192360814,7.202472729339604e-09,true,true,true,true
joint-1870d9cc96027600d7fb,141,FIT,1,1,0.1320015236735344,0.1320015244583734,-0.0660007618367672,-0.0660007627465512,0.1320015244583734,-3.5099045198050405e-10,5.255187368602421e-09,-0.0660007627465512,0.1320015244583734,-0.0660007627465512,1.5356597327098598e-08,true,true,true,true
joint-ff96f3eeddc533681410,142,TEST,0,0,-0.1320015236735344,-0.13200152466907164,0.0660007618367672,0.06600076485061468,-0.13200152466907164,-3.38913778985539e-10,-1.7405953067761715e-09,0.06600076485061468,-0.13200152466907164,0.06600076485061468,1.6281563874898097e-08,true,true,true,true
joint-ee9510bc1d12c519d030,143,FIT,1,1,-0.1320015236735344,-0.13200152078823546,-0.0660007618367672,-0.06600076624256093,-0.13200152078823546,-6.640967914472995e-09,2.7759572418517564e-10,-0.06600076624256093,-0.13200152078823546,-0.06600076624256093,6.640967914472995e-09,true,true,true,true
joint-6101cb3b5777b51a4419,144,FIT,1,1,0.0660007618367672,0.0660007600254382,0.1320015236735344,0.13200152489287,0.0660007600254382,1.0174853667943573e-10,4.238451811744426e-10,0.13200152489287,0.0660007600254382,0.13200152489287,4.7683716530855236e-08,true,true,true,true
joint-3fe13d30127959b75075,145,FIT,0,0,0.0660007618367672,0.06600076504080304,-0.1320015236735344,-0.13200152364849355,0.06600076504080304,-7.200172263965854e-10,-1.4872542780652864e-10,-0.13200152364849355,0.06600076504080304,-0.13200152364849355,4.7683716086766026e-08,true,true,true,true
joint-618cf48f73e24f18c8e7,146,FIT,1,1,0.1320015236735344,0.13200152979096885,0.1320015236735344,0.1320015225763036,0.13200152979096885,-3.521727354183213e-10,3.4323448944162394e-10,0.1320015225763036,0.13200152979096885,0.1320015225763036,1.3881358396083954e-08,true,true,true,true
joint-c4e21270ec4d0d7be262,147,TEST,0,0,-0.0660007618367672,-0.06600076121965978,0.1320015236735344,0.13200152135459647,-0.06600076121965978,-1.5738798667119802e-09,2.4457837838331997e-10,0.13200152135459647,-0.06600076121965978,0.13200152135459647,4.7683716530855236e-08,true,true,true,true
joint-f3c2aa3445150de38445,148,TEST,1,1,-0.0660007618367672,-0.06600076152387441,-0.1320015236735344,-0.13200151678478572,-0.06600076152387441,5.557551571722108e-10,1.8030089088405532e-09,-0.13200151678478572,-0.06600076152387441,-0.13200151678478572,4.7683716530855236e-08,true,true,true,true
joint-06ad35e3e984dee56227,149,FIT,0,0,0.1320015236735344,0.13200151916166247,0.0660007618367672,0.06600076147256308,0.13200151916166247,-1.85432023902532e-09,-4.1523548488520134e-11,0.06600076147256308,0.13200151916166247,0.06600076147256308,4.768371542063221e-08,true,true,true,true
joint-0cc640484a53ed524eff,150,FIT,0,0,0.1320015236735344,0.13200151309856809,-0.1320015236735344,-0.1320015270538758,0.13200151309856809,-4.0010915414168124e-10,-6.104617950031255e-09,-0.1320015270538758,0.13200151309856809,-0.1320015270538758,6.41882869079069e-09,true,true,true,true
joint-78a9802f2772dcf822e0,151,FIT,0,0,0.1320015236735344,0.13200152882981417,-0.0660007618367672,-0.06600076773081658,0.13200152882981417,-6.786429612715139e-10,-1.5492427687946453e-09,-0.06600076773081658,0.13200152882981417,-0.06600076773081658,4.768371542063221e-08,true,true,true,true
joint-fc78c37221100e71d23a,152,FIT,1,1,-0.1320015236735344,-0.1320015252865303,0.1320015236735344,0.13200152719848288,-0.1320015252865303,5.447162443328324e-10,-4.954088389519384e-10,0.13200152719848288,-0.1320015252865303,0.13200152719848288,1.217810163822719e-08,true,true,true,true
joint-2053b62f61925f425698,153,FIT,1,1,-0.1320015236735344,-0.13200153780305598,-0.1320015236735344,-0.13200152095499734,-0.13200153780305598,1.1083385598187334e-10,-3.6987087559392506e-09,-0.13200152095499734,-0.13200153780305598,-0.13200152095499734,2.136029420007901e-08,true,true,true,true
joint-9b1bd063fe31242ee1d4,154,TEST,0,0,-0.1320015236735344,-0.13200152261270856,0.0660007618367672,0.06600076179619696,-0.13200152261270856,3.319587937866686e-10,3.157677799792147e-10,0.06600076179619696,-0.13200152261270856,0.06600076179619696,4.768371630881063e-08,true,true,true,true
joint-c48b1cf61e41234c8569,155,FIT,0,0,-0.1320015236735344,-0.13200152151935662,-0.0660007618367672,-0.06600076426478792,-0.13200152151935662,2.7873856972560063e-09,-4.5352543248666777e-10,-0.06600076426478792,-0.13200152151935662,-0.06600076426478792,4.7683716530855236e-08,true,true,true,true
joint-a87c15a357b9a2134bad,156,FIT,0,0,0.0660007618367672,0.06600076402439528,0.0660007618367672,0.06600077439974622,0.06600076402439528,-1.0300799102580527e-10,6.975119717922418e-10,0.06600077439974622,0.06600076402439528,0.06600077439974622,1.5784356599546356e-08,true,true,true,true
joint-656b689437a3f87f9ede,157,FIT,0,0,0.1320015236735344,0.13200152982488783,0.1320015236735344,0.13200152698258444,0.13200152982488783,3.2881782019433814e-10,-5.541690925592313e-10,0.13200152698258444,0.13200152982488783,0.13200152698258444,4.7683716086766026e-08,true,true,true,true
joint-956b464ca08f16e27fa9,158,FIT,1,1,0.1320015236735344,0.13200152089732406,-0.1320015236735344,-0.13200151937899046,0.13200152089732406,-1.7580442657205708e-10,1.6941380243107318e-09,-0.13200151937899046,0.13200152089732406,-0.13200151937899046,4.7683716086766026e-08,true,true,true,true
joint-3ab08b04fb5849178cbe,159,FIT,0,0,-0.1320015236735344,-0.13200152003128546,0.1320015236735344,0.1320015226979574,-0.13200152003128546,-2.3051892339420732e-10,-8.280994084897131e-10,0.1320015226979574,-0.13200152003128546,0.1320015226979574,4.768371630881063e-08,true,true,true,true
joint-7a98e84731f4c31122a0,160,FIT,1,1,0.0660007618367672,0.06600076033394978,-0.0660007618367672,-0.06600076796158996,0.06600076033394978,6.541164249140863e-09,7.323567655093122e-10,-0.06600076796158996,0.06600076033394978,-0.06600076796158996,1.4501679967970915e-08,true,true,true,true
joint-dc07119105a4b0f17fef,161,TEST,0,0,-0.1320015236735344,-0.13200152464626655,-0.1320015236735344,-0.1320015202264596,-0.13200152464626655,-1.0232735769832857e-09,-1.7177902086884522e-09,-0.1320015202264596,-0.13200152464626655,-0.1320015202264596,4.7683716086766026e-08,true,true,true,true
joint-e62d176dd1f3b78034aa,162,TEST,1,1,0.0660007618367672,0.06600076927520171,0.0660007618367672,0.06600076328439114,0.06600076927520171,-4.2492183383036064e-11,2.223028094938684e-09,0.06600076328439114,0.06600076927520171,0.06600076328439114,4.768371630881063e-08,true,true,true,true
joint-bf25b52523e7d40f6103,163,FIT,1,1,0.0660007618367672,0.06600075797677338,-0.0660007618367672,-0.06600075895852672,0.06600075797677338,6.430662946588228e-10,-1.6248196399448744e-09,-0.06600075895852672,0.06600075797677338,-0.06600075895852672,4.768371630881063e-08,true,true,true,true
joint-5e63077a45b1ff29a41b,164,FIT,0,0,-0.0660007618367672,-0.06600075917764794,0.0660007618367672,0.06600076210179122,-0.06600075917764794,6.375530520186246e-10,4.2394507349108324e-10,0.06600076210179122,-0.06600075917764794,0.06600076210179122,1.019466211449327e-08,true,true,true,true
joint-b94ed642b72480465ba3,165,FIT,0,0,-0.0660007618367672,-0.06600076293472787,0.0660007618367672,0.06600076145965558,-0.06600076293472787,-4.582577373124508e-12,3.921554470043276e-10,0.06600076145965558,-0.06600076293472787,0.06600076145965558,4.7683716530855236e-08,true,true,true,true
joint-2e3b00168b58942d8880,166,FIT,0,0,-0.0660007618367672,-0.06600076062013274,-0.0660007618367672,-0.0660007648376004,-0.06600076062013274,-1.5107170792116875e-09,8.44105417507901e-10,-0.0660007648376004,-0.06600076062013274,-0.0660007648376004,4.7683716086766026e-08,true,true,true,true
joint-d399ad30f6eb085526b3,167,FIT,1,1,-0.0660007618367672,-0.06600076245427258,-0.0660007618367672,-0.06600074793697247,-0.06600076245427258,-3.2365406466006164e-09,8.726107406098471e-10,-0.06600074793697247,-0.06600076245427258,-0.06600074793697247,2.149665623285557e-08,true,true,true,true
joint-1cd023e41f411cc0065a,168,FIT,1,1,0.0660007618367672,0.06600076529013055,0.1320015236735344,0.1320015201960917,0.06600076529013055,-5.483222209612393e-11,5.6885375299131624e-09,0.1320015201960917,0.06600076529013055,0.1320015201960917,2.784192754123893e-08,true,true,true,true
joint-f83c1412ec34731933c4,169,FIT,1,1,0.0660007618367672,0.06600075869002456,0.1320015236735344,0.13200151997463755,0.06600075869002456,7.714515137813294e-10,-9.1156845960505e-10,0.13200151997463755,0.06600075869002456,0.13200151997463755,4.7683716530855236e-08,true,true,true,true
joint-14b7c0f9114bfcfda94f,170,FIT,0,0,0.0660007618367672,0.06600076593384605,-0.1320015236735344,-0.1320015246250487,0.06600076593384605,4.9657472578346074e-11,6.332253027485635e-09,-0.1320015246250487,0.06600076593384605,-0.1320015246250487,2.5773671419315747e-08,true,true,true,true
joint-2a5e7940b97e1dd392af,171,FIT,0,0,-0.0660007618367672,-0.06600076123823245,0.1320015236735344,0.1320015296878269,-0.06600076123823245,-4.416520316130601e-09,2.2600571414344017e-10,0.1320015296878269,-0.06600076123823245,0.1320015296878269,2.737479820602573e-08,true,true,true,true
joint-566fd7faa53f845b2ffe,172,FIT,1,1,0.0660007618367672,0.0660007566398532,-0.1320015236735344,-0.13200152338644833,0.0660007566398532,-4.5797198325314703e-10,-2.96173981173542e-09,-0.13200152338644833,0.0660007566398532,-0.13200152338644833,4.7683715198587606e-08,true,true,true,true
joint-d700b79c377648bb4682,173,FIT,0,0,-0.0660007618367672,-0.06600076310723757,-0.1320015236735344,-0.13200152344182947,-0.06600076310723757,-4.7691860877163705e-11,-3.5056445524261903e-09,-0.13200152344182947,-0.06600076310723757,-0.13200152344182947,1.1697233459617706e-08,true,true,true,true
joint-775d19baec38ba52dfa2,174,FIT,1,1,-0.0660007618367672,-0.06600076153397805,0.1320015236735344,0.13200152445647836,-0.06600076153397805,1.528002037398668e-09,1.7929052686938007e-09,0.13200152445647836,-0.06600076153397805,0.13200152445647836,4.7683716086766026e-08,true,true,true,true
joint-a9c3cd364d5b9c27d48b,175,FIT,1,1,0.1320015236735344,0.1320015199466937,0.0660007618367672,0.06600076871164182,0.1320015199466937,-5.791112395181486e-09,-1.8781490945807278e-10,0.06600076871164182,0.1320015199466937,0.06600076871164182,6.2503953124348754e-09,true,true,true,true
joint-3565746aec321e3121af,176,FIT,1,1,0.1320015236735344,0.1320015249165018,-0.0660007618367672,-0.06600076034059181,0.1320015249165018,1.9232378190014998e-10,1.9880254664705888e-09,-0.06600076034059181,0.1320015249165018,-0.06600076034059181,1.661583748369111e-08,true,true,true,true
joint-79f1dbafe084d2bd04ee,177,FIT,0,0,-0.1320015236735344,-0.13200152359503314,0.0660007618367672,0.06600076116115457,-0.13200152359503314,-3.0308359988406863e-10,-6.665568097474761e-10,0.06600076116115457,-0.13200152359503314,0.06600076116115457,1.3007921184637894e-08,true,true,true,true
joint-693efe479f3ddee1e43d,178,FIT,0,0,-0.1320015236735344,-0.13200152208470345,-0.0660007618367672,-0.06600076334109498,-0.13200152208470345,-1.4211666565788761e-11,4.569063183357258e-09,-0.06600076334109498,-0.13200152208470345,-0.06600076334109498,9.410379253615986e-09,true,true,true,true
joint-7fb044ff7f38057c2332,179,TEST,1,1,-0.0660007618367672,-0.06600076196162837,-0.1320015236735344,-0.13200152517852698,-0.06600076196162837,-3.874054826935591e-10,1.3652549507581213e-09,-0.13200152517852698,-0.06600076196162837,-0.13200152517852698,4.7683715198587606e-08,true,true,true,true
joint-4f2b606514a3224bcbb1,180,FIT,1,1,0.1320015236735344,0.13200152493450007,0.1320015236735344,0.1320015244541297,0.13200152493450007,-3.3699178864088353e-10,-5.444556860911831e-09,0.1320015244541297,0.13200152493450007,0.1320015244541297,9.331247219357408e-09,true,true,true,true
joint-47ca90db10e3343c4d3e,181,FIT,1,1,0.1320015236735344,0.1320015248985686,-0.1320015236735344,-0.13200151823704628,0.1320015248985686,3.481718385822674e-11,5.695382554460338e-09,-0.13200151823704628,0.1320015248985686,-0.13200151823704628,1.5446642520622333e-08,true,true,true,true
joint-403a9cde417c1eddf990,182,FIT,0,0,0.1320015236735344,0.13200152512928742,0.0660007618367672,0.06600076214340375,0.13200152512928742,-2.521569827940162e-10,3.381659327561515e-10,0.06600076214340375,0.13200152512928742,0.06600076214340375,4.7683716086766026e-08,true,true,true,true
joint-f4145759f545cbb6fa5a,183,FIT,0,0,0.1320015236735344,0.13200153072574022,-0.0660007618367672,-0.06600076503478519,0.13200153072574022,-1.7079018685417502e-09,3.466832862453195e-10,-0.06600076503478519,0.13200153072574022,-0.06600076503478519,4.768371542063221e-08,true,true,true,true
joint-7850e53321db2ae286a5,184,FIT,1,1,-0.1320015236735344,-0.13200153797058306,0.1320015236735344,0.13200151676559785,-0.13200153797058306,-1.0928174337676566e-10,-3.866235831484488e-09,0.13200151676559785,-0.13200153797058306,0.13200151676559785,1.7612512892561938e-08,true,true,true,true
joint-bc09f961f63c4225ea71,185,FIT,0,0,-0.1320015236735344,-0.1320015217860057,-0.1320015236735344,-0.1320015248476824,-0.1320015217860057,-5.656092955108605e-11,4.86776094432706e-09,-0.1320015248476824,-0.1320015217860057,-0.1320015248476824,7.3266640532310134e-09,true,true,true,true
joint-7e3c2e82484151408045,186,FIT,0,0,0.0660007618367672,0.06600076141635439,0.0660007618367672,0.06600076274836887,0.06600076141635439,-1.1285315390519024e-10,1.8147613689567521e-09,0.06600076274836887,0.06600076141635439,0.06600076274836887,7.836921778192618e-09,true,true,true,true
joint-edfc17f60b77545bec6e,187,FIT,0,0,-0.1320015236735344,-0.13200152422482186,0.0660007618367672,0.06600076183886608,-0.13200152422482186,3.634256923179535e-09,-1.2963455378600663e-09,0.06600076183886608,-0.13200152422482186,0.06600076183886608,4.768371542063221e-08,true,true,true,true
joint-86e6ae730070eee6983b,188,TEST,1,1,0.0660007618367672,0.06600076317899159,-0.0660007618367672,-0.06600076380828543,0.06600076317899159,-1.5740818370968412e-11,3.577398571819046e-09,-0.06600076380828543,0.06600076317899159,-0.06600076380828543,8.772725101913181e-09,true,true,true,true
joint-50e8a8da0da033601c92,189,FIT,0,0,-0.0660007618367672,-0.06600076082943265,0.0660007618367672,0.06600075257365073,-0.06600076082943265,-7.027942283688304e-09,6.348055206495395e-10,0.06600075257365073,-0.06600076082943265,0.06600075257365073,2.7944356051357033e-08,true,true,true,true
joint-c1906a27e8d56def9abb,190,FIT,1,1,-0.0660007618367672,-0.06600076842999675,-0.0660007618367672,-0.06600076077132427,-0.06600076842999675,6.92913885991242e-10,6.072757463559952e-09,-0.06600076077132427,-0.06600076842999675,-0.06600076077132427,2.6422223631250574e-08,true,true,true,true
joint-425aba0c2a218c74a3b7,191,FIT,0,0,-0.1320015236735344,-0.13200152373604765,-0.0660007618367672,-0.06600075831936214,-0.13200152373604765,1.2822308770310542e-09,-8.07571308436561e-10,-0.06600075831936214,-0.13200152373604765,-0.06600075831936214,4.768371542063221e-08,true,true,true,true
joint-692a52dd8b8830e92c65,192,FIT,1,1,0.1320015236735344,0.13200152114968056,0.1320015236735344,0.1320015204532102,0.13200152114968056,-6.126209886603284e-10,1.946494534998955e-09,0.1320015204532102,0.13200152114968056,0.1320015204532102,4.768371630881063e-08,true,true,true,true
joint-9a206f19112cd83d8451,193,TEST,1,1,0.1320015236735344,0.13200151651882236,-0.1320015236735344,-0.13200151738808075,0.13200151651882236,-4.7539860936751666e-11,-2.6843636757867273e-09,-0.13200151738808075,0.13200151651882236,-0.13200151738808075,4.7683716530855236e-08,true,true,true,true
joint-93380d1a64608ea07da3,194,FIT,0,0,0.0660007618367672,0.06600076159630933,0.1320015236735344,0.13200152720453212,0.06600076159630933,-3.8055709972173446e-10,1.994716308795219e-09,0.13200152720453212,0.06600076159630933,0.13200152720453212,1.923577630513762e-08,true,true,true,true
joint-c013fb121c3237c81aa2,195,FIT,0,0,-0.1320015236735344,-0.13200152311900493,0.1320015236735344,0.13200152242936872,-0.13200152311900493,3.226182682114498e-09,-1.9052859984158843e-10,0.13200152242936872,-0.13200152311900493,0.13200152242936872,4.768371630881063e-08,true,true,true,true
joint-1f9c2adb36f9c7ca4b03,196,FIT,0,0,0.0660007618367672,0.06600075933323835,-0.1320015236735344,-0.13200152794990644,0.06600075933323835,1.0084404492016752e-10,-2.683546718174057e-10,-0.13200152794990644,0.06600075933323835,-0.13200152794990644,2.2217200745799914e-08,true,true,true,true
joint-c928089ce0a7b78263eb,197,FIT,1,1,-0.0660007618367672,-0.06600076012254416,0.1320015236735344,0.1320015222117614,-0.06600076012254416,-7.167149373987769e-10,4.1037143821975874e-10,0.1320015222117614,-0.06600076012254416,0.1320015222117614,2.5054718078010296e-08,true,true,true,true
joint-76c0b71935972b327718,198,FIT,0,0,-0.1320015236735344,-0.13200152266318171,-0.1320015236735344,-0.13200152636766727,-0.13200152266318171,2.8609935254220176e-10,2.652946196057826e-10,-0.13200152636766727,-0.13200152266318171,-0.13200152636766727,4.7683716086766026e-08,true,true,true,true
joint-9d7b4c29e9f65acde1ea,199,FIT,1,1,-0.0660007618367672,-0.06600075644324277,-0.1320015236735344,-0.1320015237898905,-0.06600075644324277,6.990840718812397e-11,3.1583502480003744e-09,-0.1320015237898905,-0.06600075644324277,-0.1320015237898905,2.9737176276967148e-08,true,true,true,true
joint-f8303d5edfe3b5c7f8a8,200,FIT,0,0,0.0660007618367672,0.06600076070665392,0.0660007618367672,0.06600076157721488,0.06600076070665392,-1.7496684379114669e-09,1.1050609108331777e-09,0.06600076157721488,0.06600076070665392,0.06600076157721488,4.768371630881063e-08,true,true,true,true
joint-412c1f6dbd30fda5a573,201,FIT,1,1,0.1320015236735344,0.1320015228909484,0.0660007618367672,0.06600076490746826,0.1320015228909484,5.3058752391699215e-09,-3.752793562017409e-11,0.06600076490746826,0.1320015228909484,0.06600076490746826,7.423390568916943e-09,true,true,true,true
joint-c2867f99a6998e9baf01,202,FIT,0,0,0.1320015236735344,0.1320015262953296,-0.0660007618367672,-0.06600075852723021,0.1320015262953296,1.430402359059446e-10,7.0921435668669375e-09,-0.06600075852723021,0.1320015262953296,-0.06600075852723021,1.2737369492477058e-08,true,true,true,true
joint-d9be6f5c2e8106f0264a,203,TEST,1,1,0.0660007618367672,0.06600075559809737,-0.0660007618367672,-0.06600076038066689,0.06600075559809737,-7.790738748569837e-10,3.4470849508139167e-09,-0.06600076038066689,0.06600075559809737,-0.06600076038066689,4.7683716530855236e-08,true,true,true,true
joint-3b0f418690dc3cfca2e8,204,FIT,0,0,-0.1320015236735344,-0.13200152034056403,0.0660007618367672,0.06600077112646269,-0.13200152034056403,-3.3762915241375424e-09,2.677521399041538e-11,0.06600077112646269,-0.13200152034056403,0.06600077112646269,6.18134798902048e-09,true,true,true,true
joint-7c57914b29e7a3576cf0,205,FIT,1,1,-0.0660007618367672,-0.06600076184213893,0.0660007618367672,0.06600076132670607,-0.06600076184213893,1.7251130524087444e-09,-2.211442085009452e-09,0.06600076132670607,-0.06600076184213893,0.06600076132670607,4.7683716530855236e-08,true,true,true,true
joint-18a1d976d4d4205e64a4,206,FIT,0,0,-0.0660007618367672,-0.06600076271843286,-0.0660007618367672,-0.0660007549019277,-0.06600076271843286,-2.7509152733529163e-09,6.084504636238997e-10,-0.0660007549019277,-0.06600076271843286,-0.0660007549019277,4.768371630881063e-08,true,true,true,true
joint-0c79c937ed5974809a60,207,FIT,1,1,0.0660007618367672,0.06600076624174946,0.1320015236735344,0.13200152242453972,0.06600076624174946,-5.039366146597501e-10,-8.104241583373195e-10,0.13200152242453972,0.06600076624174946,0.13200152242453972,4.7683716530855236e-08,true,true,true,true
joint-1ef7af7f3e7474a06e18,208,FIT,1,1,-0.1320015236735344,-0.132001536072785,-0.0660007618367672,-0.06600076521516829,-0.132001536072785,-2.5639823597600753e-11,-1.9684377738915515e-09,-0.06600076521516829,-0.132001536072785,-0.06600076521516829,5.878746212051311e-09,true,true,true,true
joint-24118f6574434d7bcbf2,209,FIT,0,0,0.1320015236735344,0.13200153063213524,0.1320015236735344,0.13200152410421204,0.13200153063213524,-2.2124814827439998e-10,-3.4722119901520188e-09,0.13200152410421204,0.13200153063213524,0.13200152410421204,2.4183517521869646e-08,true,true,true,true
joint-720cd9a1cf2d847963e7,210,FIT,1,1,0.0660007618367672,0.06600075534663516,-0.1320015236735344,-0.1320015165927292,0.06600075534663516,-1.8351090438906148e-10,3.195622738649817e-09,-0.1320015165927292,0.06600075534663516,-0.1320015165927292,4.768371542063221e-08,true,true,true,true
joint-5c821238949793399553,211,FIT,0,0,0.1320015236735344,0.13200152974164275,-0.1320015236735344,-0.13200152200892137,0.13200152974164275,-2.8057353385069206e-09,2.9390841149723457e-10,-0.13200152200892137,0.13200152974164275,-0.13200152200892137,2.089617068268268e-08,true,true,true,true
joint-875d535da461fbfb46f2,212,FIT,1,1,-0.0660007618367672,-0.06600076207108535,0.1320015236735344,0.132001524645123,-0.06600076207108535,-1.4599849801344433e-10,2.187120540231291e-09,0.132001524645123,-0.06600076207108535,0.132001524645123,4.7683716086766026e-08,true,true,true,true
joint-610be3ca15fe8a03b13b,213,FIT,1,1,-0.0660007618367672,-0.06600076174445921,-0.1320015236735344,-0.13200152149569241,-0.06600076174445921,3.580005736303349e-11,-3.539850051970106e-09,-0.13200152149569241,-0.06600076174445921,-0.13200152149569241,4.7683716530855236e-08,true,true,true,true
joint-a0d5605ed0e447e0fdcd,214,FIT,1,1,-0.1320015236735344,-0.1320015171404464,0.1320015236735344,0.13200152551805425,-0.1320015171404464,2.8440843430344032e-11,2.062739645758427e-09,0.13200152551805425,-0.1320015171404464,0.13200152551805425,2.0261286870493223e-08,true,true,true,true
joint-80ce26955595241f9d0c,215,FIT,1,1,-0.1320015236735344,-0.13200152996667325,-0.1320015236735344,-0.1320015243493381,-0.13200152996667325,-5.1461520600426525e-09,-5.327761495865779e-11,-0.1320015243493381,-0.13200152996667325,-0.1320015243493381,6.213791259312984e-09,true,true,true,true
joint-05fafa54a7f9e52084bf,216,FIT,1,1,0.1320015236735344,0.13200151676391683,0.0660007618367672,0.06600076201499398,0.13200151676391683,8.509452864569056e-11,-2.4392692032915164e-09,0.06600076201499398,0.13200151676391683,0.06600076201499398,4.768371630881063e-08,true,true,true,true
joint-5614de9888a8b2333259,217,FIT,0,0,0.0660007618367672,0.06600076203981817,0.0660007618367672,0.06600076266784359,0.06600076203981817,3.945220192203003e-11,2.438225149559159e-09,0.06600076266784359,0.06600076203981817,0.06600076266784359,7.0270922414295e-09,true,true,true,true
joint-6f8a92fc80c9c4920afe,218,TEST,1,1,0.0660007618367672,0.06600076071815078,-0.0660007618367672,-0.0660007512707089,0.06600076071815078,-6.570277072404096e-09,-7.460873863163187e-10,-0.0660007512707089,0.06600076071815078,-0.0660007512707089,2.912745344918477e-08,true,true,true,true
joint-1d3277c62ffc1c668c2f,219,FIT,1,1,0.1320015236735344,0.1320015297823872,-0.0660007618367672,-0.0660007642396683,0.1320015297823872,1.8537584661748596e-11,3.128620557069084e-09,-0.0660007642396683,0.1320015297823872,-0.0660007642396683,4.7683716530855236e-08,true,true,true,true
joint-1280904b24fb7ac61b6d,220,FIT,1,1,-0.0660007618367672,-0.06600076305723757,0.0660007618367672,0.0660007617218639,-0.06600076305723757,2.1202708755385657e-09,2.696457432338484e-10,0.0660007617218639,-0.06600076305723757,0.0660007617218639,5.197539371115667e-09,true,true,true,true
joint-dea6a5ae97d3406b410a,221,FIT,1,1,-0.0660007618367672,-0.06600076394518459,-0.0660007618367672,-0.06600075601605893,-0.06600076394518459,3.58553409185447e-09,-1.526399839857362e-10,-0.06600075601605893,-0.06600076394518459,-0.06600075601605893,1.340499555801955e-08,true,true,true,true
joint-4505c40e7e9419f2e372,222,FIT,0,0,-0.1320015236735344,-0.13200152253949113,0.0660007618367672,0.06600076268489172,-0.13200152253949113,-6.419915987709857e-10,3.8898521209640435e-10,0.06600076268489172,-0.13200152253949113,0.06600076268489172,4.7683716530855236e-08,true,true,true,true
joint-0376f42fe15bb61b2fe0,223,FIT,1,1,-0.1320015236735344,-0.13200152369424475,-0.0660007618367672,-0.06600076039127489,-0.13200152369424475,-7.896818685071416e-10,-7.657684208961513e-10,-0.06600076039127489,-0.13200152369424475,-0.06600076039127489,4.7683715198587606e-08,true,true,true,true
joint-75a1695e097d7933b2cc,224,FIT,0,0,0.1320015236735344,0.1320015215321108,0.1320015236735344,0.1320015249167616,0.1320015215321108,-1.7370050328646691e-09,4.662796121435164e-10,0.1320015249167616,0.1320015215321108,0.1320015249167616,4.7683716086766026e-08,true,true,true,true
joint-dab00fbc6af67accaa9b,225,FIT,0,0,0.1320015236735344,0.13200153105048235,-0.1320015236735344,-0.13200151995250675,0.13200153105048235,-7.493207027087223e-10,-2.5989715934926494e-10,-0.13200151995250675,0.13200153105048235,-0.13200151995250675,4.7683716530855236e-08,true,true,true,true
joint-2a31fc646bfd539046d7,226,TEST,1,1,0.0660007618367672,0.06600076928407478,0.1320015236735344,0.13200152294679618,0.06600076928407478,1.8319852579384843e-11,-5.218679433038886e-09,0.13200152294679618,0.06600076928407478,0.13200152294679618,1.6001472480375867e-08,true,true,true,true
joint-5f8b6b3a1d192513288d,227,FIT,0,0,0.0660007618367672,0.06600076609074523,-0.1320015236735344,-0.1320015232666645,0.06600076609074523,-3.381881719111135e-10,6.489152215571892e-09,-0.1320015232666645,0.06600076609074523,-0.1320015232666645,2.4179521496137113e-08,true,true,true,true
joint-5b88b787ef75cd293ea6,228,FIT,0,0,-0.1320015236735344,-0.13200152670418952,0.1320015236735344,0.13200152704466733,-0.13200152670418952,3.9090070069747185e-10,-5.042288114820437e-11,0.13200152704466733,-0.13200152670418952,0.13200152704466733,4.768371630881063e-08,true,true,true,true
joint-d2573c2e53e169159900,229,FIT,1,1,-0.0660007618367672,-0.06600076072161047,0.1320015236735344,0.13200152218550232,-0.06600076072161047,-7.429740156439379e-10,7.426276954491939e-10,0.13200152218550232,-0.06600076072161047,0.13200152218550232,2.4990434943639173e-08,true,true,true,true
joint-4716fcd18061b6ea10db,230,FIT,1,1,-0.0660007618367672,-0.06600076201539697,-0.1320015236735344,-0.13200152126573403,-0.06600076201539697,-2.062547993508801e-09,-5.511587991557931e-10,-0.13200152126573403,-0.06600076201539697,-0.13200152126573403,1.020144468899531e-08,true,true,true,true
joint-3a94cc23dae7cd9a64ee,231,FIT,0,0,0.1320015236735344,0.13200152276506538,0.0660007618367672,0.06600076196103562,0.13200152276506538,2.03233610496234e-12,3.561879347024899e-09,0.06600076196103562,0.13200152276506538,0.06600076196103562,3.561879347024899e-09,true,true,true,true
joint-28e17dc2e216c597a62e,232,FIT,0,0,0.1320015236735344,0.13200152699401355,-0.0660007618367672,-0.06600075651061094,0.13200152699401355,3.0909820813995736e-09,3.4024690703793325e-10,-0.06600075651061094,0.13200152699401355,-0.06600075651061094,1.5310666068302226e-08,true,true,true,true
joint-06379cc31826714534d1,233,FIT,0,0,-0.1320015236735344,-0.1320015265209119,0.0660007618367672,0.06600076348146233,-0.1320015265209119,3.879869314715734e-09,1.328547341583608e-10,0.06600076348146233,-0.1320015265209119,0.06600076348146233,4.702698341851885e-09,true,true,true,true
joint-2dbfed1c483ab41fa624,234,FIT,1,1,-0.1320015236735344,-0.13200152536340382,-0.1320015236735344,-0.1320015207761532,-0.13200152536340382,2.8967796911194554e-10,-2.4349274818646904e-09,-0.1320015207761532,-0.13200152536340382,-0.1320015207761532,4.7683715198587606e-08,true,true,true,true
joint-e687af97b928d5dedef7,235,FIT,0,0,-0.1320015236735344,-0.13200152246652472,-0.0660007618367672,-0.06600076530797343,-0.13200152246652472,-1.1844495870216853e-10,-3.2633386826130817e-09,-0.06600076530797343,-0.13200152246652472,-0.06600076530797343,2.511751162614928e-08,true,true,true,true
joint-346aa247852accc715d9,236,FIT,1,1,0.1320015236735344,0.1320015215738335,0.1320015236735344,0.13200152199905243,0.1320015215738335,1.898682600032231e-12,2.3706474561180357e-09,0.13200152199905243,0.1320015215738335,0.13200152199905243,3.649752278178653e-09,true,true,true,true
joint-e8ed568644109d3c68dd,237,TEST,1,1,0.0660007618367672,0.06600076723841686,0.0660007618367672,0.06600076144376216,0.06600076723841686,-2.0476009776615456e-11,1.8624324304994389e-10,0.06600076144376216,0.06600076723841686,0.06600076144376216,4.7683716530855236e-08,true,true,true,true
joint-91fca0d31800445f544f,238,FIT,0,0,0.0660007618367672,0.06600075867723865,-0.0660007618367672,-0.06600076152360104,0.06600075867723865,1.8032822665658976e-09,-9.243543777626151e-10,-0.06600076152360104,0.06600075867723865,-0.06600076152360104,4.7683716530855236e-08,true,true,true,true
joint-5c7d03683ab62b39273a,239,FIT,1,1,0.1320015236735344,0.1320015225884115,-0.1320015236735344,-0.13200151284052608,0.1320015225884115,6.362659954461947e-09,-3.4006483046189473e-10,-0.13200151284052608,0.1320015225884115,-0.13200151284052608,2.9570291548708383e-08,true,true,true,true
joint-c9bd2d03540c98be30a3,240,FIT,0,0,-0.1320015236735344,-0.13200152752668576,0.1320015236735344,0.1320015239677671,-0.13200152752668576,4.764581063021467e-09,-5.8011862674733905e-11,0.1320015239677671,-0.13200152752668576,0.1320015239677671,1.8915995436685762e-08,true,true,true,true
joint-310c46903e1f1c1d5a60,241,TEST,0,0,-0.0660007618367672,-0.06600076186497146,0.0660007618367672,0.06600076159250617,-0.06600076186497146,1.0595905750032664e-09,-4.007332937705499e-10,0.06600076159250617,-0.06600076186497146,0.06600076159250617,4.7683716530855236e-08,true,true,true,true
joint-70fb2312b85b032d3222,242,FIT,1,1,-0.0660007618367672,-0.06600076092651233,-0.0660007618367672,-0.06600076331276106,-0.06600076092651233,1.4122258917836916e-11,-3.1875644623813315e-09,-0.06600076331276106,-0.06600076092651233,-0.06600076331276106,4.768371542063221e-08,true,true,true,true
joint-b6d199d7579ad46327d8,243,FIT,1,1,-0.1320015236735344,-0.13200152765245976,-0.1320015236735344,-0.13200152074477123,-0.13200152765245976,3.2105996333742226e-10,6.451887468728046e-09,-0.13200152074477123,-0.13200152765245976,-0.13200152074477123,6.7909812218047705e-09,true,true,true,true
joint-1285f64b5ffdc41a435d,244,TEST,0,0,0.0660007618367672,0.0660007541838484,0.0660007618367672,0.06600076349458002,0.0660007541838484,1.6769670721505925e-10,-5.4177446140446506e-09,0.06600076349458002,0.0660007541838484,0.06600076349458002,5.4177446140446506e-09,true,true,true,true
joint-f5d4f55c0d7c4e5e6e6d,245,FIT,1,1,0.0660007618367672,0.06600075531003818,0.1320015236735344,0.1320015228905272,0.06600075531003818,-3.794915770516383e-11,3.1590257631997076e-09,0.1320015228905272,0.06600075531003818,0.1320015228905272,4.7683716086766026e-08,true,true,true,true
joint-70524fe1e7c2518c400a,246,TEST,1,1,0.0660007618367672,0.066000767756693,-0.1320015236735344,-0.13200151973237736,0.066000767756693,4.021312553781353e-10,7.045193872734501e-10,-0.13200151973237736,0.066000767756693,-0.13200151973237736,4.768371542063221e-08,true,true,true,true
joint-e88abe4f636306695ac5,247,FIT,1,1,0.0660007618367672,0.0660007594030112,-0.0660007618367672,-0.06600075930355231,0.0660007594030112,2.980407032282528e-10,3.42488190585577e-11,-0.06600075930355231,0.0660007594030112,-0.06600075930355231,4.905282124934018e-09,true,true,true,true
joint-4f1c8d771955af0e273c,248,FIT,0,0,-0.0660007618367672,-0.06600076364819499,0.0660007618367672,0.0660007622892652,-0.06600076364819499,1.0119776544526005e-11,-4.0466019701757006e-09,0.0660007622892652,-0.06600076364819499,0.0660007622892652,1.7579927735766887e-08,true,true,true,true
joint-e4b2785c0097a7bfa532,249,FIT,1,1,-0.0660007618367672,-0.06600076256146475,0.1320015236735344,0.13200152241429866,-0.06600076256146475,-5.141776726613756e-10,2.6280637110964733e-09,0.13200152241429866,-0.06600076256146475,0.13200152241429866,4.768371630881063e-08,true,true,true,true
joint-305af824a0ca507e9fb3,250,FIT,1,1,-0.0660007618367672,-0.0660007611836953,-0.1320015236735344,-0.13200151730722062,-0.0660007611836953,3.332027015412464e-11,2.8054286671519435e-10,-0.13200151730722062,-0.0660007611836953,-0.13200151730722062,4.7683716530855236e-08,true,true,true,true
joint-41ae71c0e6c6d51506eb,251,TEST,0,0,-0.0660007618367672,-0.06600075505390532,-0.0660007618367672,-0.066000761874656,-0.06600075505390532,-4.1041783860329417e-10,4.547687698641667e-09,-0.066000761874656,-0.06600075505390532,-0.066000761874656,8.615487212537687e-09,true,true,true,true
joint-fba114573f41e6bc8b68,252,FIT,0,0,0.0660007618367672,0.06600076509057962,0.1320015236735344,0.13200152021927308,0.06600076509057962,1.0160870478337358e-09,-9.89488421754281e-11,0.13200152021927308,0.06600076509057962,0.13200152021927308,9.870950834489634e-09,true,true,true,true
joint-1ae1624fc948067beeb8,253,FIT,0,0,0.0660007618367672,0.06600077147683134,-0.1320015236735344,-0.13200152453069353,0.06600077147683134,-2.0523333726929494e-10,-3.0259228733786614e-09,-0.13200152453069353,0.06600077147683134,-0.13200152453069353,5.5460078474123264e-09,true,true,true,true
joint-f2a415df92c5dbd9c22b,254,TEST,1,1,0.1320015236735344,0.1320015261794834,0.0660007618367672,0.06600076064010738,0.1320015261794834,-8.241307983269941e-10,-4.74283223805827e-10,0.06600076064010738,0.1320015261794834,0.06600076064010738,4.7683716530855236e-08,true,true,true,true
joint-478aab8729f07caef37a,255,FIT,0,0,-0.0660007618367672,-0.06600076020201892,0.1320015236735344,0.13200152634475087,-0.06600076020201892,-3.090157574270336e-10,6.850154693482935e-09,0.13200152634475087,-0.06600076020201892,0.13200152634475087,2.537435095373297e-08,true,true,true,true
joint-363c9ecc2cab15c83f77,256,FIT,1,1,0.1320015236735344,0.13200152310578608,-0.0660007618367672,-0.0660007647848249,0.13200152310578608,4.047035623289119e-10,-3.5479805482463433e-09,-0.0660007647848249,0.13200152310578608,-0.0660007647848249,4.768371630881063e-08,true,true,true,true
joint-1e77fd59fd4213aa01d9,257,FIT,0,0,-0.1320015236735344,-0.1320015226310285,0.0660007618367672,0.06600076197949922,-0.1320015226310285,5.152610560443804e-10,2.974478580108908e-10,0.06600076197949922,-0.1320015226310285,0.06600076197949922,4.768371542063221e-08,true,true,true,true
joint-6aa1bab12759dee6bb65,258,FIT,1,1,-0.1320015236735344,-0.13200152187321498,-0.0660007618367672,-0.06600075991305138,-0.13200152187321498,-3.114583660424053e-10,-2.6700289479375527e-09,-0.06600075991305138,-0.13200152187321498,-0.06600075991305138,4.768371630881063e-08,true,true,true,true
joint-1649ab5bc6beadac6422,259,FIT,1,1,-0.0660007618367672,-0.06600076389329199,-0.1320015236735344,-0.13200152152103034,-0.06600076389329199,1.0462131161403931e-11,-4.2916989684282925e-09,-0.13200152152103034,-0.06600076389329199,-0.13200152152103034,2.6614229375887533e-08,true,true,true,true
joint-4062662b5fe5c89a6a48,260,FIT,1,1,0.1320015236735344,0.1320015235579202,0.0660007618367672,0.06600076502994498,0.1320015235579202,-2.0222286345461526e-09,6.294438477383313e-10,0.06600076502994498,0.1320015235579202,0.06600076502994498,1.5207073156275897e-08,true,true,true,true
joint-f589ef986b624a5062b1,261,FIT,0,0,0.1320015236735344,0.1320015145448738,-0.0660007618367672,-0.06600076337567805,0.1320015145448738,-4.879472867425072e-11,-4.658312235950035e-09,-0.06600076337567805,0.1320015145448738,-0.06600076337567805,9.3130730904889e-09,true,true,true,true
joint-b907ee49bf2dc0f79eec,262,FIT,0,0,0.1320015236735344,0.13200151844279384,0.1320015236735344,0.13200152334242732,0.13200151844279384,4.1395097072349785e-10,-7.603921867160857e-10,0.13200152334242732,0.13200151844279384,0.13200152334242732,4.768371542063221e-08,true,true,true,true
joint-05f0f9643ecc833a54a1,263,TEST,1,1,0.1320015236735344,0.1320015220727174,-0.1320015236735344,-0.13200151990367093,0.1320015220727174,2.308376753634711e-10,2.86953136252599e-09,-0.13200151990367093,0.1320015220727174,-0.13200151990367093,4.768371630881063e-08,true,true,true,true
joint-00ee71e1f71a6468b4a2,264,FIT,1,1,-0.1320015236735344,-0.13200151062362028,0.0660007618367672,0.06600076019690851,-0.13200151062362028,-3.360070884722566e-10,-6.321595441560746e-09,0.06600076019690851,-0.13200151062362028,0.06600076019690851,2.8307345245615068e-08,true,true,true,true
joint-fd41dd1984bd828e9b4f,265,FIT,0,0,-0.1320015236735344,-0.1320015225625027,0.1320015236735344,0.1320015249353609,-0.1320015225625027,-1.7184057302110922e-09,3.6597364028168045e-10,0.1320015249353609,-0.1320015225625027,0.1320015249353609,4.768371542063221e-08,true,true,true,true
joint-ed7fa0ff2445d6d3bf93,266,FIT,0,0,-0.1320015236735344,-0.13200152174585245,-0.1320015236735344,-0.13200151936371826,-0.13200152174585245,-1.6053221946199514e-10,1.1826238946466283e-09,-0.13200151936371826,-0.13200152174585245,-0.13200151936371826,4.7683716086766026e-08,true,true,true,true
joint-4caebd00591bcee5741a,267,FIT,1,1,0.0660007618367672,0.06600075445573143,0.0660007618367672,0.06600076051067957,0.06600075445573143,9.090865490946065e-10,2.304719012857781e-09,0.06600076051067957,0.06600075445573143,0.06600076051067957,4.7683716086766026e-08,true,true,true,true
joint-6e6ec1a7cda6f5de2e48,268,FIT,0,0,-0.1320015236735344,-0.13200152653383015,-0.0660007618367672,-0.06600076534419361,-0.13200152653383015,-1.5466513486606104e-10,1.1993647741626035e-10,-0.06600076534419361,-0.13200152653383015,-0.06600076534419361,2.302365820217034e-08,true,true,true,true
joint-44952b776b72719bb964,269,FIT,0,0,0.1320015236735344,0.1320015168769158,0.1320015236735344,0.13200152245670552,0.1320015168769158,3.253519481605238e-09,2.0361975994198644e-12,0.13200152245670552,0.1320015168769158,0.13200152245670552,2.857306591330655e-08,true,true,true,true
joint-3fe9a648a60bd2b97172,270,FIT,0,0,0.0660007618367672,0.06600076019044367,-0.0660007618367672,-0.06600076022951232,0.06600076019044367,-6.279193068281508e-10,5.888506487972123e-10,-0.06600076022951232,0.06600076019044367,-0.06600076022951232,4.768371630881063e-08,true,true,true,true
joint-4d1f8f082239d3223c7e,271,FIT,1,1,-0.0660007618367672,-0.06600076194355799,0.0660007618367672,0.06600076359120126,-0.06600076194355799,2.6431794253323204e-10,4.5200275466950046e-10,0.06600076359120126,-0.06600076194355799,0.06600076359120126,4.7683716086766026e-08,true,true,true,true
joint-c6023815ccf300d66a4a,272,FIT,0,0,-0.0660007618367672,-0.06600076137166436,-0.0660007618367672,-0.06600076346591557,-0.06600076137166436,-1.390322648675557e-10,-1.7700713325630169e-09,-0.06600076346591557,-0.06600076137166436,-0.06600076346591557,4.768371630881063e-08,true,true,true,true
joint-6731d5008cdff8444b8a,273,TEST,0,0,0.0660007618367672,0.06600076215220795,0.1320015236735344,0.13200152324829528,0.06600076215220795,3.1981893522381455e-10,-1.1746753708630209e-09,0.13200152324829528,0.06600076215220795,0.13200152324829528,4.7683716086766026e-08,true,true,true,true
joint-b657131900177c9854ed,274,FIT,1,1,0.1320015236735344,0.13200152451771993,-0.1320015236735344,-0.13200153668238943,0.13200152451771993,-2.5780421963883526e-09,-2.7340155139832234e-10,-0.13200153668238943,0.13200152451771993,-0.13200153668238943,2.6000617547872196e-08,true,true,true,true
joint-cd5d57fb2d2fc404ed88,275,TEST,1,1,0.0660007618367672,0.0660007672757226,-0.1320015236735344,-0.13200152502397833,0.0660007672757226,-2.328568379783569e-10,2.23548984878974e-10,-0.13200152502397833,0.0660007672757226,-0.13200152502397833,4.7683716086766026e-08,true,true,true,true
joint-c73f7954cc710bf9d63c,276,TEST,0,0,-0.1320015236735344,-0.1320015267394418,0.1320015236735344,0.13200152507508758,-0.1320015267394418,-1.8169518667399132e-10,-8.567516140978171e-11,0.13200152507508758,-0.1320015267394418,0.13200152507508758,2.0114907850476982e-08,true,true,true,true
joint-8c80649d97868318c9fe,277,TEST,1,1,-0.0660007618367672,-0.06600076243434261,0.1320015236735344,0.13200152350510871,-0.06600076243434261,5.766323737943502e-10,-9.701044412224746e-10,0.13200152350510871,-0.06600076243434261,0.13200152350510871,4.7683716530855236e-08,true,true,true,true
joint-7facb6824636a8caa4ce,278,FIT,0,0,-0.0660007618367672,-0.06600076231141122,-0.1320015236735344,-0.13200152985033062,-0.06600076231141122,5.287263127318198e-10,-8.471730539305611e-10,-0.13200152985033062,-0.06600076231141122,-0.13200152985033062,4.768371630881063e-08,true,true,true,true
joint-497e21aafaff726c866b,279,FIT,1,1,0.1320015236735344,0.13200152064171736,0.0660007618367672,0.06600076090641474,0.13200152064171736,-5.578234332781484e-10,1.4385313218401308e-09,0.06600076090641474,0.13200152064171736,0.06600076090641474,4.7683716530855236e-08,true,true,true,true
joint-e8ffd69e58705acdb563,280,TEST,0,0,-0.1320015236735344,-0.13200152518970285,-0.1320015236735344,-0.13200152095546447,-0.13200152518970285,1.103667227053684e-10,1.4640637868712503e-09,-0.13200152095546447,-0.13200152518970285,-0.13200152095546447,1.2152171158241742e-08,true,true,true,true
joint-353df2de2665ab3af7b8,281,FIT,0,0,0.1320015236735344,0.13200152380244806,-0.0660007618367672,-0.06600075858337628,0.13200152380244806,1.018216733150723e-09,8.739717283212656e-10,-0.06600075858337628,0.13200152380244806,-0.06600075858337628,4.768371542063221e-08,true,true,true,true
joint-cd2f6328500b86484284,282,FIT,0,0,0.0660007618367672,0.06600076209096856,0.0660007618367672,0.06600077440673927,0.06600076209096856,-9.601494599387195e-11,6.267303967466553e-10,0.06600077440673927,0.06600076209096856,0.06600077440673927,1.5015004239948837e-08,true,true,true,true
joint-580641cfd728e47ae305,283,FIT,0,0,0.0660007618367672,0.06600077629146758,-0.0660007618367672,-0.06600076422497425,0.06600077629146758,3.3231639662290036e-11,1.788713371864148e-09,-0.06600076422497425,0.06600077629146758,-0.06600076422497425,2.1625409130088258e-08,true,true,true,true
joint-a02500d7b162c2930faf,284,FIT,0,0,-0.0660007618367672,-0.06600075796545135,0.0660007618367672,0.06600075946756845,-0.06600075796545135,-1.3402456922051442e-10,1.6361416665944262e-09,0.06600075946756845,-0.06600075796545135,0.06600075946756845,2.3409330918156e-08,true,true,true,true
joint-0df70ee411b97e0e3776,285,FIT,0,0,-0.1320015236735344,-0.13200152207937918,0.0660007618367672,0.06600076259682623,-0.13200152207937918,-7.300570842305731e-10,8.490971606378572e-10,0.06600076259682623,-0.13200152207937918,0.06600076259682623,4.7683716530855236e-08,true,true,true,true
joint-2474a6ed6bbe4f7e1b97,286,TEST,1,1,-0.0660007618367672,-0.06600075919021892,-0.0660007618367672,-0.0660007507839176,-0.06600075919021892,-6.08348577069151e-09,4.1137410144997943e-10,-0.0660007507839176,-0.06600075919021892,-0.0660007507839176,7.62625990136101e-09,true,true,true,true
joint-a178972a82c0441f6ed6,287,FIT,0,0,-0.1320015236735344,-0.13200152448253133,-0.0660007618367672,-0.06600076497550036,-0.13200152448253133,-1.6486170484331097e-09,3.085901534305435e-10,-0.06600076497550036,-0.13200152448253133,-0.06600076497550036,4.7683715198587606e-08,true,true,true,true
joint-2d9bbcde2343d4ef668d,288,FIT,0,0,0.0660007618367672,0.06600076309761396,0.1320015236735344,0.13200151912866773,0.06600076309761396,-7.451830819071859e-11,-2.2926935697165085e-10,0.13200151912866773,0.06600076309761396,0.13200151912866773,7.2984156496147534e-09,true,true,true,true
joint-a7dc7681fe191ec3fd16,289,FIT,1,1,0.1320015236735344,0.1320015211658727,0.1320015236735344,0.13200152592470138,0.1320015211658727,-7.290652664915243e-10,1.9626866520905395e-09,0.13200152592470138,0.1320015211658727,0.13200152592470138,4.768371630881063e-08,true,true,true,true
joint-440ea28734671cafee51,290,FIT,0,0,0.1320015236735344,0.13200151887511646,-0.1320015236735344,-0.13200152726265474,0.13200151887511646,-6.088881135402069e-10,-3.28069585386892e-10,-0.13200152726265474,0.13200151887511646,-0.13200152726265474,4.7683716530855236e-08,true,true,true,true
joint-9afc5be38ee8a64ae6ad,291,FIT,0,0,0.0660007618367672,0.0660007612653181,-0.1320015236735344,-0.1320015205390154,0.0660007612653181,6.114751233132765e-09,-1.9892005750921093e-10,-0.1320015205390154,0.0660007612653181,-0.1320015205390154,6.823588694082616e-09,true,true,true,true
joint-1b6c644185589ebc48c8,292,TEST,1,1,-0.1320015236735344,-0.13200152480485078,0.1320015236735344,0.13200152120253617,-0.13200152480485078,-1.72594016856209e-09,-1.876374444709228e-09,0.13200152120253617,-0.13200152480485078,0.13200152120253617,4.7683716530855236e-08,true,true,true,true
joint-a04163deba13f9980bd6,293,FIT,1,1,-0.0660007618367672,-0.06600076322309573,0.1320015236735344,0.13200152713564153,-0.06600076322309573,4.818748976231912e-10,-3.621502708828217e-09,0.13200152713564153,-0.06600076322309573,0.13200152713564153,6.447171241319438e-09,true,true,true,true
joint-a8f5fd716a479052f55b,294,FIT,1,1,-0.0660007618367672,-0.06600076165461356,-0.1320015236735344,-0.1320015251079447,-0.06600076165461356,-5.904758654251552e-09,-1.903753925336371e-10,-0.1320015251079447,-0.06600076165461356,-0.1320015251079447,2.6170737799091626e-08,true,true,true,true
joint-9429754a0abfdf8ba505,295,FIT,0,0,0.1320015236735344,0.13200152123181158,0.0660007618367672,0.0660007654993818,0.13200152123181158,5.8977887851252575e-09,1.6598038915516256e-10,0.0660007654993818,0.13200152123181158,0.0660007654993818,2.2899783957974762e-08,true,true,true,true
joint-dc2aab1bac598e84f6bf,296,FIT,0,0,0.1320015236735344,0.13200152276576893,-0.0660007618367672,-0.06600076084798767,0.13200152276576893,6.2041859427708346e-09,-1.6270740310631027e-10,-0.06600076084798767,0.13200152276576893,-0.06600076084798767,1.402936300465285e-08,true,true,true,true
joint-3083498053d775c7d710,297,FIT,0,0,-0.1320015236735344,-0.13200152534478923,-0.1320015236735344,-0.1320015176895145,-0.13200152534478923,1.5136715075803053e-09,1.3089774056340708e-09,-0.1320015176895145,-0.13200152534478923,-0.1320015176895145,4.768371542063221e-08,true,true,true,true
joint-efe7c8a0a11bb35094e0,298,TEST,0,0,-0.1320015236735344,-0.13200152592891626,0.0660007618367672,0.06600077178101038,-0.13200152592891626,-2.721743830313983e-09,7.248503741674739e-10,0.06600077178101038,-0.13200152592891626,0.06600077178101038,4.093067718091703e-09,true,true,true,true
joint-495f73ea540e9a501f78,299,FIT,1,1,-0.1320015236735344,-0.13200151123493162,-0.0660007618367672,-0.06600076231899688,-0.13200151123493162,-8.547587082574637e-10,-6.932906776446757e-09,-0.06600076231899688,-0.13200151123493162,-0.06600076231899688,8.719900579379214e-09,true,true,true,true
joint-9ea456682d298ae62b43,300,TEST,0,0,0.1320015236735344,0.13200152696790687,0.1320015236735344,0.13200152215548464,0.13200152696790687,2.952298600034098e-09,3.141402346584776e-10,0.13200152215548464,0.13200152696790687,0.13200152215548464,2.3636258394965637e-08,true,true,true,true
joint-5efdf4e373a28c403cbb,301,FIT,1,1,0.0660007618367672,0.06600076276534309,0.0660007618367672,0.06600076027202337,0.06600076276534309,-2.6089221755176695e-10,3.1637500674808194e-09,0.06600076027202337,0.06600076276534309,0.06600076027202337,4.7683716086766026e-08,true,true,true,true
joint-53e62afece2663e2e928,302,FIT,0,0,0.1320015236735344,0.13200151238024774,-0.1320015236735344,-0.13200151956456363,0.13200151238024774,-1.2131639443024866e-11,-6.822938297679215e-09,-0.13200151956456363,0.13200151238024774,-0.13200151956456363,9.286344249126444e-09,true,true,true,true
joint-92a0431c990726a377fa,303,FIT,1,1,-0.1320015236735344,-0.1320015267095158,0.1320015236735344,0.13200152215656058,-0.1320015267095158,2.9533745449228377e-09,-5.57491657005027e-11,0.13200152215656058,-0.1320015267095158,0.13200152215656058,2.9533745449228377e-09,true,true,true,true
joint-dd351e6b5aae3289e66b,304,FIT,1,1,0.0660007618367672,0.06600075890163207,-0.0660007618367672,-0.06600075826556344,0.06600075890163207,1.3360295786357668e-09,-6.999609503122173e-10,-0.06600075826556344,0.06600075890163207,-0.06600075826556344,4.768371630881063e-08,true,true,true,true
joint-baf2f232939d69433bad,305,FIT,1,1,-0.1320015236735344,-0.13200152623693245,-0.1320015236735344,-0.1320015228220474,-0.13200152623693245,1.0642893510937057e-10,-7.033746418638742e-09,-0.1320015228220474,-0.13200152623693245,-0.1320015228220474,2.342915239594845e-08,true,true,true,true
joint-4800783dd3def0a51887,306,FIT,0,0,0.0660007618367672,0.0660007610909468,0.0660007618367672,0.06600076674630259,0.0660007610909468,7.144709573969621e-09,-3.732913630982715e-10,0.06600076674630259,0.0660007610909468,0.06600076674630259,2.614692051761125e-08,true,true,true,true
joint-862ed6283ac1a4faf365,307,FIT,0,0,-0.0660007618367672,-0.06600076088119547,0.0660007618367672,0.06600076163475674,-0.06600076088119547,-1.692126584684761e-09,-1.2796024587147237e-09,0.06600076163475674,-0.06600076088119547,0.06600076163475674,4.768371542063221e-08,true,true,true,true
joint-9605bcb5b316aff37f2c,308,FIT,1,1,0.0660007618367672,0.0660007618684667,-0.0660007618367672,-0.06600076214223129,0.0660007618684667,-6.779931199796252e-10,2.2668736887609953e-09,-0.06600076214223129,0.0660007618684667,-0.06600076214223129,2.717465630297511e-08,true,true,true,true
joint-794791336f68e6b024b7,309,FIT,1,1,-0.0660007618367672,-0.06600076255145104,-0.0660007618367672,-0.06600075818100401,-0.06600076255145104,1.4205890144780575e-09,-2.94985802451464e-09,-0.06600075818100401,-0.06600076255145104,-0.06600075818100401,4.768371630881063e-08,true,true,true,true
joint-49a9e20b0fdb21253953,310,FIT,0,0,-0.0660007618367672,-0.06600075900520788,0.0660007618367672,0.06600076247295197,-0.06600075900520788,-8.539313353650435e-10,-6.854195461203361e-09,0.06600076247295197,-0.06600075900520788,0.06600076247295197,2.39960793457783e-08,true,true,true,true
joint-9a80bb3c3d112088db52,311,FIT,0,0,0.0660007618367672,0.06600076491918402,0.1320015236735344,0.13200152258079964,0.06600076491918402,3.3776136054708417e-09,1.5923007148921364e-09,0.13200152258079964,0.06600076491918402,0.13200152258079964,4.768371630881063e-08,true,true,true,true
joint-f1b227e6484fee2ed5da,312,FIT,1,1,0.0660007618367672,0.06600075809561778,-0.1320015236735344,-0.1320015297817625,0.06600075809561778,5.972944500109989e-10,-1.5059752334067866e-09,-0.1320015297817625,0.06600075809561778,-0.1320015297817625,4.7683716530855236e-08,true,true,true,true
joint-39b92deb442b58e83b21,313,FIT,0,0,-0.0660007618367672,-0.06600076179884355,0.1320015236735344,0.13200152138050422,-0.06600076179884355,-1.5479721116040679e-09,-3.3460538506613346e-10,0.13200152138050422,-0.06600076179884355,0.13200152138050422,4.7683716530855236e-08,true,true,true,true
joint-197231e1ac83e14df39f,314,FIT,0,0,-0.0660007618367672,-0.06600076244524156,-0.0660007618367672,-0.06600076135689614,-0.06600076244524156,5.695277471851057e-09,8.816417665369336e-10,-0.06600076135689614,-0.06600076244524156,-0.06600076135689614,2.3382471736610455e-08,true,true,true,true
joint-1bcd092573cd2fa8ca43,315,FIT,0,0,0.0660007618367672,0.06600076212429852,0.1320015236735344,0.13200152644158086,0.06600076212429852,7.2383948279686194e-09,-2.712622210188087e-10,0.13200152644158086,0.06600076212429852,0.13200152644158086,2.9056104189351117e-08,true,true,true,true
joint-7d924a87e8568d82b71b,316,TEST,1,1,-0.0660007618367672,-0.06600076208157082,-0.1320015236735344,-0.13200152871983936,-0.06600076208157082,-2.0342758727531773e-10,1.2453124920153158e-09,-0.13200152871983936,-0.06600076208157082,-0.13200152871983936,4.7683716530855236e-08,true,true,true,true
joint-f012efad790d4bcb5275,317,TEST,1,1,0.0660007618367672,0.06600076323824877,-0.1320015236735344,-0.13200151536425048,0.06600076323824877,3.838935558331258e-09,-8.863455108754081e-11,-0.13200151536425048,0.06600076323824877,-0.13200151536425048,3.838935558331258e-09,true,true,true,true
joint-99a2122f162a74088f58,318,TEST,0,0,0.1320015236735344,0.1320015282982707,0.0660007618367672,0.0660007617062668,0.1320015282982707,2.4202863324607193e-10,1.644504067643826e-09,0.0660007617062668,0.1320015282982707,0.0660007617062668,4.7683716086766026e-08,true,true,true,true
joint-cf91aa935c526869e2fd,319,FIT,1,1,-0.0660007618367672,-0.06600076983176356,0.1320015236735344,0.13200152754761987,-0.06600076983176356,8.938532414237699e-10,4.670990649824347e-09,0.13200152754761987,-0.06600076983176356,0.13200152754761987,4.670990649824347e-09,true,true,true,true
joint-dfbc460bdf89a9bf5f66,320,FIT,1,1,-0.0660007618367672,-0.06600076201848176,-0.1320015236735344,-0.13200151723139814,-0.06600076201848176,1.9717878996239335e-09,-5.542436024019715e-10,-0.13200151723139814,-0.06600076201848176,-0.13200151723139814,7.326614426261813e-09,true,true,true,true
joint-2de04c92e12a06b576db,321,FIT,0,0,0.1320015236735344,0.13200152917937935,-0.0660007618367672,-0.0660007611741241,0.13200152917937935,-1.5725310775760448e-09,-1.1996775725608977e-09,-0.0660007611741241,0.13200152917937935,-0.0660007611741241,4.7683716086766026e-08,true,true,true,true
joint-29254948a5cc4cf0ca96,322,FIT,1,1,-0.1320015236735344,-0.1320015242302997,0.0660007618367672,0.06600076024675788,-0.1320015242302997,-2.861577017010397e-10,2.4234669132594533e-09,0.06600076024675788,-0.1320015242302997,0.06600076024675788,4.7683716530855236e-08,true,true,true,true
joint-e3cf555c372e8e5d03d6,323,FIT,1,1,-0.1320015236735344,-0.13200152263527756,-0.0660007618367672,-0.06600076521921536,-0.13200152263527756,-2.968689183369122e-11,-3.432091527644232e-09,-0.06600076521921536,-0.13200152263527756,-0.06600076521921536,4.768371542063221e-08,true,true,true,true
joint-7da6a561ba7b4efdd961,324,FIT,0,0,0.1320015236735344,0.13200151990237607,0.1320015236735344,0.1320015255139764,0.13200151990237607,-1.139790241355687e-09,6.991900253217054e-10,0.1320015255139764,0.13200151990237607,0.1320015255139764,4.768371630881063e-08,true,true,true,true
joint-ce884c4d333127e8b6dc,325,TEST,0,0,0.1320015236735344,0.13200152713137567,-0.1320015236735344,-0.1320015201847132,0.13200152713137567,-9.81527158161466e-10,4.776090287150758e-10,-0.1320015201847132,0.13200152713137567,-0.1320015201847132,4.768371630881063e-08,true,true,true,true
joint-3716ca728fb8735d9efc,326,FIT,0,0,-0.1320015236735344,-0.13200152464460924,0.1320015236735344,0.1320015259875925,-0.13200152464460924,-6.661741436264634e-10,-1.7161329093906552e-09,0.1320015259875925,-0.13200152464460924,0.1320015259875925,4.7683716086766026e-08,true,true,true,true
joint-ef5acca229fa562b6b92,327,FIT,0,0,0.1320015236735344,0.13200151794950696,0.0660007618367672,0.0660007610653126,0.13200151794950696,8.528049794120918e-12,-1.2536790772177397e-09,0.0660007610653126,0.13200151794950696,0.0660007610653126,2.296793333300684e-08,true,true,true,true
joint-1286e71c589003b0a8ec,328,FIT,1,1,0.1320015236735344,0.13200152566595244,-0.0660007618367672,-0.06600076486854187,0.13200152566595244,3.209865949427293e-10,6.46276640536847e-09,-0.06600076486854187,0.13200152566595244,-0.06600076486854187,6.830347953901139e-09,true,true,true,true
joint-601b1d337266245918b5,329,FIT,0,0,-0.1320015236735344,-0.1320015222474966,0.0660007618367672,0.06600076009610481,-0.1320015222474966,4.945117926258291e-10,6.809797448159571e-10,0.06600076009610481,-0.1320015222474966,0.06600076009610481,1.1740860228481864e-08,true,true,true,true
joint-9a7ae39c6619b7102abc,330,FIT,1,1,-0.1320015236735344,-0.13200151859684833,-0.0660007618367672,-0.06600076052609335,-0.13200151859684833,6.822244158488644e-12,6.063377022691441e-10,-0.06600076052609335,-0.13200151859684833,-0.06600076052609335,2.0278080770097517e-08,true,true,true,true
joint-1d279fa4b0500ff6f4cf,331,FIT,0,0,-0.1320015236735344,-0.13200152311204433,-0.1320015236735344,-0.13200153060689196,-0.13200152311204433,-2.2783503556000895e-10,-1.8356798719976197e-10,-0.13200153060689196,-0.13200152311204433,-0.13200153060689196,4.7683716530855236e-08,true,true,true,true
joint-ce5171cc8ca01547825a,332,FIT,1,1,0.0660007618367672,0.06600076827402801,0.0660007618367672,0.06600076330948315,0.06600076827402801,-1.7400164642467075e-11,1.2218543954389816e-09,0.06600076330948315,0.06600076827402801,0.06600076330948315,4.768371630881063e-08,true,true,true,true
joint-50af49320c1511a0d6c6,333,TEST,1,1,0.1320015236735344,0.13200152206905696,0.1320015236735344,0.13200152344373328,0.13200152206905696,-3.2100333502427247e-09,7.190319867289574e-11,0.13200152344373328,0.13200152206905696,0.13200152344373328,2.0734381767084642e-08,true,true,true,true
joint-1ccd92b31a001227493e,334,FIT,0,0,0.0660007618367672,0.06600076068883381,-0.0660007618367672,-0.06600076232459835,0.06600076068883381,-2.723005335103501e-09,1.0872407973927523e-09,-0.06600076232459835,0.06600076068883381,-0.06600076232459835,4.768371630881063e-08,true,true,true,true
joint-198fde776686cc90207d,335,FIT,1,1,-0.0660007618367672,-0.0660007618557254,0.0660007618367672,0.06600076051264228,-0.0660007618557254,9.110492568686901e-10,1.4711579177095757e-09,0.06600076051264228,-0.0660007618557254,0.06600076051264228,4.7683716530855236e-08,true,true,true,true
joint-9e388c4e439b219f19af,336,FIT,0,0,-0.0660007618367672,-0.06600076005967521,-0.0660007618367672,-0.0660007628885457,-0.06600076005967521,4.3833762314315905e-10,-4.5808219717446974e-10,-0.0660007628885457,-0.06600076005967521,-0.0660007628885457,4.768371630881063e-08,true,true,true,true
joint-9dfc99210281e0affb67,337,FIT,1,1,0.0660007618367672,0.06600076127555932,0.1320015236735344,0.1320015263301826,0.06600076127555932,-3.2358402762833194e-10,1.6739662989095905e-09,0.1320015263301826,0.06600076127555932,0.1320015263301826,4.768371542063221e-08,true,true,true,true
joint-406577164fc1f2165427,338,FIT,1,1,0.0660007618367672,0.06600076743238145,-0.1320015236735344,-0.1320015164049545,0.06600076743238145,-9.270587561505117e-10,3.802078374359752e-10,-0.1320015164049545,0.06600076743238145,-0.1320015164049545,4.7683716086766026e-08,true,true,true,true
joint-c15be0d76a09d64f8eed,339,FIT,0,0,-0.0660007618367672,-0.06600076056738169,0.1320015236735344,0.13200152113645827,-0.06600076056738169,-1.7920180547803533e-09,-9.657886643199554e-10,0.13200152113645827,-0.06600076056738169,0.13200152113645827,4.7683715198587606e-08,true,true,true,true
joint-40a4077bd46d958f2e0f,340,FIT,1,1,-0.0660007618367672,-0.06600076199281207,-0.1320015236735344,-0.1320015241390863,-0.06600076199281207,-2.792873918244787e-10,-1.459896481481593e-09,-0.1320015241390863,-0.06600076199281207,-0.1320015241390863,4.768371630881063e-08,true,true,true,true
joint-9dd7ce044714bca89d17,341,FIT,1,1,0.1320015236735344,0.1320015227202233,-0.1320015236735344,-0.1320015230827039,0.1320015227202233,-1.542275647470337e-10,3.517037272526835e-09,-0.1320015230827039,0.1320015227202233,-0.1320015230827039,1.2825512984981913e-08,true,true,true,true
joint-2fa186e985606bdff070,342,FIT,1,1,-0.1320015236735344,-0.1320015354157762,0.1320015236735344,0.13200151649650937,-0.1320015354157762,-8.440315182878244e-10,-1.3114289654225786e-09,0.13200151649650937,-0.1320015354157762,0.13200151649650937,2.6725546886652296e-08,true,true,true,true
joint-4664e26abb95085a572a,343,TEST,1,1,-0.1320015236735344,-0.13200152530977752,-0.1320015236735344,-0.13200152819214359,-0.13200152530977752,5.912203643321234e-09,-5.186560347869573e-10,-0.13200152819214359,-0.13200152530977752,-0.13200152819214359,5.912203643321234e-09,true,true,true,true
joint-696fe7fd64818eaf9713,344,FIT,0,0,0.1320015236735344,0.1320015206291238,0.0660007618367672,0.06600076186379163,0.1320015206291238,-8.810150803340022e-10,1.4259377636993698e-09,0.06600076186379163,0.1320015206291238,0.06600076186379163,4.7683716086766026e-08,true,true,true,true
joint-b98d0b52d37b95821f6d,345,FIT,1,1,0.1320015236735344,0.13200151951857592,-0.0660007618367672,-0.06600076330801438,0.13200151951857592,1.8868934192894926e-11,3.153898670005262e-10,-0.06600076330801438,0.13200151951857592,-0.06600076330801438,4.7683715198587606e-08,true,true,true,true
joint-79aa8ba0c5489ddf2497,346,TEST,1,1,0.0660007618367672,0.06600076350736678,0.0660007618367672,0.06600076225626209,0.06600076350736678,-1.3929866288231452e-10,-3.5448068369525743e-09,0.06600076225626209,0.06600076350736678,0.06600076225626209,5.4739911492518445e-09,true,true,true,true
joint-e321accf1e96ef49e9b4,347,FIT,1,1,-0.1320015236735344,-0.13200152252990566,0.0660007618367672,0.06600076076247657,-0.13200152252990566,2.295609813351973e-10,-3.3267196219988193e-09,0.06600076076247657,-0.13200152252990566,0.06600076076247657,4.768371630881063e-08,true,true,true,true
joint-d987f2e8f59153959f0b,348,TEST,0,0,0.0660007618367672,0.06600075917948878,-0.0660007618367672,-0.06600076291105131,0.06600075917948878,4.1411223061782465e-09,4.355705379710528e-11,-0.06600076291105131,0.06600075917948878,-0.06600076291105131,6.5152125916512205e-09,true,true,true,true
joint-279a840db41fa9fb7ff2,349,FIT,1,1,-0.1320015236735344,-0.13200152594911496,-0.0660007618367672,-0.06600076023896093,-0.13200152594911496,2.939546592251041e-10,7.046516703468342e-10,-0.06600076023896093,-0.13200152594911496,-0.06600076023896093,4.7683716530855236e-08,true,true,true,true
joint-cb8130fb1c35fd8e7b18,350,TEST,0,0,0.1320015236735344,0.13200152499595474,0.1320015236735344,0.13200152655745745,0.13200152499595474,-9.630918978986713e-11,2.0483327534126516e-10,0.13200152655745745,0.13200152499595474,0.13200152655745745,4.7683716530855236e-08,true,true,true,true
joint-d18a1d26ca0c2d035ee3,351,TEST,1,1,-0.0660007618367672,-0.06600076309661211,0.0660007618367672,0.06600076543981698,-0.06600076309661211,5.838223959830913e-09,2.3027120835128478e-10,0.06600076543981698,-0.06600076309661211,0.06600076543981698,1.724519949064529e-08,true,true,true,true
joint-29c57422b91dfe99a4ce,352,FIT,1,1,0.1320015236735344,0.13200152607781987,-0.1320015236735344,-0.13200152991119318,0.13200152607781987,4.678637546828845e-10,-5.759467625043868e-10,-0.13200152991119318,0.13200152607781987,-0.13200152991119318,4.7683716530855236e-08,true,true,true,true
joint-77cf43a1261aac0f4624,353,FIT,0,0,-0.1320015236735344,-0.13200152514641167,0.1320015236735344,0.13200152324950154,-0.13200152514641167,3.210252064178576e-10,1.5073549700095334e-09,0.13200152324950154,-0.13200152514641167,0.13200152324950154,4.7683716530855236e-08,true,true,true,true
joint-b79b2963610cae0b3103,354,FIT,1,1,-0.0660007618367672,-0.06600076214980313,-0.0660007618367672,-0.06600076179417814,-0.06600076214980313,-3.2993997464703106e-10,-2.548210115138616e-09,-0.06600076179417814,-0.06600076214980313,-0.06600076179417814,1.9783469418221955e-08,true,true,true,true
joint-78129fecbe3d7fc73940,355,FIT,0,0,-0.1320015236735344,-0.13200152080600383,-0.1320015236735344,-0.13200152590256461,-0.13200152080600383,7.512020172573131e-10,-1.6028177951543654e-09,-0.13200152590256461,-0.13200152080600383,-0.13200152590256461,4.7683715198587606e-08,true,true,true,true
joint-4288251bd7f2cb6d7da5,356,FIT,1,1,0.0660007618367672,0.0660007576510998,0.1320015236735344,0.13200152199535162,0.0660007576510998,-1.8021417691471697e-12,-1.9504932113889595e-09,0.13200152199535162,0.0660007576510998,0.13200152199535162,1.804347515843574e-08,true,true,true,true
joint-b763060de018cc366f41,357,FIT,1,1,0.0660007618367672,0.0660007596938936,0.0660007618367672,0.06600076349362759,0.0660007596938936,1.66744271168362e-10,9.230058384268602e-11,0.06600076349362759,0.0660007596938936,0.06600076349362759,4.7683716530855236e-08,true,true,true,true
joint-e2090bd80b3f891e8680,358,FIT,0,0,0.0660007618367672,0.0660007603562137,-0.1320015236735344,-0.132001524978686,0.0660007603562137,5.400370928221321e-09,7.546206853836779e-10,-0.132001524978686,0.0660007603562137,-0.132001524978686,2.8022385523129856e-08,true,true,true,true
joint-dedb18eee4c5ee12790c,359,FIT,0,0,0.0660007618367672,0.0660007653493891,-0.0660007618367672,-0.06600076409848964,0.0660007653493891,-7.716063205043255e-10,1.5986063861550548e-10,-0.06600076409848964,0.0660007653493891,-0.06600076409848964,4.7683716086766026e-08,true,true,true,true
joint-da2f34f1c087e97b1afb,360,TEST,0,0,-0.0660007618367672,-0.06600076105416275,0.0660007618367672,0.06600076151997981,-0.06600076105416275,5.574164740895782e-11,4.1007542500581806e-10,0.06600076151997981,-0.06600076105416275,0.06600076151997981,4.768371630881063e-08,true,true,true,true
joint-f0e459abee39fb6f6336,361,FIT,1,1,-0.0660007618367672,-0.0660007585137955,0.1320015236735344,0.1320015239685916,-0.0660007585137955,-2.6851750267731234e-09,4.005962228603721e-11,0.1320015239685916,-0.0660007585137955,0.1320015239685916,1.2475731669958634e-08,true,true,true,true
joint-d61e8bcf8b85f15c898a,362,TEST,1,1,-0.0660007618367672,-0.06600076159012963,-0.0660007618367672,-0.06600076408177634,-0.06600076159012963,-7.548930230916184e-10,3.599398834541745e-09,-0.06600076408177634,-0.06600076159012963,-0.06600076408177634,4.7683716086766026e-08,true,true,true,true
joint-4de8fb543630717fe750,363,TEST,1,1,0.0660007618367672,0.0660007650484008,0.1320015236735344,0.13200152263721887,0.0660007650484008,-2.9125745565350414e-10,-2.0037728143407207e-09,0.13200152263721887,0.0660007650484008,0.13200152263721887,4.7683715198587606e-08,true,true,true,true
joint-a68882c760c8d7c885aa,364,FIT,1,1,0.0660007618367672,0.06600076119604006,-0.1320015236735344,-0.13200152206001584,0.06600076119604006,8.684604910214055e-10,1.5944470466155991e-09,-0.13200152206001584,0.06600076119604006,-0.13200152206001584,4.7683716086766026e-08,true,true,true,true
joint-f347d2fa2e3ce9ee3128,365,FIT,1,1,-0.0660007618367672,-0.06600076196204219,0.1320015236735344,0.13200152606656929,-0.06600076196204219,-5.871973463023039e-10,3.227486278234437e-09,0.13200152606656929,-0.06600076196204219,0.13200152606656929,4.768371542063221e-08,true,true,true,true
joint-dc3cf8ce3539277e0726,366,TEST,0,0,-0.0660007618367672,-0.06600076051028153,-0.1320015236735344,-0.13200152498476755,-0.06600076051028153,-1.936460748697133e-10,-9.086885133235967e-10,-0.13200152498476755,-0.06600076051028153,-0.13200152498476755,3.5224097527652987e-09,true,true,true,true
joint-1d8c37a0bc10e3894ecb,367,FIT,0,0,-0.0660007618367672,-0.0660007603592992,-0.1320015236735344,-0.13200153067211223,-0.0660007603592992,-2.930553091862187e-10,-7.577061825192466e-10,-0.13200153067211223,-0.0660007603592992,-0.13200153067211223,4.768371542063221e-08,true,true,true,true
joint-248961fd9a181acc7162,368,FIT,0,0,0.1320015236735344,0.13200152774337476,0.0660007618367672,0.06600076162631419,0.13200152774337476,-1.700569129958751e-09,1.0896081190092666e-09,0.06600076162631419,0.13200152774337476,0.06600076162631419,4.768371542063221e-08,true,true,true,true
joint-afc74f4446a723051311,369,TEST,0,0,0.1320015236735344,0.1320015241250277,0.0660007618367672,0.06600076051268827,0.1320015241250277,-2.0227326757993325e-11,4.921841656457815e-09,0.06600076051268827,0.1320015241250277,0.06600076051268827,4.921841656457815e-09,true,true,true,true
joint-50aeb30a3f455f9f5e3d,370,FIT,0,0,0.1320015236735344,0.13200152756448602,-0.0660007618367672,-0.06600075900107706,0.13200152756448602,6.005159564059781e-10,9.107193818524983e-10,-0.06600075900107706,0.13200152756448602,-0.06600075900107706,4.768371630881063e-08,true,true,true,true
joint-ac0672bf3d1714c8a8a5,371,FIT,1,1,-0.1320015236735344,-0.13200152305684276,0.0660007618367672,0.06600076082599401,-0.13200152305684276,2.930784295807065e-10,-1.2836642859781477e-10,0.06600076082599401,-0.13200152305684276,0.06600076082599401,4.7683716530855236e-08,true,true,true,true
joint-cfe2f84f4e02fa0a3fdd,372,FIT,0,0,0.1320015236735344,0.1320015096446654,-0.0660007618367672,-0.06600076286289053,0.1320015096446654,-1.6684917336640126e-12,5.34264055218614e-09,-0.06600076286289053,0.1320015096446654,-0.06600076286289053,8.801829376459125e-09,true,true,true,true
joint-f00cf466c805959b52b8,373,FIT,1,1,-0.1320015236735344,-0.13200151683224814,0.0660007618367672,0.06600075820196781,-0.13200151683224814,4.6301994183206574e-10,2.3709378904612777e-09,0.06600075820196781,-0.13200151683224814,0.06600075820196781,1.3445055513372495e-08,true,true,true,true
joint-a06fd244d83d42494818,374,FIT,1,1,-0.1320015236735344,-0.13200152311834065,-0.0660007618367672,-0.06600076429853166,-0.13200152311834065,8.909968110537569e-10,-1.8986431871148568e-10,-0.06600076429853166,-0.13200152311834065,-0.06600076429853166,4.7683716086766026e-08,true,true,true,true
joint-d7643a8c1b92966a8cd6,375,FIT,1,1,0.1320015236735344,0.1320015164094074,0.1320015236735344,0.13200152598610018,0.1320015164094074,2.636561177715713e-10,-2.7937786251097663e-09,0.13200152598610018,0.1320015164094074,0.13200152598610018,4.7683716086766026e-08,true,true,true,true
joint-09214945a7d7e4806287,376,FIT,1,1,-0.1320015236735344,-0.13200153532353637,-0.0660007618367672,-0.06600076180328736,-0.13200153532353637,-3.390491880306268e-10,-1.2191891385349152e-09,-0.06600076180328736,-0.13200153532353637,-0.06600076180328736,1.860774845319213e-08,true,true,true,true
joint-33e5bfe4fac1847004c9,377,FIT,1,1,0.1320015236735344,0.1320015190822787,-0.1320015236735344,-0.13200152806370957,0.1320015190822787,-1.409942940178155e-09,-1.2090733969571943e-10,-0.13200152806370957,0.1320015190822787,-0.13200152806370957,4.7683715198587606e-08,true,true,true,true
joint-3a01e36520ea29ff984c,378,FIT,1,1,-0.1320015236735344,-0.13200152256635372,0.1320015236735344,0.13200152060796877,-0.13200152256635372,1.4047827207042118e-09,3.6212262355395097e-10,0.13200152060796877,-0.13200152256635372,0.13200152060796877,4.7683716086766026e-08,true,true,true,true
joint-5d693f2c54b0976dcc9c,379,FIT,1,1,-0.1320015236735344,-0.13200152355107628,-0.1320015236735344,-0.13200152049008432,-0.13200152355107628,5.75746866848803e-10,3.1026903546393925e-09,-0.13200152049008432,-0.13200152355107628,-0.13200152049008432,4.768371630881063e-08,true,true,true,true
joint-6d9be831e9da1e69f09e,380,FIT,1,1,0.0660007618367672,0.06600076336060298,0.0660007618367672,0.06600076132029736,0.06600076336060298,-1.4394080372071016e-10,-3.6915706325135744e-09,0.06600076132029736,0.06600076336060298,0.06600076132029736,4.7683716086766026e-08,true,true,true,true
joint-b8e91cf056a2850aa06d,381,TEST,1,1,0.1320015236735344,0.13200152227297016,0.1320015236735344,0.13200152382398941,0.13200152227297016,-3.58094873198489e-11,3.06978412134562e-09,0.13200152382398941,0.13200152227297016,0.13200152382398941,2.817512256836352e-08,true,true,true,true
joint-77af695c2192a1e0f123,382,FIT,0,0,0.1320015236735344,0.13200152766743423,-0.1320015236735344,-0.13200152471891638,0.13200152766743423,-4.421022575806788e-11,-6.436913002616507e-09,-0.13200152471891638,0.13200152766743423,-0.13200152471891638,1.5416924403766075e-08,true,true,true,true
joint-1f313d8436034e3c8a2f,383,TEST,0,0,0.0660007618367672,0.06600076400315105,-0.0660007618367672,-0.06600076094594429,0.06600076400315105,-1.3443512691946324e-09,6.762677293159491e-10,-0.06600076094594429,0.06600076400315105,-0.06600076094594429,4.7683716530855236e-08,true,true,true,true
joint-86283058a19cd7794f47,384,TEST,1,1,-0.1320015236735344,-0.13200152417477895,0.1320015236735344,0.13200152484092947,-0.13200152417477895,5.637743438757781e-09,-3.149800351098797e-10,0.13200152484092947,-0.13200152417477895,0.13200152484092947,1.6285570447749365e-08,true,true,true,true
joint-465c63d09252a8c5d529,385,FIT,1,1,-0.0660007618367672,-0.06600076170715895,0.0660007618367672,0.06600076200311096,-0.06600076170715895,-1.323772355621422e-09,1.619724368517872e-09,0.06600076200311096,-0.06600076170715895,0.06600076200311096,4.7683716530855236e-08,true,true,true,true
joint-0fbc0143761f187aeed2,386,FIT,0,0,-0.1320015236735344,-0.13200152456631428,-0.1320015236735344,-0.13200152456663727,-0.13200152456631428,2.244842037951722e-10,2.0874523498637387e-09,-0.13200152456663727,-0.13200152456631428,-0.13200152456663727,1.0700095365301365e-08,true,true,true,true
joint-adeb5dea344cef02e6f5,387,FIT,1,1,-0.0660007618367672,-0.06600076173913687,-0.0660007618367672,-0.06600075882828722,-0.06600076173913687,-1.5801678368565497e-10,-1.2062212756402957e-09,-0.06600075882828722,-0.06600076173913687,-0.06600075882828722,4.7683716530855236e-08,true,true,true,true
joint-a5ed81533299a3f553ae,388,TEST,1,1,0.0660007618367672,0.06600076195620452,0.1320015236735344,0.13200152633432,0.06600076195620452,-3.194466358102943e-10,2.3546115057726524e-09,0.13200152633432,0.06600076195620452,0.13200152633432,4.7683716086766026e-08,true,true,true,true
joint-b56bc68165206ce08e2d,389,FIT,1,1,0.0660007618367672,0.0660007684395533,-0.1320015236735344,-0.1320015172964276,0.0660007684395533,4.411329981857115e-11,1.3873796833596685e-09,-0.1320015172964276,0.0660007684395533,-0.1320015172964276,4.768371630881063e-08,true,true,true,true
joint-1b3125f558c72b1ea5e4,390,TEST,1,1,-0.0660007618367672,-0.0660007614725722,0.1320015236735344,0.13200152311493046,-0.0660007614725722,1.8645411603568363e-10,2.7856336959342087e-09,0.13200152311493046,-0.0660007614725722,0.13200152311493046,4.768371630881063e-08,true,true,true,true
joint-f61aa102044b4ebe6086,391,FIT,1,1,-0.0660007618367672,-0.06600076188030746,-0.1320015236735344,-0.13200152367314003,-0.06600076188030746,-7.446636848817967e-10,8.644992499640125e-10,-0.13200152367314003,-0.06600076188030746,-0.13200152367314003,4.7683716530855236e-08,true,true,true,true
joint-04bc7e844c2acaa7cc02,392,FIT,0,0,0.0660007618367672,0.0660007600838595,0.0660007618367672,0.06600075572566666,0.0660007600838595,-3.8759263576437775e-09,4.822664767534235e-10,0.06600075572566666,0.0660007600838595,0.06600075572566666,3.8759263576437775e-09,true,true,true,true
joint-f643b1b90b7e6cdbb9a1,393,FIT,0,0,0.1320015236735344,0.13200152487567518,0.0660007618367672,0.06600076138003508,0.13200152487567518,-8.42030889458556e-11,8.455370431592613e-11,0.06600076138003508,0.13200152487567518,0.06600076138003508,4.7683716086766026e-08,true,true,true,true
joint-5d5bb425b513ccbb6b94,394,FIT,0,0,0.0660007618367672,0.06600075644145775,-0.0660007618367672,-0.06600076338726171,0.06600075644145775,-6.037839672679013e-11,-3.1601352645793668e-09,-0.06600076338726171,0.06600075644145775,-0.06600076338726171,2.5892875843425145e-08,true,true,true,true
joint-948ab70a745e55894d94,395,FIT,1,1,-0.0660007618367672,-0.06600074707258122,0.0660007618367672,0.06600076083402229,-0.06600074707258122,-6.302158829518678e-10,-2.3721493935813243e-09,0.06600076083402229,-0.06600074707258122,0.06600076083402229,2.331325898996539e-08,true,true,true,true
joint-3dcb938aa6f788013529,396,TEST,0,0,-0.0660007618367672,-0.0660007617471921,-0.0660007618367672,-0.06600076480732134,-0.0660007617471921,-5.205728320634151e-09,-2.829539380577728e-10,-0.06600076480732134,-0.0660007617471921,-0.06600076480732134,2.2087908835288772e-08,true,true,true,true
joint-275f7f7fc1036564d957,397,FIT,1,1,0.0660007618367672,0.06600076085140787,0.1320015236735344,0.13200152221828368,0.06600076085140787,6.740387942238968e-09,3.1849227075109177e-10,0.13200152221828368,0.06600076085140787,0.13200152221828368,7.342540520038909e-09,true,true,true,true
joint-aeb27e6ceb6f7f8a582a,398,FIT,0,0,0.0660007618367672,0.06600074790950577,-0.1320015236735344,-0.13200151716652828,0.06600074790950577,1.7401262028537978e-10,3.209073951015995e-09,-0.13200151716652828,0.06600074790950577,-0.13200151716652828,1.0949826434458743e-08,true,true,true,true
joint-d728e95aad771349cf54,399,FIT,0,0,0.1320015236735344,0.13200151823504233,-0.0660007618367672,-0.06600076046128864,0.13200151823504233,-8.596956133088973e-10,-9.681436971553659e-10,-0.06600076046128864,0.13200151823504233,-0.06600076046128864,4.7683716086766026e-08,true,true,true,true
joint-e73bea8cc3a68d547d05,400,FIT,1,1,-0.0660007618367672,-0.0660007681215154,0.1320015236735344,0.13200152980792956,-0.0660007681215154,3.6019520005536876e-10,6.381238815134083e-09,0.13200152980792956,-0.0660007681215154,0.13200152980792956,6.381238815134083e-09,true,true,true,true
joint-f3d0c584cd58125ec9bd,401,TEST,0,0,-0.0660007618367672,-0.06600075946130514,-0.1320015236735344,-0.13200152418853275,-0.06600075946130514,-4.985346718777706e-09,-9.254276858716715e-11,-0.13200152418853275,-0.06600075946130514,-0.13200152418853275,1.6012149495203687e-08,true,true,true,true
joint-3ca5dd83b1ac36c7027a,402,FIT,0,0,-0.1320015236735344,-0.13200152470064025,0.0660007618367672,0.06600076103982468,-0.13200152470064025,-4.244134904629604e-10,9.048124749444497e-11,0.06600076103982468,-0.13200152470064025,0.06600076103982468,4.7683716530855236e-08,true,true,true,true
joint-c7a79a2a3c8e90337af4,403,FIT,0,0,-0.1320015236735344,-0.1320015210227822,-0.0660007618367672,-0.06600076293817621,-0.1320015210227822,3.8870710816762966e-10,4.304898104656729e-11,-0.06600076293817621,-0.1320015210227822,-0.06600076293817621,4.7683716530855236e-08,true,true,true,true
joint-5c0e5b2a5470406d9297,404,FIT,1,1,0.1320015236735344,0.13200152269697746,0.0660007618367672,0.06600076489373236,0.13200152269697746,-2.158441259059174e-09,-2.3149886868578662e-10,0.06600076489373236,0.13200152269697746,0.06600076489373236,2.2956557321762716e-08,true,true,true,true
joint-2e3695469f4edc5c0207,405,FIT,1,1,0.1320015236735344,0.13200152256922024,-0.0660007618367672,-0.0660007715861351,0.13200152256922024,2.9166191128915386e-09,-3.592561075016487e-10,-0.0660007715861351,0.13200152256922024,-0.0660007715861351,5.997344398878113e-09,true,true,true,true
joint-c82e0ad3c79e1b5d7571,406,FIT,0,0,0.1320015236735344,0.13200152303947263,0.1320015236735344,0.13200152175020996,0.13200152303947263,-1.1782663733583831e-09,1.109962885492699e-10,0.13200152175020996,0.13200152303947263,0.13200152175020996,4.7683716530855236e-08,true,true,true,true
joint-1061d0443cb833d7e08a,407,FIT,0,0,-0.1320015236735344,-0.13200152310871777,0.0660007618367672,0.06600076178470629,-0.13200152310871777,2.1831132734906333e-09,-1.8024142595107762e-10,0.06600076178470629,-0.13200152310871777,0.06600076178470629,3.73719299950892e-09,true,true,true,true
joint-a4fe2bd135f56d3a3b4d,408,TEST,0,0,-0.1320015236735344,-0.13200152493187092,-0.0660007618367672,-0.06600076115301635,-0.13200152493187092,3.1122181567977414e-10,1.7218957093501075e-09,-0.06600076115301635,-0.13200152493187092,-0.06600076115301635,1.1450096371046214e-08,true,true,true,true
joint-baf9ad5b2a0e2663433b,409,TEST,0,0,0.1320015236735344,0.13200151541283725,0.1320015236735344,0.13200152657662462,0.13200151541283725,-7.444669880563026e-13,-3.79034878483786e-09,0.13200152657662462,0.13200151541283725,0.13200152657662462,9.177623661038581e-09,true,true,true,true
joint-3e1f0ce8134432ab4696,410,FIT,0,0,0.1320015236735344,0.13200152382132327,-0.1320015236735344,-0.13200152701340184,0.13200152382132327,-3.5963521050064173e-10,8.928469318048027e-10,-0.13200152701340184,0.13200152382132327,-0.13200152701340184,1.554790940438977e-08,true,true,true,true
joint-547b43ed221fcdec10b2,411,FIT,0,0,-0.1320015236735344,-0.1320015258442932,0.1320015236735344,0.13200152554597944,-0.1320015258442932,6.342793401614699e-09,8.094734396668635e-10,0.13200152554597944,-0.1320015258442932,0.13200152554597944,1.1830828094971935e-08,true,true,true,true
joint-26676a9877dd485ae8f5,412,FIT,1,1,-0.1320015236735344,-0.13200152385235908,-0.1320015236735344,-0.13200152048586042,-0.13200152385235908,-2.1058363386394774e-12,-4.6491730465447745e-09,-0.13200152048586042,-0.13200152385235908,-0.13200152048586042,1.8739425122760167e-08,true,true,true,true
joint-cc724e7ed09d1e71fd6f,413,FIT,1,1,0.1320015236735344,0.13200152926651065,-0.1320015236735344,-0.13200152806190046,0.13200152926651065,4.545113174714288e-10,2.612744021135427e-09,-0.13200152806190046,0.13200152926651065,-0.13200152806190046,4.7683716530855236e-08,true,true,true,true
joint-c429af1c09b2955dd595,414,FIT,1,1,0.0660007618367672,0.06600076510701985,0.0660007618367672,0.06600075859178944,0.06600076510701985,-1.009803574092416e-09,-8.250860411562755e-11,0.06600075859178944,0.06600076510701985,0.06600075859178944,2.763376505399151e-08,true,true,true,true
joint-62a29b2cf6f794e0a73a,415,FIT,0,0,0.0660007618367672,0.06600075450980661,-0.0660007618367672,-0.06600076062533222,0.06600075450980661,8.389059377722496e-10,-5.091786409172627e-09,-0.06600076062533222,0.06600075450980661,-0.06600076062533222,9.043343407455495e-09,true,true,true,true
joint-63dd4abeb6e1325c7806,416,TEST,0,0,-0.1320015236735344,-0.13200152014008973,0.1320015236735344,0.13200152031620324,-0.13200152014008973,1.1130171992390636e-09,9.257414487762183e-10,0.13200152031620324,-0.13200152014008973,0.13200152031620324,4.7683716086766026e-08,true,true,true,true
joint-f845d4a85ad21e0222d0,417,FIT,1,1,-0.1320015236735344,-0.13200152479918237,-0.1320015236735344,-0.13200151860111886,-0.13200152479918237,6.020671738937722e-10,1.8545842500605758e-09,-0.13200151860111886,-0.13200152479918237,-0.13200151860111886,4.7683716530855236e-08,true,true,true,true
joint-38c2dfe3638702cbb42e,418,FIT,0,0,-0.0660007618367672,-0.06600076009952285,0.0660007618367672,0.06600075663618107,-0.06600076009952285,-2.9654119437783066e-09,-3.226855241345028e-11,0.06600075663618107,-0.06600076009952285,0.06600075663618107,2.5874268949621637e-08,true,true,true,true
joint-22eab8507a01634d0685,419,FIT,1,1,-0.0660007618367672,-0.06600075371767411,-0.0660007618367672,-0.06600076344159736,-0.06600075371767411,-1.1471403688068094e-10,5.8839189076564935e-09,-0.06600076344159736,-0.06600075371767411,-0.06600076344159736,2.9734345874388168e-08,true,true,true,true
joint-c1bfdf6243af05ec1c19,420,FIT,0,0,0.0660007618367672,0.0660007630735174,0.0660007618367672,0.06600076179116021,0.0660007630735174,-1.07006182387126e-09,-2.5336590464553055e-10,0.06600076179116021,0.0660007630735174,0.06600076179116021,4.768371630881063e-08,true,true,true,true
joint-89a8114aac92bfca40db,421,TEST,0,0,0.0660007618367672,0.06600076473158883,0.1320015236735344,0.1320015114468499,0.06600076473158883,7.1448250649197576e-09,-4.5793962372142616e-10,0.1320015114468499,0.06600076473158883,0.1320015114468499,2.129779064219406e-08,true,true,true,true
joint-1a1e31a01c3e09a5fdf6,422,FIT,0,0,0.0660007618367672,0.06600075882111456,-0.0660007618367672,-0.06600076313315338,0.06600075882111456,1.9372993487198897e-10,-7.804784526999065e-10,-0.06600076313315338,0.06600075882111456,-0.06600076313315338,4.7683716530855236e-08,true,true,true,true
joint-8f20dab868b870df6080,423,FIT,1,1,-0.0660007618367672,-0.0660007621220523,0.0660007618367672,0.06600076271082514,-0.0660007621220523,-6.160581836334167e-10,-3.451781860341896e-09,0.06600076271082514,-0.0660007621220523,0.06600076271082514,4.768371630881063e-08,true,true,true,true
joint-fdd9add87d3e0887f0db,424,TEST,0,0,-0.0660007618367672,-0.06600076258729767,-0.0660007618367672,-0.0660007581594535,-0.06600076258729767,1.442139518914587e-09,7.395856357894637e-10,-0.0660007581594535,-0.06600076258729767,-0.0660007581594535,4.7683716530855236e-08,true,true,true,true
joint-b5cfb924c82db765408d,425,FIT,1,1,0.0660007618367672,0.06600075839124606,-0.1320015236735344,-0.13200151654215694,0.06600075839124606,7.983839318825847e-10,-1.2103469615443174e-09,-0.13200151654215694,0.06600075839124606,-0.13200151654215694,7.278112890141131e-09,true,true,true,true
joint-cc62bd03721035ef3d48,426,FIT,1,1,-0.0660007618367672,-0.06600076298272622,0.1320015236735344,0.13200152581293745,-0.06600076298272622,6.6097514128671264e-09,3.4415709865287525e-10,0.13200152581293745,-0.06600076298272622,0.13200152581293745,2.2747244643461784e-08,true,true,true,true
joint-150de769ca37ed6fac22,427,FIT,1,1,0.0660007618367672,0.06600075887600657,0.1320015236735344,0.13200151954191244,0.06600075887600657,-1.2693487233539358e-10,-7.255864520328004e-10,0.13200151954191244,0.06600075887600657,0.13200151954191244,4.7683716530855236e-08,true,true,true,true
joint-6c6069cdc71afca673d8,428,FIT,1,1,0.0660007618367672,0.0660007686371826,-0.1320015236735344,-0.13200151783416453,0.0660007686371826,1.3690215072692524e-09,1.5850089851721094e-09,-0.13200151783416453,0.0660007686371826,-0.13200151783416453,4.768371542063221e-08,true,true,true,true
joint-8deb233befdaaa44244e,429,TEST,0,0,-0.0660007618367672,-0.06600075654893417,-0.1320015236735344,-0.13200151720432127,-0.06600075654893417,1.3621961891807643e-10,3.05265884792405e-09,-0.13200151720432127,-0.06600075654893417,-0.13200151720432127,1.8211401831003116e-08,true,true,true,true
joint-3d581a8ceed5ef396b87,430,FIT,0,0,-0.0660007618367672,-0.06600076203336785,0.1320015236735344,0.13200152144470853,-0.06600076203336785,-1.4837678100065865e-09,-5.691296947607505e-10,0.13200152144470853,-0.06600076203336785,0.13200152144470853,4.768371630881063e-08,true,true,true,true
joint-d1d88f18267b9d19e116,431,FIT,0,0,-0.0660007618367672,-0.06600076362293536,-0.1320015236735344,-0.13200152695107636,-0.06600076362293536,-2.973097393277335e-10,-2.9605204399096863e-10,-0.13200152695107636,-0.06600076362293536,-0.13200152695107636,4.7683716086766026e-08,true,true,true,true
joint-131a6d3b571cc28ea872,432,FIT,0,0,0.1320015236735344,0.13200152945515223,0.0660007618367672,0.06600076184575328,0.13200152945515223,-2.034102816739214e-09,7.417871872306137e-12,0.06600076184575328,0.13200152945515223,0.06600076184575328,4.7683716530855236e-08,true,true,true,true
joint-750a25537e1c577ecb17,433,TEST,0,0,0.1320015236735344,0.13200152397434428,0.0660007618367672,0.06600076167281929,0.13200152397434428,2.0712262738253884e-09,1.1454538012545257e-10,0.06600076167281929,0.13200152397434428,0.06600076167281929,1.9188017064131202e-08,true,true,true,true
joint-88088ece050875cc73f2,434,FIT,0,0,0.1320015236735344,0.13200152075378305,-0.0660007618367672,-0.06600075498168975,0.13200152075378305,4.619903265501435e-09,-6.457924472957899e-12,-0.06600075498168975,0.13200152075378305,-0.06600075498168975,2.5546459947456412e-08,true,true,true,true
joint-aef908790f59a3f756f9,435,FIT,1,1,-0.1320015236735344,-0.13200152335208967,0.0660007618367672,0.06600076291867385,-0.13200152335208967,3.3170808322324774e-09,-4.2361333885132524e-10,0.06600076291867385,-0.13200152335208967,0.06600076291867385,1.473156818754262e-08,true,true,true,true
joint-d20c3c92116f8fce3c1e,436,TEST,0,0,-0.1320015236735344,-0.13200152669267848,-0.0660007618367672,-0.06600075529862787,-0.13200152669267848,4.3029651508597055e-09,-3.8911833824539777e-11,-0.06600075529862787,-0.13200152669267848,-0.06600075529862787,1.7163465648728504e-08,true,true,true,true
joint-29b1155ea437d0fce4bc,437,FIT,0,0,0.1320015236735344,0.13200153811201315,0.1320015236735344,0.13200151912835406,0.13200153811201315,-7.483197395075081e-11,4.00766592134616e-09,0.13200151912835406,0.13200153811201315,0.13200151912835406,8.939555207199135e-09,true,true,true,true
joint-83912571774477870e69,438,TEST,0,0,0.1320015236735344,0.13200152925021008,-0.0660007618367672,-0.06600075565272043,0.13200152925021008,-3.5017080068922013e-09,7.337982860233794e-10,-0.06600075565272043,0.13200152925021008,-0.06600075565272043,4.7683716530855236e-08,true,true,true,true
joint-0b091357d2bc89169b82,439,TEST,0,0,0.1320015236735344,0.13200152568888737,-0.1320015236735344,-0.13200152199870907,0.13200152568888737,4.655057561642195e-09,8.977658963460478e-10,-0.13200152199870907,0.13200152568888737,-0.13200152199870907,2.4768839423927602e-08,true,true,true,true
joint-76de542c7678cd905e0b,440,FIT,1,1,-0.1320015236735344,-0.13200152137391674,0.1320015236735344,0.1320015222078722,-0.13200152137391674,-7.206041319207657e-10,-3.080855501269575e-10,0.1320015222078722,-0.13200152137391674,0.1320015222078722,2.2520324272079506e-08,true,true,true,true
joint-e78600059054b7b846cd,441,FIT,0,0,-0.1320015236735344,-0.13200152369780627,0.0660007618367672,0.06600076260180053,-0.13200152369780627,1.1375623637510657e-09,-7.69329926153528e-10,0.06600076260180053,-0.13200152369780627,0.06600076260180053,4.768371542063221e-08,true,true,true,true
joint-79a2726c7c85c127d89d,442,TEST,0,0,-0.1320015236735344,-0.13200151928840217,-0.1320015236735344,-0.13200152138118315,-0.13200151928840217,5.272583480930848e-09,-8.521614663914434e-11,-0.13200152138118315,-0.13200151928840217,-0.13200152138118315,1.920830028367959e-08,true,true,true,true
joint-6abb43c1207384f32602,443,FIT,1,1,-0.1320015236735344,-0.13200152427453063,-0.0660007618367672,-0.0660007609245892,-0.13200152427453063,5.396489574649443e-10,-1.3460542958032562e-09,-0.0660007609245892,-0.13200152427453063,-0.0660007609245892,4.7683716530855236e-08,true,true,true,true
joint-4a042d75730f1190d73a,444,FIT,1,1,0.0660007618367672,0.0660007652789045,0.0660007618367672,0.066000763066599,0.0660007652789045,-2.6028432187352735e-10,-1.7732691148797386e-09,0.066000763066599,0.0660007652789045,0.066000763066599,1.2854437847487077e-08,true,true,true,true
joint-bfe4d6443e1d22b77bbe,445,FIT,0,0,0.1320015236735344,0.13200152014254324,0.1320015236735344,0.13200152221095535,0.13200152014254324,-7.175209870702304e-10,9.393572100724334e-10,0.13200152221095535,0.13200152014254324,0.13200152221095535,4.7683716086766026e-08,true,true,true,true
joint-d0bcde20f3c8b06ffff9,446,FIT,0,0,0.0660007618367672,0.06600076333011916,-0.0660007618367672,-0.06600075893037685,0.06600076333011916,6.712161659816474e-10,3.2358386803377215e-12,-0.06600075893037685,0.06600076333011916,-0.06600075893037685,6.150677189786791e-09,true,true,true,true
joint-977188a958101ee8c0c4,447,FIT,1,1,0.1320015236735344,0.13200151890633668,-0.1320015236735344,-0.13200151932031123,0.13200151890633668,-1.1712520536777404e-10,-2.968493506561032e-10,-0.13200151932031123,0.13200151890633668,-0.13200151932031123,4.768371542063221e-08,true,true,true,true
joint-0d7941f8fcb54b3a4cd5,448,FIT,1,1,-0.0660007618367672,-0.06600075537343786,0.0660007618367672,0.06600076055763895,-0.06600075537343786,2.472335877690135e-11,4.228155159324842e-09,0.06600076055763895,-0.06600075537343786,0.06600076055763895,4.228155159324842e-09,true,true,true,true
joint-a6c60074d7b8d838f41f,449,FIT,1,1,-0.0660007618367672,-0.06600077415233704,-0.0660007618367672,-0.06600075926192195,-0.06600077415233704,3.3967106558008275e-10,3.5041716750505714e-10,-0.06600075926192195,-0.06600077415233704,-0.06600075926192195,5.3128193511220445e-09,true,true,true,true
joint-bc8b4b2cc5f2a72288f0,450,FIT,1,1,-0.1320015236735344,-0.13200152352561131,0.1320015236735344,0.13200152253723313,-0.13200152352561131,-3.912432114394626e-10,-5.971349803512993e-10,0.13200152253723313,-0.13200152352561131,0.13200152253723313,4.7683716086766026e-08,true,true,true,true
joint-73fcc82fff733f73ba04,451,FIT,1,1,-0.1320015236735344,-0.1320015227582475,-0.1320015236735344,-0.13200152720996405,-0.1320015227582475,-5.561974145140702e-10,1.7022883103123831e-10,-0.13200152720996405,-0.1320015227582475,-0.13200152720996405,4.7683716530855236e-08,true,true,true,true
joint-3cbb5e9ceacdc3dddf17,452,FIT,1,1,0.0660007618367672,0.0660007669514388,0.0660007618367672,0.06600076021686584,0.0660007669514388,6.152728188046908e-10,-1.0073480938288526e-10,0.06600076021686584,0.0660007669514388,0.06600076021686584,4.768371630881063e-08,true,true,true,true
joint-ff0e8b614b34aecce4b3,453,TEST,1,1,0.0660007618367672,0.06600076369580321,0.1320015236735344,0.13200152356451478,0.06600076369580321,6.360384441350675e-10,3.6891989463327945e-10,0.13200152356451478,0.06600076369580321,0.13200152356451478,1.813600747357924e-08,true,true,true,true
joint-57100cd0069e696b4ba2,454,FIT,1,1,0.0660007618367672,0.06600076410603828,-0.0660007618367672,-0.0660007634850768,0.06600076410603828,-1.5819347914947102e-10,-2.9461353356907694e-09,-0.0660007634850768,0.06600076410603828,-0.0660007634850768,4.768371542063221e-08,true,true,true,true
joint-a6e0056491e5774f3780,455,TEST,0,0,0.0660007618367672,0.06600076245489386,-0.1320015236735344,-0.1320015239128909,0.06600076245489386,-4.709704876093568e-09,-8.719894598052669e-10,-0.1320015239128909,0.06600076245489386,-0.1320015239128909,1.034778807085246e-08,true,true,true,true
joint-d17e687265d3b5a622ad,456,FIT,1,1,-0.0660007618367672,-0.06600075257191226,0.1320015236735344,0.1320015212553507,-0.06600075257191226,1.8951952507340053e-10,7.029680754166989e-09,0.1320015212553507,-0.06600075257191226,0.1320015212553507,1.20934235958714e-08,true,true,true,true
joint-e9713c38661be85f36fa,457,FIT,1,1,-0.0660007618367672,-0.06600076123308146,0.0660007618367672,0.06600076128449973,-0.06600076123308146,-1.7973843594032424e-10,2.3115670488849105e-10,0.06600076128449973,-0.06600076123308146,0.06600076128449973,4.768371542063221e-08,true,true,true,true
joint-4eee6fa8e04e2c9c580f,458,FIT,1,1,-0.0660007618367672,-0.06600076207659071,-0.0660007618367672,-0.06600076452723427,-0.06600076207659071,6.622941847722608e-10,-3.4063202675183035e-09,-0.06600076452723427,-0.06600076207659071,-0.06600076452723427,4.768371542063221e-08,true,true,true,true
joint-03b00177b1ce58ecf120,459,FIT,0,0,0.0660007618367672,0.06600075925930043,0.1320015236735344,0.13200152733690343,0.06600075925930043,6.831367971305013e-10,-3.4229257622753195e-10,0.13200152733690343,0.06600075925930043,0.13200152733690343,4.7683716530855236e-08,true,true,true,true
joint-de58f02bea0ba0c769ae,460,FIT,0,0,0.0660007618367672,0.06600075897984184,-0.1320015236735344,-0.13200153083324068,0.06600075897984184,-4.5418373229022535e-10,3.0957140323417676e-10,-0.13200153083324068,0.06600075897984184,-0.13200153083324068,4.7683716530855236e-08,true,true,true,true
joint-a2867b04504bb9da2dff,461,FIT,1,1,-0.0660007618367672,-0.06600075455293908,-0.1320015236735344,-0.1320015301322464,-0.06600075455293908,2.468105563674383e-10,5.048653939354608e-09,-0.1320015301322464,-0.06600075455293908,-0.1320015301322464,2.2997107662625638e-08,true,true,true,true
joint-c5fdaad1e47e8a0687ad,462,FIT,0,0,-0.0660007618367672,-0.06600076209364764,0.1320015236735344,0.13200152115339825,-0.06600076209364764,1.9502122278192147e-09,-6.294094759273783e-10,0.13200152115339825,-0.06600076209364764,0.13200152115339825,4.768371630881063e-08,true,true,true,true
joint-71c8a5006eb68456fdff,463,FIT,0,0,0.1320015236735344,0.13200152147764316,0.0660007618367672,0.0660007631492345,0.13200152147764316,3.547641486134623e-09,4.118119803497855e-10,0.0660007631492345,0.13200152147764316,0.0660007631492345,2.864804027336021e-08,true,true,true,true
joint-13377aff7ca9b14f7f22,464,FIT,1,1,-0.0660007618367672,-0.06600076223770063,-0.1320015236735344,-0.1320015166944087,-0.06600076223770063,-2.8519040601304724e-10,-7.734624607458329e-10,-0.1320015166944087,-0.06600076223770063,-0.1320015166944087,4.768371630881063e-08,true,true,true,true
joint-5cec06e810221894054d,465,FIT,0,0,0.1320015236735344,0.13200152163605378,0.0660007618367672,0.06600076205214712,0.13200152163605378,5.879089576277252e-10,-1.2924225509247655e-09,0.06600076205214712,0.13200152163605378,0.06600076205214712,4.7683715198587606e-08,true,true,true,true
joint-9f66caef5822683befe3,466,FIT,0,0,0.1320015236735344,0.132001511821378,-0.0660007618367672,-0.06600076412226508,0.132001511821378,-7.953817535155672e-10,-7.381808025952452e-09,-0.06600076412226508,0.132001511821378,-0.06600076412226508,1.9295986142253696e-08,true,true,true,true
joint-fb13d407b9f99f89192f,467,FIT,1,1,0.1320015236735344,0.13200152903612114,-0.0660007618367672,-0.06600076459986604,0.13200152903612114,5.896624299950304e-10,2.3823545081125275e-09,-0.06600076459986604,0.13200152903612114,-0.06600076459986604,4.768371630881063e-08,true,true,true,true
joint-77bfe150ae5bb1d8485a,468,FIT,0,0,-0.1320015236735344,-0.13200152373853594,0.0660007618367672,0.06600075871406054,-0.13200152373853594,-1.4417567834046352e-11,-4.53534990119131e-09,0.06600075871406054,-0.13200152373853594,0.06600075871406054,1.751772238378635e-08,true,true,true,true
joint-612b1a207e1d1bba8765,469,FIT,1,1,-0.1320015236735344,-0.13200152041035162,-0.0660007618367672,-0.06600076005084843,-0.13200152041035162,-4.4925540371165695e-10,-1.2071655897116784e-09,-0.06600076005084843,-0.13200152041035162,-0.06600076005084843,2.059277892652034e-08,true,true,true,true
joint-e4c807040f0b7a010497,470,FIT,0,0,0.1320015236735344,0.13200151116721903,0.1320015236735344,0.13200152079483657,0.13200151116721903,-2.709946156365106e-10,6.8651941909081415e-09,0.13200152079483657,0.13200151116721903,0.13200152079483657,1.931437465518826e-08,true,true,true,true
joint-2f0ec88be65ed1787701,471,FIT,0,0,-0.1320015236735344,-0.132001527235067,0.0660007618367672,0.06600076256843683,-0.132001527235067,1.1041986630599965e-09,-5.813003620125379e-10,0.06600076256843683,-0.132001527235067,0.06600076256843683,4.768371630881063e-08,true,true,true,true
joint-0df4d42b50a6d701fabb,472,FIT,0,0,-0.1320015236735344,-0.13200152734499912,-0.0660007618367672,-0.0660007635937035,-0.13200152734499912,-2.668201701250261e-10,-6.912324879149168e-10,-0.0660007635937035,-0.13200152734499912,-0.0660007635937035,4.7683716530855236e-08,true,true,true,true
joint-ac616db5d496dfad45ea,473,FIT,1,1,0.1320015236735344,0.13200151667203192,0.1320015236735344,0.13200152535587287,0.13200151667203192,-1.2978937646845878e-09,-2.531154105755995e-09,0.13200152535587287,0.13200151667203192,0.13200152535587287,4.7683716086766026e-08,true,true,true,true
joint-609b0635964af0736307,474,FIT,1,1,0.1320015236735344,0.13200152502053855,-0.1320015236735344,-0.13200152538836551,0.13200152502053855,-5.972440354773401e-10,-5.358518379017241e-09,-0.13200152538836551,0.13200152502053855,-0.13200152538836551,1.934395621461249e-08,true,true,true,true
joint-17aa38f9a29e8c70d532,475,FIT,0,0,-0.1320015236735344,-0.13200152276528554,0.1320015236735344,0.13200150895954613,-0.13200152276528554,4.6575212853117165e-09,-6.963985638153147e-11,0.13200150895954613,-0.13200152276528554,0.13200150895954613,1.053865417155464e-08,true,true,true,true
joint-02245b42b06d1591d5b5,476,FIT,1,1,0.1320015236735344,0.13200153051335384,-0.1320015236735344,-0.13200152018592184,0.13200153051335384,-9.827358024572241e-10,-3.590993391533459e-09,-0.13200152018592184,0.13200153051335384,-0.13200152018592184,4.7683716086766026e-08,true,true,true,true
joint-0761d094965c0205f360,477,FIT,0,0,-0.1320015236735344,-0.13200151705448965,-0.1320015236735344,-0.13200152494812425,-0.13200151705448965,5.430932675798417e-09,2.860512347824251e-10,-0.13200152494812425,-0.13200151705448965,-0.13200152494812425,1.4882055920928394e-08,true,true,true,true
joint-d29eb2475ceff6343576,478,FIT,0,0,0.0660007618367672,0.06600075825139078,0.0660007618367672,0.06600075118833296,0.06600075825139078,6.487901133001017e-09,-1.1426044138618252e-11,0.06600075118833296,0.06600075825139078,0.06600075118833296,1.3492845951645904e-08,true,true,true,true
joint-2fa30cdcd38eeef830ca,479,FIT,1,1,0.0660007618367672,0.0660007646263536,-0.0660007618367672,-0.06600075891511942,0.0660007646263536,6.864736001865879e-10,-5.631748678514015e-10,-0.06600075891511942,0.0660007646263536,-0.06600075891511942,6.182515610575479e-09,true,true,true,true
joint-15664cef2b473aae074c,480,FIT,0,0,-0.1320015236735344,-0.1320015199988379,0.1320015236735344,0.13200152733840853,-0.1320015199988379,6.846418917905162e-10,-7.956518777163524e-10,0.13200152733840853,-0.1320015199988379,0.13200152733840853,4.7683715198587606e-08,true,true,true,true
joint-98709671d310a8312272,481,FIT,0,0,-0.0660007618367672,-0.06600076009894378,0.0660007618367672,0.06600076233055124,-0.06600076009894378,2.728958226061451e-09,4.339718168155926e-10,0.06600076233055124,-0.06600076009894378,0.06600076233055124,1.7483847258858987e-08,true,true,true,true
joint-a6df2c75b8c29d494775,482,FIT,1,1,-0.1320015236735344,-0.1320015241278633,-0.1320015236735344,-0.13200153020815103,-0.1320015241278633,1.7090588666501816e-10,2.525903319838818e-09,-0.13200153020815103,-0.1320015241278633,-0.13200153020815103,4.768371542063221e-08,true,true,true,true
joint-77ae76b72ea180f57a5a,483,FIT,0,0,0.0660007618367672,0.06600076133639399,0.0660007618367672,0.06600076195261267,0.06600076133639399,-1.374270648668574e-09,1.7348009764828198e-09,0.06600076195261267,0.06600076133639399,0.06600076195261267,4.768371630881063e-08,true,true,true,true
joint-f7f85f29b09ab89ecc19,484,FIT,0,0,0.0660007618367672,0.06600076073766745,-0.0660007618367672,-0.0660007548855652,0.06600076073766745,9.90737512862605e-10,-7.265707271941757e-10,-0.0660007548855652,0.06600076073766745,-0.0660007548855652,4.7683716086766026e-08,true,true,true,true
joint-378f7e9e1595b4eae5dc,485,FIT,1,1,-0.0660007618367672,-0.06600076188941208,0.0660007618367672,0.06600076333828685,-0.06600076188941208,1.1403534366793977e-11,-4.251739099681018e-10,0.06600076333828685,-0.06600076188941208,0.06600076333828685,4.768371630881063e-08,true,true,true,true
joint-7adae49d1f2a60c19834,486,FIT,1,1,-0.0660007618367672,-0.06600076219929629,-0.0660007618367672,-0.06600076091765664,-0.06600076219929629,8.092024272876586e-11,-2.5977032747093176e-09,-0.06600076091765664,-0.06600076219929629,-0.06600076091765664,4.768371630881063e-08,true,true,true,true
joint-1898184bdf926781fe12,487,FIT,1,1,-0.0660007618367672,-0.06600077545469007,-0.0660007618367672,-0.06600076184906044,-0.06600077545469007,-3.84822273005736e-10,-9.519358634690889e-10,-0.06600076184906044,-0.06600077545469007,-0.06600076184906044,2.1097095403987964e-08,true,true,true,true
joint-0241181c91fe76b2092c,488,FIT,0,0,0.0660007618367672,0.0660007600664121,0.1320015236735344,0.1320015328590517,0.0660007600664121,-1.2452955333586146e-09,4.6481908946849337e-10,0.1320015328590517,0.0660007600664121,0.1320015328590517,4.624126748176138e-09,true,true,true,true
joint-d13d69f8054acdb01d60,489,FIT,0,0,0.0660007618367672,0.06600076419765133,-0.1320015236735344,-0.1320015226239535,0.06600076419765133,-3.4207674748376604e-09,8.707680201891499e-10,-0.1320015226239535,0.06600076419765133,-0.1320015226239535,2.8852866651440934e-08,true,true,true,true
joint-6eb58e64e376e35e0a8e,490,FIT,1,1,0.0660007618367672,0.06600075938597272,0.1320015236735344,0.13200152644645047,0.06600075938597272,-2.0731616423574906e-10,-2.1562029939303784e-10,0.13200152644645047,0.06600075938597272,0.13200152644645047,4.768371630881063e-08,true,true,true,true
joint-de4fac4010d9258c9973,491,FIT,1,1,-0.0660007618367672,-0.06600076248920476,0.1320015236735344,0.13200152082746155,-0.06600076248920476,-5.8263050772833225e-09,2.2771302204960264e-11,0.13200152082746155,-0.06600076248920476,0.13200152082746155,1.4464876185726894e-08,true,true,true,true
joint-c823806a2ac21222a962,492,FIT,0,0,0.0660007618367672,0.06600076057542584,-0.1320015236735344,-0.13200152384728459,0.06600076057542584,-9.188082378264184e-10,9.738328268782404e-10,-0.13200152384728459,0.06600076057542584,-0.13200152384728459,4.768371630881063e-08,true,true,true,true
joint-009541860623d2bb9f1f,493,TEST,0,0,-0.0660007618367672,-0.06600076033784616,0.1320015236735344,0.13200152332541318,-0.06600076033784616,3.9693685144337465e-10,1.9506943976788094e-10,0.13200152332541318,-0.06600076033784616,0.13200152332541318,4.768371542063221e-08,true,true,true,true
joint-ffe811f4bd9985f39189,494,TEST,0,0,-0.0660007618367672,-0.06600076066879496,-0.1320015236735344,-0.13200152657343925,-0.06600076066879496,8.032739057250993e-11,7.954432043599802e-10,-0.13200152657343925,-0.06600076066879496,-0.13200152657343925,4.7683716530855236e-08,true,true,true,true
joint-43f1556f68333702a6a5,495,FIT,0,0,0.1320015236735344,0.1320015189819374,0.0660007618367672,0.0660007627031817,0.1320015189819374,-6.237016111909632e-10,-2.212486305275263e-10,0.0660007627031817,0.1320015189819374,0.0660007627031817,4.7683716086766026e-08,true,true,true,true
joint-c11d9ef44a20f10bda09,496,FIT,1,1,-0.0660007618367672,-0.06600075696549232,-0.1320015236735344,-0.1320015224671334,-0.06600075696549232,-4.318340823816769e-12,2.6361006988384617e-09,-0.1320015224671334,-0.06600075696549232,-0.1320015224671334,5.740302372325701e-09,true,true,true,true
joint-08c462a1ad92c4ade964,497,TEST,0,0,0.1320015236735344,0.13200151745123748,-0.0660007618367672,-0.06600076001740104,0.13200151745123748,-4.1580802689900054e-10,1.1069658384377234e-10,-0.06600076001740104,0.13200151745123748,-0.06600076001740104,4.768371630881063e-08,true,true,true,true
joint-d2320b4e2ef5c0d907a7,498,FIT,0,0,-0.1320015236735344,-0.13200152005245824,0.0660007618367672,0.06600076179871808,-0.13200152005245824,2.895616996179129e-09,-8.492722081143711e-10,0.06600076179871808,-0.13200152005245824,0.06600076179871808,4.7683716530855236e-08,true,true,true,true
joint-b9adbc058e3cde321596,499,FIT,1,1,0.1320015236735344,0.1320015223671145,0.0660007618367672,0.06600075873732021,0.1320015223671145,-8.642728061003524e-10,-5.61361845896613e-10,0.06600075873732021,0.1320015223671145,0.06600075873732021,1.7483191339096038e-08,true,true,true,true
joint-ba6f4b2f77a2891a7800,500,FIT,0,0,-0.1320015236735344,-0.13200152256927547,-0.0660007618367672,-0.06600076090085588,-0.13200152256927547,-1.2992628709018739e-09,3.5920087043672666e-10,-0.06600076090085588,-0.13200152256927547,-0.06600076090085588,4.768371630881063e-08,true,true,true,true
joint-e698ccd52ee9f67260d3,501,FIT,1,1,0.1320015236735344,0.13200152517867103,0.1320015236735344,0.13200152361213754,0.13200152517867103,6.836612040372891e-10,-1.475095601222165e-09,0.13200152361213754,0.13200152517867103,0.13200152361213754,4.7683716086766026e-08,true,true,true,true
joint-e36653049c6f76cd57ea,502,FIT,1,1,0.1320015236735344,0.13200152301133547,-0.0660007618367672,-0.0660007601095296,0.13200152301133547,-5.07936574745127e-10,3.808149434680885e-09,-0.0660007601095296,0.13200152301133547,-0.0660007601095296,1.0618033785547709e-08,true,true,true,true
joint-e69afcb28076c7a73f1d,503,FIT,1,1,-0.1320015236735344,-0.13200151265039164,0.0660007618367672,0.06600075889552762,-0.13200151265039164,2.2525716708576837e-10,6.552794390435324e-09,0.06600075889552762,-0.13200151265039164,0.06600075889552762,1.1029066826484524e-08,true,true,true,true
joint-2ce56f0ea0683dcda2f5,504,TEST,0,0,-0.1320015236735344,-0.13200152176219718,-0.0660007618367672,-0.06600075855908144,-0.13200152176219718,-6.4080690198586865e-09,-6.963659995862237e-10,-0.06600075855908144,-0.13200152176219718,-0.06600075855908144,6.4080690198586865e-09,true,true,true,true
joint-774ae3f0a4caebdd6b08,505,FIT,1,1,0.1320015236735344,0.1320015247745548,0.1320015236735344,0.13200152337395227,0.1320015247745548,4.4547593391897067e-10,-1.6566678584517547e-11,0.13200152337395227,0.1320015247745548,0.13200152337395227,1.9283384888879596e-09,true,true,true,true
joint-e8e45e1d9d7dc3a06a25,506,TEST,0,0,0.1320015236735344,0.1320015224468466,-0.1320015236735344,-0.13200151841281177,0.1320015224468466,7.90374266035343e-10,-4.816297360932253e-10,-0.13200151841281177,0.1320015224468466,-0.13200151841281177,4.7683716086766026e-08,true,true,true,true
joint-fdff17ab9809a7e4f651,507,FIT,0,0,-0.1320015236735344,-0.13200152113003574,0.1320015236735344,0.13200152305684087,-0.13200152113003574,1.283645412186729e-10,1.7984405908944012e-09,0.13200152305684087,-0.13200152113003574,0.13200152305684087,4.7683716086766026e-08,true,true,true,true
joint-15dbbe8d493d3ede5447,508,FIT,1,1,-0.1320015236735344,-0.13200152224327627,-0.1320015236735344,-0.1320015172058382,-0.13200152224327627,-1.7279424627258955e-09,6.852000633550404e-10,-0.1320015172058382,-0.13200152224327627,-0.1320015172058382,4.768371630881063e-08,true,true,true,true
joint-9efa01d681a4504a193e,509,FIT,0,0,0.1320015236735344,0.13200152533645074,-0.1320015236735344,-0.13200152257803774,0.13200152533645074,-3.3748517036524817e-09,7.966796666813991e-11,-0.13200152257803774,0.13200152533645074,-0.13200152257803774,2.1886357282063784e-08,true,true,true,true
joint-cf92d455cc3ba4b96312,510,TEST,1,1,-0.1320015236735344,-0.13200153188648323,0.1320015236735344,0.13200151723924441,-0.13200153188648323,-1.0129645733325532e-10,2.2178640035619424e-09,0.13200151723924441,-0.13200153188648323,0.13200151723924441,1.6311821227077417e-08,true,true,true,true
joint-d9388600efeecd46e153,511,FIT,1,1,-0.1320015236735344,-0.13200151193880869,-0.1320015236735344,-0.13200152713935312,-0.13200151193880869,-1.9925193439629396e-11,7.264377349658346e-09,-0.13200152713935312,-0.13200151193880869,-0.13200152713935312,1.2936777316063797e-08,true,true,true,true
