public_unit_id,family,seed,route,edited_object,delta_vx,delta_vy,M1,joint_pass,anchor_rmse,k1_rmse,t19_rmse
joint-2a931d7a53cb9c33974d,M1,291301,single_only_addressable,0,0.0660007618367672,-0.0660007618367672,0.21187078153928843,true,0.0450623672327589,0.04423069166433401,0.160302091319261
joint-4352a0ffd3ac22d2f5e6,M1,291301,single_only_addressable,1,0.0660007618367672,-0.0660007618367672,0.13040213767355455,true,0.02329680309435523,0.02504807250542473,0.07168682572208211
joint-147f59a58d0ef285e900,M1,291301,single_only_addressable,0,0.0660007618367672,-0.1320015236735344,0.36745597781906403,true,0.07117051295660617,0.07184722295025385,0.2688114974669918
joint-d0326bfd1d59b011ffc1,M1,291301,single_only_addressable,0,0.1320015236735344,0.0660007618367672,0.08720882898275215,true,0.02582896253216722,0.031052707600547742,0.0748189636690693
joint-b0a6408213b275a6eec4,M1,291301,single_only_addressable,0,-0.1320015236735344,0.0660007618367672,0.2790814668028088,true,0.045282482968157046,0.06045516403284492,0.19578164269864065
joint-f16075ae76c562b01afa,M1,291301,single_only_addressable,1,0.1320015236735344,0.0660007618367672,0.32082643163715513,true,0.06103554351844128,0.06145628738975512,0.1942841523629573
joint-6c84dffefac07a85efd4,M1,291301,single_only_addressable,1,0.1320015236735344,-0.1320015236735344,0.20151122886127074,true,0.038758950357600526,0.05173076984160847,0.1585000663415818
joint-530af393a720d348afb0,M1,291301,single_only_addressable,1,0.0660007618367672,0.0660007618367672,0.12636619261421905,true,0.020895663344628692,0.022769944396839645,0.05931711176260597
joint-66b0d86cfbc4d904308f,M1,291301,single_only_addressable,0,-0.0660007618367672,0.0660007618367672,0.22949062021824598,true,0.03743111021482645,0.04452140298849484,0.13390294593129537
joint-cb84ae0ab47be6c0b097,M1,291301,single_only_addressable,0,-0.0660007618367672,0.1320015236735344,0.4058175057053638,false,0.06019941765856891,0.06493511973883469,0.20618987326648514
joint-bd7b1bc3eac5c32be6ce,M1,291301,single_only_addressable,0,-0.0660007618367672,-0.0660007618367672,0.11655157895690449,true,0.024555666367331374,0.032988497605583235,0.11122169029110202
joint-f42e2b2aa0bcf1904b2c,M1,291301,single_only_addressable,1,0.1320015236735344,0.0660007618367672,0.29174010122937455,true,0.060190761006822774,0.055248457931222884,0.14058062198275484
joint-0cc5980f554a68da719e,M1,291301,single_only_addressable,0,0.1320015236735344,0.1320015236735344,0.36766397859979655,true,0.0636182061384985,0.05550709555309526,0.2905514750162333
joint-c71196ce6b27a5f15741,M1,291301,single_only_addressable,1,-0.0660007618367672,-0.0660007618367672,0.0736123086424991,true,0.01664576797194286,0.026447686674114245,0.06077109240256368
joint-08a29e94c959b15daf6c,M1,291301,single_only_addressable,0,-0.1320015236735344,-0.0660007618367672,0.14827497212718518,true,0.02763885039503538,0.032209797826451614,0.12752348010695227
joint-009344968abd7434a0a8,M1,291301,single_only_addressable,1,0.1320015236735344,-0.1320015236735344,0.2630187052967145,true,0.04836949831966785,0.05377042949897997,0.1612866333686033
joint-0d9b039cb21daac03d2a,M1,291301,single_only_addressable,1,0.0660007618367672,0.0660007618367672,0.09109564332875865,true,0.015743665887264335,0.02203163578056486,0.06550107713580872
joint-96bbd61ef63ebf358d5e,M1,291301,single_only_addressable,0,-0.0660007618367672,0.0660007618367672,0.21033642869575703,true,0.034310207531854785,0.03823154136382884,0.12640574510019073
joint-71226efdc82c7b8eb4e1,M1,291301,single_only_addressable,1,0.1320015236735344,-0.1320015236735344,0.6350702665128191,false,0.10352557008933122,0.09303010423817246,0.30755076833104567
joint-2b6a5ce6c26b3991652e,M1,291301,single_only_addressable,0,0.0660007618367672,-0.1320015236735344,0.3453705707888456,true,0.05421750949273123,0.05488089617273077,0.17510838850953436
joint-c45a492c6ab0e2e5bfbe,M1,291301,single_only_addressable,1,0.1320015236735344,-0.0660007618367672,0.5157661402099172,false,0.08475997476406362,0.0753558888342383,0.27647593688595473
joint-b2b2ebaf8b3253aafde3,M1,291301,single_only_addressable,0,0.1320015236735344,-0.1320015236735344,0.38912219445925644,true,0.07359345753847438,0.07253427815890405,0.2684512866366054
joint-58d5f239e12552c3626e,M1,291301,single_only_addressable,0,-0.1320015236735344,0.1320015236735344,0.3912341126707276,true,0.07788236421945496,0.07220623028241567,0.2973095031542099
joint-fc2b76f0772372bf8c3c,M1,291301,single_only_addressable,1,-0.1320015236735344,0.0660007618367672,0.1614474615907937,true,0.028032324863865168,0.03176717294979174,0.09875022293649251
joint-fe2aefddb9b7745686ad,M1,291301,single_only_addressable,1,-0.0660007618367672,0.0660007618367672,0.10296092173027024,true,0.021385397638920618,0.025325654429911026,0.12597906638595363
joint-8b6ff975d45da97a4933,M1,291301,single_only_addressable,1,0.1320015236735344,-0.1320015236735344,0.27366623067179907,true,0.049555717375060204,0.055740282678546214,0.16554969557477525
joint-175e17d0ef9573bac40e,M1,291301,single_only_addressable,0,-0.1320015236735344,0.1320015236735344,0.45165470325603263,false,0.0689040257091428,0.08095922962350238,0.2609037134078539
joint-a3d06b9cb0966439eddd,M1,291301,single_only_addressable,1,0.0660007618367672,0.1320015236735344,0.11473886119812589,true,0.03321748524977053,0.042999372155906615,0.1122689906394406
joint-04c90cd2b55e51d7395c,M1,291301,single_only_addressable,0,0.0660007618367672,-0.1320015236735344,0.25619833593659697,true,0.04552060443582278,0.04458720766665185,0.1787763278477851
joint-03d19206c4766692b70a,M1,291301,single_only_addressable,0,-0.0660007618367672,0.0660007618367672,0.21099631047550363,true,0.03428772591129549,0.038859332589828106,0.13159896941025254
joint-f3533a47857412ee6574,M1,291301,single_only_addressable,1,-0.0660007618367672,-0.0660007618367672,0.07897415152050016,true,0.016000415149642098,0.023016139961819112,0.07150041482462763
joint-19e423cc276169fd1073,M1,291301,single_only_addressable,1,0.1320015236735344,0.0660007618367672,0.13293315133037373,true,0.03823609816290796,0.03277249008262553,0.09167856977501512
joint-ff96f3eeddc533681410,M1,291301,single_only_addressable,0,-0.1320015236735344,0.0660007618367672,0.24655811642069228,true,0.04639783119653366,0.04274152039957644,0.17485819496881308
joint-c4e21270ec4d0d7be262,M1,291301,single_only_addressable,0,-0.0660007618367672,0.1320015236735344,0.3403184275364595,true,0.053102679627803115,0.06155973405774558,0.18415716238091606
joint-f3c2aa3445150de38445,M1,291301,single_only_addressable,1,-0.0660007618367672,-0.1320015236735344,0.16969894554326967,true,0.022908282135584487,0.025815072021668304,0.09561507688950437
joint-9b1bd063fe31242ee1d4,M1,291301,single_only_addressable,0,-0.1320015236735344,0.0660007618367672,0.3046205852431519,true,0.04818829045942862,0.05661528819077445,0.18468706022925566
joint-dc07119105a4b0f17fef,M1,291301,single_only_addressable,0,-0.1320015236735344,-0.1320015236735344,0.1456224914283129,true,0.038370139768809285,0.0429738563346481,0.11775276881624976
joint-e62d176dd1f3b78034aa,M1,291301,single_only_addressable,1,0.0660007618367672,0.0660007618367672,0.09604198205626427,true,0.019038066095582274,0.022729591623312215,0.06627526046660459
joint-7fb044ff7f38057c2332,M1,291301,single_only_addressable,1,-0.0660007618367672,-0.1320015236735344,0.1782384010911089,true,0.02349256677225874,0.02865676337940062,0.08537990457498065
joint-86e6ae730070eee6983b,M1,291301,single_only_addressable,1,0.0660007618367672,-0.0660007618367672,0.20351306390463314,true,0.02932754117340338,0.02756591995437255,0.13315633804588725
joint-9a206f19112cd83d8451,M1,291301,single_only_addressable,1,0.1320015236735344,-0.1320015236735344,0.21423832547648541,true,0.036866269561344756,0.04819792499730118,0.14536220707055622
joint-d9be6f5c2e8106f0264a,M1,291301,single_only_addressable,1,0.0660007618367672,-0.0660007618367672,0.12482201443057299,true,0.02179891621873222,0.02496475190802709,0.06922510749089121
joint-6f8a92fc80c9c4920afe,M1,291301,single_only_addressable,1,0.0660007618367672,-0.0660007618367672,0.2959670620009839,true,0.0419795095097637,0.03666276672985539,0.15386112688193324
joint-2a31fc646bfd539046d7,M1,291301,single_only_addressable,1,0.0660007618367672,0.1320015236735344,0.28354000087625697,true,0.057831762619320964,0.058339770846283986,0.21102981461195516
joint-e8ed568644109d3c68dd,M1,291301,single_only_addressable,1,0.0660007618367672,0.0660007618367672,0.15781718576641335,true,0.025722641720341662,0.029786699650707613,0.08262422910316884
joint-310c46903e1f1c1d5a60,M1,291301,single_only_addressable,0,-0.0660007618367672,0.0660007618367672,0.19315849918569983,true,0.03295174287595664,0.03467392079441504,0.11452234816716375
joint-1285f64b5ffdc41a435d,M1,291301,single_only_addressable,0,0.0660007618367672,0.0660007618367672,0.10151175992989987,true,0.021855290450667853,0.02086860554727502,0.13295344199954373
joint-70524fe1e7c2518c400a,M1,291301,single_only_addressable,1,0.0660007618367672,-0.1320015236735344,0.19254955193709974,true,0.03668991616265305,0.04100819789108733,0.11765323613085583
joint-41ae71c0e6c6d51506eb,M1,291301,single_only_addressable,0,-0.0660007618367672,-0.0660007618367672,0.19724647032760906,true,0.031147945475698872,0.04237819488443126,0.1567912593250162
joint-f2a415df92c5dbd9c22b,M1,291301,single_only_addressable,1,0.1320015236735344,0.0660007618367672,0.2170470737511854,true,0.038305668731713934,0.031247202702099224,0.07183900911671726
joint-05f0f9643ecc833a54a1,M1,291301,single_only_addressable,1,0.1320015236735344,-0.1320015236735344,0.21080842829199634,true,0.03968458609395822,0.05115146103920708,0.15542007180077164
joint-6731d5008cdff8444b8a,M1,291301,single_only_addressable,0,0.0660007618367672,0.1320015236735344,0.18157208744955622,true,0.033117724360450435,0.025526778413715638,0.07851449007772336
joint-cd5d57fb2d2fc404ed88,M1,291301,single_only_addressable,1,0.0660007618367672,-0.1320015236735344,0.16732585654622628,true,0.03209275925138221,0.038694485057385215,0.11562367062211983
joint-c73f7954cc710bf9d63c,M1,291301,single_only_addressable,0,-0.1320015236735344,0.1320015236735344,0.340178570690091,true,0.06744115180545052,0.06275092546689506,0.2850504787123896
joint-8c80649d97868318c9fe,M1,291301,single_only_addressable,1,-0.0660007618367672,0.1320015236735344,0.1977965358270802,true,0.033669667096689136,0.03671489337339049,0.1262818202715081
joint-e8ffd69e58705acdb563,M1,291301,single_only_addressable,0,-0.1320015236735344,-0.1320015236735344,0.36247750745829577,true,0.05529467797185088,0.06842911928747303,0.17600034045016658
joint-2474a6ed6bbe4f7e1b97,M1,291301,single_only_addressable,1,-0.0660007618367672,-0.0660007618367672,0.20299520706967367,true,0.03897129916821036,0.04163406779517879,0.16176018881169704
joint-1b6c644185589ebc48c8,M1,291301,single_only_addressable,1,-0.1320015236735344,0.1320015236735344,0.23640089357258656,true,0.03864611346477575,0.041353634946990604,0.12692954244546795
joint-efe7c8a0a11bb35094e0,M1,291301,single_only_addressable,0,-0.1320015236735344,0.0660007618367672,0.34989034602386265,true,0.07523804044017224,0.0724214138018965,0.28118159968497863
joint-9ea456682d298ae62b43,M1,291301,single_only_addressable,0,0.1320015236735344,0.1320015236735344,0.38309566524845334,true,0.07137349688741763,0.060221717773294804,0.28006490185126165
joint-7d924a87e8568d82b71b,M1,291301,single_only_addressable,1,-0.0660007618367672,-0.1320015236735344,0.1976607701072476,true,0.029605672694583404,0.03229538335258564,0.11151914344675547
joint-f012efad790d4bcb5275,M1,291301,single_only_addressable,1,0.0660007618367672,-0.1320015236735344,0.32683514753383247,true,0.051378709644520404,0.04980066514695005,0.18463157366614033
joint-99a2122f162a74088f58,M1,291301,single_only_addressable,0,0.1320015236735344,0.0660007618367672,0.1225296747742051,true,0.02833874359687893,0.031751889151431296,0.07002920386832928
joint-ce884c4d333127e8b6dc,M1,291301,single_only_addressable,0,0.1320015236735344,-0.1320015236735344,0.45748683638985094,false,0.0749562118587132,0.07947532825472926,0.24395989140668425
joint-50af49320c1511a0d6c6,M1,291301,single_only_addressable,1,0.1320015236735344,0.1320015236735344,0.33982537584677525,true,0.056975124102439,0.06299479773379708,0.18404096093254993
joint-4664e26abb95085a572a,M1,291301,single_only_addressable,1,-0.1320015236735344,-0.1320015236735344,0.275850000755195,true,0.060384409971662514,0.05389937938461515,0.3047408033716826
joint-79aa8ba0c5489ddf2497,M1,291301,single_only_addressable,1,0.0660007618367672,0.0660007618367672,0.17134802011108302,true,0.03450332303238909,0.03578856624214477,0.12427197745857943
joint-d987f2e8f59153959f0b,M1,291301,single_only_addressable,0,0.0660007618367672,-0.0660007618367672,0.1782732726295204,true,0.04046585538722356,0.037501598162939735,0.15134004466779388
joint-cb8130fb1c35fd8e7b18,M1,291301,single_only_addressable,0,0.1320015236735344,0.1320015236735344,0.14902384680645575,true,0.03553843283526235,0.029043133460102045,0.08922862036532388
joint-d18a1d26ca0c2d035ee3,M1,291301,single_only_addressable,1,-0.0660007618367672,0.0660007618367672,0.303872874779727,true,0.06281657875777344,0.052095126769563356,0.1758333360356042
joint-da2f34f1c087e97b1afb,M1,291301,single_only_addressable,0,-0.0660007618367672,0.0660007618367672,0.2813969168314741,true,0.042389156245385855,0.05097012599188154,0.16246982854080125
joint-d61e8bcf8b85f15c898a,M1,291301,single_only_addressable,1,-0.0660007618367672,-0.0660007618367672,0.05153042035950758,true,0.008881918331282126,0.016546333197397994,0.04482239236745965
joint-4de8fb543630717fe750,M1,291301,single_only_addressable,1,0.0660007618367672,0.1320015236735344,0.21364014545598725,true,0.033458713278741434,0.03246697958732731,0.09952653525951437
joint-dc3cf8ce3539277e0726,M1,291301,single_only_addressable,0,-0.0660007618367672,-0.1320015236735344,0.36718922720993985,true,0.05494441394033091,0.06440550631643635,0.2549220485415216
joint-afc74f4446a723051311,M1,291301,single_only_addressable,0,0.1320015236735344,0.0660007618367672,0.18052662045841636,true,0.030194969971309403,0.0325086449949802,0.16739775126127782
joint-b8e91cf056a2850aa06d,M1,291301,single_only_addressable,1,0.1320015236735344,0.1320015236735344,0.3849186793389903,true,0.07352855075422937,0.0636758261229202,0.20292624599474607
joint-1f313d8436034e3c8a2f,M1,291301,single_only_addressable,0,0.0660007618367672,-0.0660007618367672,0.24531734783993073,true,0.03947103778671203,0.04092507266387201,0.1254288657746854
joint-86283058a19cd7794f47,M1,291301,single_only_addressable,1,-0.1320015236735344,0.1320015236735344,0.5549912304873577,false,0.09519117924985224,0.08260357321933261,0.33076317454455273
joint-a5ed81533299a3f553ae,M1,291301,single_only_addressable,1,0.0660007618367672,0.1320015236735344,0.2561502455792976,true,0.03968353579462381,0.04441815284932735,0.12825400592562536
joint-1b3125f558c72b1ea5e4,M1,291301,single_only_addressable,1,-0.0660007618367672,0.1320015236735344,0.12177124187388379,true,0.023865803136503078,0.03186955197725015,0.10472517101375309
joint-3dcb938aa6f788013529,M1,291301,single_only_addressable,0,-0.0660007618367672,-0.0660007618367672,0.09601739263473973,true,0.027420311056870098,0.032364201575911085,0.09877944285678696
joint-f3d0c584cd58125ec9bd,M1,291301,single_only_addressable,0,-0.0660007618367672,-0.1320015236735344,0.12160213180792888,true,0.028268457927587302,0.0377338095995253,0.14581574482204687
joint-a4fe2bd135f56d3a3b4d,M1,291301,single_only_addressable,0,-0.1320015236735344,-0.0660007618367672,0.1481924132508327,true,0.03234007658975399,0.03646970181505607,0.13726512446394873
joint-baf9ad5b2a0e2663433b,M1,291301,single_only_addressable,0,0.1320015236735344,0.1320015236735344,0.33586000111652337,true,0.062927066395479,0.05617265478933435,0.31475200130425
joint-63dd4abeb6e1325c7806,M1,291301,single_only_addressable,0,-0.1320015236735344,0.1320015236735344,0.47592421880792984,false,0.07240175979696059,0.0811700026657632,0.2721663962141904
joint-89a8114aac92bfca40db,M1,291301,single_only_addressable,0,0.0660007618367672,0.1320015236735344,0.21654110935653823,true,0.04253808319101257,0.041278354611696,0.16657187783072638
joint-fdd9add87d3e0887f0db,M1,291301,single_only_addressable,0,-0.0660007618367672,-0.0660007618367672,0.02353759332854406,true,0.014149966733499926,0.022302074795208886,0.06268427667780994
joint-8deb233befdaaa44244e,M1,291301,single_only_addressable,0,-0.0660007618367672,-0.1320015236735344,0.3574843633430567,true,0.055264252437763416,0.0667241192932676,0.2562431669389317
joint-750a25537e1c577ecb17,M1,291301,single_only_addressable,0,0.1320015236735344,0.0660007618367672,0.35172771717545454,true,0.056516956038582804,0.05228340967392142,0.26808988650614624
joint-d20c3c92116f8fce3c1e,M1,291301,single_only_addressable,0,-0.1320015236735344,-0.0660007618367672,0.310203288508386,true,0.07084614982355862,0.05434621864701726,0.24732732606999425
joint-83912571774477870e69,M1,291301,single_only_addressable,0,0.1320015236735344,-0.0660007618367672,0.3388516983428101,true,0.053128320340717454,0.05484518170901515,0.16084035837756977
joint-0b091357d2bc89169b82,M1,291301,single_only_addressable,0,0.1320015236735344,-0.1320015236735344,0.4321584155768516,false,0.0837713249514155,0.08439217589468692,0.3273803290700025
joint-79a2726c7c85c127d89d,M1,291301,single_only_addressable,0,-0.1320015236735344,-0.1320015236735344,0.27289588568509726,true,0.05844521437562445,0.06100856857849943,0.24426269644839807
joint-ff0e8b614b34aecce4b3,M1,291301,single_only_addressable,1,0.0660007618367672,0.1320015236735344,0.09832043131067418,true,0.05048641892420833,0.04335814868923396,0.11267388560246577
joint-a6e0056491e5774f3780,M1,291301,single_only_addressable,0,0.0660007618367672,-0.1320015236735344,0.39716333587946445,true,0.0640817217899893,0.06526487678482006,0.22765492716706193
joint-009541860623d2bb9f1f,M1,291301,single_only_addressable,0,-0.0660007618367672,0.1320015236735344,0.38044251663011885,true,0.05879063692420163,0.05932808096519829,0.19553935904532152
joint-ffe811f4bd9985f39189,M1,291301,single_only_addressable,0,-0.0660007618367672,-0.1320015236735344,0.1553440628472425,true,0.03283492334496954,0.03342238227440443,0.08989727113848364
joint-08c462a1ad92c4ade964,M1,291301,single_only_addressable,0,0.1320015236735344,-0.0660007618367672,0.3127690427485184,true,0.05009197629029223,0.05406218834525982,0.16592096832924602
joint-2ce56f0ea0683dcda2f5,M1,291301,single_only_addressable,0,-0.1320015236735344,-0.0660007618367672,0.2530904455594346,true,0.04701505724269018,0.051004128833395716,0.19266564873578843
joint-e8e45e1d9d7dc3a06a25,M1,291301,single_only_addressable,0,0.1320015236735344,-0.1320015236735344,0.4669537649478402,false,0.07261992885100121,0.07527707156505699,0.2303885954821777
joint-cf92d455cc3ba4b96312,M1,291301,single_only_addressable,1,-0.1320015236735344,0.1320015236735344,0.38109141870935337,true,0.052470719388960224,0.05473029589117195,0.27154916915180166
joint-2a931d7a53cb9c33974d,M1,291302,single_only_addressable,0,0.0660007618367672,-0.0660007618367672,0.16968681082334125,true,0.053413135775942505,0.041173921623252355,0.14809179571315337
joint-4352a0ffd3ac22d2f5e6,M1,291302,single_only_addressable,1,0.0660007618367672,-0.0660007618367672,0.06048872981140091,true,0.011255273953502567,0.011769649487323853,0.026960890292150458
joint-147f59a58d0ef285e900,M1,291302,single_only_addressable,0,0.0660007618367672,-0.1320015236735344,0.2491030244337773,false,0.09721714032681061,0.07814992065984945,0.24198476476150044
joint-d0326bfd1d59b011ffc1,M1,291302,single_only_addressable,0,0.1320015236735344,0.0660007618367672,0.05110106519647638,true,0.02039831993586847,0.023303647711084705,0.053194411974331925
joint-b0a6408213b275a6eec4,M1,291302,single_only_addressable,0,-0.1320015236735344,0.0660007618367672,0.1320284663299569,true,0.020138034244855673,0.027170477839626134,0.07314298929498975
joint-f16075ae76c562b01afa,M1,291302,single_only_addressable,1,0.1320015236735344,0.0660007618367672,0.3222922284446818,true,0.049129479349192116,0.04855552359109957,0.22411061881742794
joint-6c84dffefac07a85efd4,M1,291302,single_only_addressable,1,0.1320015236735344,-0.1320015236735344,0.1665177381687748,true,0.025983315529585903,0.02331093999920099,0.0576523068707706
joint-530af393a720d348afb0,M1,291302,single_only_addressable,1,0.0660007618367672,0.0660007618367672,0.04427630858607706,true,0.02089002950649669,0.01868809319634453,0.04464462233918117
joint-66b0d86cfbc4d904308f,M1,291302,single_only_addressable,0,-0.0660007618367672,0.0660007618367672,0.12034710628525586,true,0.020559649658842556,0.02298190244500051,0.06512463360738342
joint-cb84ae0ab47be6c0b097,M1,291302,single_only_addressable,0,-0.0660007618367672,0.1320015236735344,0.1287744686046912,true,0.022752382404864647,0.02695776218494928,0.07593989395176162
joint-bd7b1bc3eac5c32be6ce,M1,291302,single_only_addressable,0,-0.0660007618367672,-0.0660007618367672,0.10962348553045435,true,0.04560610356850982,0.03505485298097117,0.11016620389812178
joint-f42e2b2aa0bcf1904b2c,M1,291302,single_only_addressable,1,0.1320015236735344,0.0660007618367672,0.30374111561233885,true,0.047657953380751884,0.045592841199729464,0.21886271287761772
joint-0cc5980f554a68da719e,M1,291302,single_only_addressable,0,0.1320015236735344,0.1320015236735344,0.35923593066645376,true,0.07404825601475327,0.0570768930248172,0.2783015001120943
joint-c71196ce6b27a5f15741,M1,291302,single_only_addressable,1,-0.0660007618367672,-0.0660007618367672,0.04735429180501244,true,0.01409015512835435,0.011081894017737128,0.019581156770466516
joint-08a29e94c959b15daf6c,M1,291302,single_only_addressable,0,-0.1320015236735344,-0.0660007618367672,0.1381956519132128,true,0.05224220434713011,0.0365658290786043,0.0751662592830058
joint-009344968abd7434a0a8,M1,291302,single_only_addressable,1,0.1320015236735344,-0.1320015236735344,0.17203136729325275,true,0.02489702782972483,0.02367712911869656,0.05144067693879822
joint-0d9b039cb21daac03d2a,M1,291302,single_only_addressable,1,0.0660007618367672,0.0660007618367672,0.09895206707176667,true,0.0201034455337923,0.017409668949898427,0.04211227992867679
joint-96bbd61ef63ebf358d5e,M1,291302,single_only_addressable,0,-0.0660007618367672,0.0660007618367672,0.11082045471572355,true,0.017366553463524444,0.02120283445940095,0.0579865366272621
joint-71226efdc82c7b8eb4e1,M1,291302,single_only_addressable,1,0.1320015236735344,-0.1320015236735344,0.37427982783573976,true,0.06326131721108597,0.07183726959316238,0.2894799791271179
joint-2b6a5ce6c26b3991652e,M1,291302,single_only_addressable,0,0.0660007618367672,-0.1320015236735344,0.09322620282712055,true,0.015583328024119948,0.01786117314187749,0.0649318026658478
joint-c45a492c6ab0e2e5bfbe,M1,291302,single_only_addressable,1,0.1320015236735344,-0.0660007618367672,0.32938329069598343,true,0.05447263074282453,0.05931483473042005,0.2686762456392808
joint-b2b2ebaf8b3253aafde3,M1,291302,single_only_addressable,0,0.1320015236735344,-0.1320015236735344,0.340310207304495,true,0.08523290578057419,0.08117933193002094,0.24869343558256443
joint-58d5f239e12552c3626e,M1,291302,single_only_addressable,0,-0.1320015236735344,0.1320015236735344,0.3372600521616187,true,0.06962040612341244,0.06915026184563017,0.2915905860374272
joint-fc2b76f0772372bf8c3c,M1,291302,single_only_addressable,1,-0.1320015236735344,0.0660007618367672,0.14236355900313283,true,0.02610676014681811,0.027922718496186206,0.07669891993432632
joint-fe2aefddb9b7745686ad,M1,291302,single_only_addressable,1,-0.0660007618367672,0.0660007618367672,0.1118167822033942,true,0.05104914528140838,0.034432336087790616,0.1395667197459668
joint-8b6ff975d45da97a4933,M1,291302,single_only_addressable,1,0.1320015236735344,-0.1320015236735344,0.2412109772406252,true,0.03263956148345005,0.03050378130599825,0.07917668677812202
joint-175e17d0ef9573bac40e,M1,291302,single_only_addressable,0,-0.1320015236735344,0.1320015236735344,0.1828750946463402,true,0.027672739794881853,0.03650459923021079,0.09890632690259002
joint-a3d06b9cb0966439eddd,M1,291302,single_only_addressable,1,0.0660007618367672,0.1320015236735344,0.12319352633461435,true,0.023815836232369065,0.026379576429874232,0.12148934323294128
joint-04c90cd2b55e51d7395c,M1,291302,single_only_addressable,0,0.0660007618367672,-0.1320015236735344,0.12219563333361265,true,0.026494165783005275,0.04065332183121069,0.1474279474170962
joint-03d19206c4766692b70a,M1,291302,single_only_addressable,0,-0.0660007618367672,0.0660007618367672,0.09644327005191101,true,0.016686483646193646,0.020654339454876415,0.05643457954730817
joint-f3533a47857412ee6574,M1,291302,single_only_addressable,1,-0.0660007618367672,-0.0660007618367672,0.013415110726882907,true,0.011531099849100612,0.011565359141969793,0.01527332145711409
joint-19e423cc276169fd1073,M1,291302,single_only_addressable,1,0.1320015236735344,0.0660007618367672,0.17686718814376273,true,0.0269031946853346,0.024214182354872372,0.09862317755574501
joint-ff96f3eeddc533681410,M1,291302,single_only_addressable,0,-0.1320015236735344,0.0660007618367672,0.1507818177136797,true,0.035247174695232544,0.039986601985384805,0.12587582254620747
joint-c4e21270ec4d0d7be262,M1,291302,single_only_addressable,0,-0.0660007618367672,0.1320015236735344,0.19951657482988275,true,0.03152426062151682,0.033127971028009295,0.09393282935343668
joint-f3c2aa3445150de38445,M1,291302,single_only_addressable,1,-0.0660007618367672,-0.1320015236735344,0.10748754023338598,true,0.021319993384971165,0.018974039315355386,0.06079238613491448
joint-9b1bd063fe31242ee1d4,M1,291302,single_only_addressable,0,-0.1320015236735344,0.0660007618367672,0.15026130271799673,true,0.02385466937797681,0.030081123338059367,0.08506885494357234
joint-dc07119105a4b0f17fef,M1,291302,single_only_addressable,0,-0.1320015236735344,-0.1320015236735344,0.05829494899206185,true,0.012161587956303444,0.01908607969005264,0.015107621722106853
joint-e62d176dd1f3b78034aa,M1,291302,single_only_addressable,1,0.0660007618367672,0.0660007618367672,0.10745042729777594,true,0.023440984624804748,0.0196456998356324,0.05216389402541542
joint-7fb044ff7f38057c2332,M1,291302,single_only_addressable,1,-0.0660007618367672,-0.1320015236735344,0.12541113579924446,true,0.02338568509756447,0.018184565433090345,0.06893781382165404
joint-86e6ae730070eee6983b,M1,291302,single_only_addressable,1,0.0660007618367672,-0.0660007618367672,0.11592585040501803,false,0.08445362161989133,0.06401945414561148,0.17358614726607355
joint-9a206f19112cd83d8451,M1,291302,single_only_addressable,1,0.1320015236735344,-0.1320015236735344,0.10731259827572379,true,0.02102591138512356,0.021294975316527177,0.0520119157437775
joint-d9be6f5c2e8106f0264a,M1,291302,single_only_addressable,1,0.0660007618367672,-0.0660007618367672,0.05449715121340797,true,0.012665222098193624,0.01250768934984315,0.03150783641442421
joint-6f8a92fc80c9c4920afe,M1,291302,single_only_addressable,1,0.0660007618367672,-0.0660007618367672,0.12322313290824156,true,0.027582854575981048,0.029479690519875916,0.14020741182472446
joint-2a31fc646bfd539046d7,M1,291302,single_only_addressable,1,0.0660007618367672,0.1320015236735344,0.3008576472446165,false,0.08266659529653031,0.079200280820362,0.24252825520981458
joint-e8ed568644109d3c68dd,M1,291302,single_only_addressable,1,0.0660007618367672,0.0660007618367672,0.0766456123094525,true,0.01860922291160168,0.01776622164074152,0.041218615679063396
joint-310c46903e1f1c1d5a60,M1,291302,single_only_addressable,0,-0.0660007618367672,0.0660007618367672,0.12061338390283195,true,0.0185304945830019,0.022239978302721078,0.06065132201237315
joint-1285f64b5ffdc41a435d,M1,291302,single_only_addressable,0,0.0660007618367672,0.0660007618367672,0.08889584746395773,false,0.07840388350431554,0.06044273170313496,0.13969880044214258
joint-70524fe1e7c2518c400a,M1,291302,single_only_addressable,1,0.0660007618367672,-0.1320015236735344,0.11504468507278547,true,0.019541937556154465,0.019768291814077146,0.03764858342893228
joint-41ae71c0e6c6d51506eb,M1,291302,single_only_addressable,0,-0.0660007618367672,-0.0660007618367672,0.16222850565563265,true,0.05822511065894806,0.04897560011613297,0.12005357911899683
joint-f2a415df92c5dbd9c22b,M1,291302,single_only_addressable,1,0.1320015236735344,0.0660007618367672,0.1295992636456782,true,0.02851275210579101,0.02204061762225794,0.061911236138359645
joint-05f0f9643ecc833a54a1,M1,291302,single_only_addressable,1,0.1320015236735344,-0.1320015236735344,0.15562876521819444,true,0.025090575144179988,0.022844396886548594,0.05570317696306245
joint-6731d5008cdff8444b8a,M1,291302,single_only_addressable,0,0.0660007618367672,0.1320015236735344,0.14833620078140736,true,0.025519801857085914,0.027075848871353458,0.07988132076780423
joint-cd5d57fb2d2fc404ed88,M1,291302,single_only_addressable,1,0.0660007618367672,-0.1320015236735344,0.07308581043036605,true,0.01922628705456402,0.017762123722384386,0.03401895758088824
joint-c73f7954cc710bf9d63c,M1,291302,single_only_addressable,0,-0.1320015236735344,0.1320015236735344,0.2744715509746698,false,0.09396169514664048,0.05814206857128562,0.24251684465908055
joint-8c80649d97868318c9fe,M1,291302,single_only_addressable,1,-0.0660007618367672,0.1320015236735344,0.17271103922242395,true,0.026612967009016976,0.02523594459217728,0.07719135173833797
joint-e8ffd69e58705acdb563,M1,291302,single_only_addressable,0,-0.1320015236735344,-0.1320015236735344,0.3014948854663218,false,0.11176891306456957,0.09068122784611743,0.16267087715957546
joint-2474a6ed6bbe4f7e1b97,M1,291302,single_only_addressable,1,-0.0660007618367672,-0.0660007618367672,0.19762084121419746,true,0.03927427912857369,0.03210842799397831,0.14626569672180917
joint-1b6c644185589ebc48c8,M1,291302,single_only_addressable,1,-0.1320015236735344,0.1320015236735344,0.25442060696700075,true,0.03394672762746814,0.036810729683704586,0.11713942984503431
joint-efe7c8a0a11bb35094e0,M1,291302,single_only_addressable,0,-0.1320015236735344,0.0660007618367672,0.3473617648729093,true,0.07410889249805774,0.06554527503406425,0.27891522834186955
joint-9ea456682d298ae62b43,M1,291302,single_only_addressable,0,0.1320015236735344,0.1320015236735344,0.3641206888657906,true,0.08757307394931362,0.05905718112081257,0.27602684071038175
joint-7d924a87e8568d82b71b,M1,291302,single_only_addressable,1,-0.0660007618367672,-0.1320015236735344,0.06803951114887792,true,0.020813678298324943,0.014882726173098918,0.03432834547275521
joint-f012efad790d4bcb5275,M1,291302,single_only_addressable,1,0.0660007618367672,-0.1320015236735344,0.15434291893953356,true,0.03077761262797007,0.0357663650389763,0.15859512724857067
joint-99a2122f162a74088f58,M1,291302,single_only_addressable,0,0.1320015236735344,0.0660007618367672,0.08472169652571326,true,0.02036245193409933,0.023443923752908716,0.05611274081049759
joint-ce884c4d333127e8b6dc,M1,291302,single_only_addressable,0,0.1320015236735344,-0.1320015236735344,0.15720997187502683,true,0.023879571437521337,0.030078026217403672,0.10805708812046218
joint-50af49320c1511a0d6c6,M1,291302,single_only_addressable,1,0.1320015236735344,0.1320015236735344,0.3441756217721588,true,0.055740336621576764,0.05411837439154107,0.22179234449835042
joint-4664e26abb95085a572a,M1,291302,single_only_addressable,1,-0.1320015236735344,-0.1320015236735344,0.25948836518729285,true,0.04212633829754001,0.0446247583043397,0.26696514685437006
joint-79aa8ba0c5489ddf2497,M1,291302,single_only_addressable,1,0.0660007618367672,0.0660007618367672,0.1846634096673711,true,0.05224051319465067,0.05441849812634049,0.14541659622565373
joint-d987f2e8f59153959f0b,M1,291302,single_only_addressable,0,0.0660007618367672,-0.0660007618367672,0.1845147681012084,true,0.04438240269017429,0.044130230461027875,0.135014074140663
joint-cb8130fb1c35fd8e7b18,M1,291302,single_only_addressable,0,0.1320015236735344,0.1320015236735344,0.11923789416360622,true,0.024320660029186387,0.029629198391013,0.0894921420551293
joint-d18a1d26ca0c2d035ee3,M1,291302,single_only_addressable,1,-0.0660007618367672,0.0660007618367672,0.2112250935094739,true,0.03907556240993161,0.03749515727654821,0.14665434181426668
joint-da2f34f1c087e97b1afb,M1,291302,single_only_addressable,0,-0.0660007618367672,0.0660007618367672,0.09255152168196079,true,0.01950794003623078,0.024244551713613147,0.0715864736642175
joint-d61e8bcf8b85f15c898a,M1,291302,single_only_addressable,1,-0.0660007618367672,-0.0660007618367672,0.08429426109035011,true,0.017330462322551955,0.01719991803379809,0.04562454078597193
joint-4de8fb543630717fe750,M1,291302,single_only_addressable,1,0.0660007618367672,0.1320015236735344,0.11258220173496356,true,0.030187869923404147,0.0228055927531856,0.05010698608889034
joint-dc3cf8ce3539277e0726,M1,291302,single_only_addressable,0,-0.0660007618367672,-0.1320015236735344,0.31164036112386384,false,0.1164232629338478,0.08225572851145882,0.2067750822826162
joint-afc74f4446a723051311,M1,291302,single_only_addressable,0,0.1320015236735344,0.0660007618367672,0.11746524826216241,true,0.06396046579022227,0.0455334599394043,0.13549047902681724
joint-b8e91cf056a2850aa06d,M1,291302,single_only_addressable,1,0.1320015236735344,0.1320015236735344,0.35159860660166803,true,0.07035612331402337,0.08352706996748324,0.2246006620159262
joint-1f313d8436034e3c8a2f,M1,291302,single_only_addressable,0,0.0660007618367672,-0.0660007618367672,0.04572488859643544,true,0.008991344741993477,0.012329335543037938,0.034855422625977475
joint-86283058a19cd7794f47,M1,291302,single_only_addressable,1,-0.1320015236735344,0.1320015236735344,0.2959325613974501,true,0.050532255449179816,0.053766750164073375,0.26378196018655053
joint-a5ed81533299a3f553ae,M1,291302,single_only_addressable,1,0.0660007618367672,0.1320015236735344,0.13980312688713345,true,0.035026943321804484,0.02799801634118455,0.07285568054639377
joint-1b3125f558c72b1ea5e4,M1,291302,single_only_addressable,1,-0.0660007618367672,0.1320015236735344,0.12248610412703374,true,0.020479511378735143,0.021064119587158574,0.07330182318749416
joint-3dcb938aa6f788013529,M1,291302,single_only_addressable,0,-0.0660007618367672,-0.0660007618367672,0.12282907574487616,true,0.02641697042034068,0.022961617069181168,0.09958924412382841
joint-f3d0c584cd58125ec9bd,M1,291302,single_only_addressable,0,-0.0660007618367672,-0.1320015236735344,0.14971128285830973,true,0.026542740757929933,0.029971604850721926,0.10501566744830539
joint-a4fe2bd135f56d3a3b4d,M1,291302,single_only_addressable,0,-0.1320015236735344,-0.0660007618367672,0.11538744843058134,true,0.06405199863287898,0.06027419483880398,0.10134727751260625
joint-baf9ad5b2a0e2663433b,M1,291302,single_only_addressable,0,0.1320015236735344,0.1320015236735344,0.19480066717956415,true,0.07960224900806832,0.05447455670419809,0.3030318168187468
joint-63dd4abeb6e1325c7806,M1,291302,single_only_addressable,0,-0.1320015236735344,0.1320015236735344,0.17964272155431815,true,0.026966117822873597,0.036854688524624146,0.10374723802955714
joint-89a8114aac92bfca40db,M1,291302,single_only_addressable,0,0.0660007618367672,0.1320015236735344,0.2153375419371365,true,0.03940568667238177,0.03785832016180133,0.16394701816048574
joint-fdd9add87d3e0887f0db,M1,291302,single_only_addressable,0,-0.0660007618367672,-0.0660007618367672,0.054532594544246,true,0.011785280331728229,0.019526737210236927,0.047159042815428716
joint-8deb233befdaaa44244e,M1,291302,single_only_addressable,0,-0.0660007618367672,-0.1320015236735344,0.29829910520667563,false,0.09855471717789469,0.07980263526409079,0.19466952332055992
joint-750a25537e1c577ecb17,M1,291302,single_only_addressable,0,0.1320015236735344,0.0660007618367672,0.3389205976247966,true,0.06968750200787752,0.05614653681327466,0.26426610187358396
joint-d20c3c92116f8fce3c1e,M1,291302,single_only_addressable,0,-0.1320015236735344,-0.0660007618367672,0.3457715853301181,true,0.07185466104120575,0.05839648164560832,0.23148526175129575
joint-83912571774477870e69,M1,291302,single_only_addressable,0,0.1320015236735344,-0.0660007618367672,0.03646624720935352,true,0.009751581744373376,0.013138606931273498,0.054724411854668475
joint-0b091357d2bc89169b82,M1,291302,single_only_addressable,0,0.1320015236735344,-0.1320015236735344,0.38192217089247316,false,0.09208152554317944,0.09354136552988203,0.29873546450586724
joint-79a2726c7c85c127d89d,M1,291302,single_only_addressable,0,-0.1320015236735344,-0.1320015236735344,0.2957063900972979,true,0.0544466201767153,0.046730022573944124,0.20915294225122139
joint-ff0e8b614b34aecce4b3,M1,291302,single_only_addressable,1,0.0660007618367672,0.1320015236735344,0.12226626075401699,true,0.027032524831895815,0.028925776555135244,0.11201035761052135
joint-a6e0056491e5774f3780,M1,291302,single_only_addressable,0,0.0660007618367672,-0.1320015236735344,0.2550182961712944,true,0.058952856866479275,0.06976595181900737,0.19300930780638323
joint-009541860623d2bb9f1f,M1,291302,single_only_addressable,0,-0.0660007618367672,0.1320015236735344,0.1535926914293311,true,0.023643143960719683,0.028593527054383006,0.07664952355002459
joint-ffe811f4bd9985f39189,M1,291302,single_only_addressable,0,-0.0660007618367672,-0.1320015236735344,0.02263616391359486,true,0.008927527532265809,0.01667180752770306,0.015595722667136507
joint-08c462a1ad92c4ade964,M1,291302,single_only_addressable,0,0.1320015236735344,-0.0660007618367672,0.038966991325308016,true,0.010472824656455456,0.011687972354696466,0.044569687520822014
joint-2ce56f0ea0683dcda2f5,M1,291302,single_only_addressable,0,-0.1320015236735344,-0.0660007618367672,0.254613434939294,true,0.047899860909058414,0.04179917483381373,0.18515543101094106
joint-e8e45e1d9d7dc3a06a25,M1,291302,single_only_addressable,0,0.1320015236735344,-0.1320015236735344,0.13055283990002964,true,0.019438568836610583,0.022241309852044314,0.08445429337141058
joint-cf92d455cc3ba4b96312,M1,291302,single_only_addressable,1,-0.1320015236735344,0.1320015236735344,0.30559362198675266,false,0.14235134147216938,0.07841413444471261,0.29549372201215646
joint-2a931d7a53cb9c33974d,M1,291303,single_only_addressable,0,0.0660007618367672,-0.0660007618367672,0.3429678321108972,true,0.05373320953537173,0.05209886587977608,0.17586723873058466
joint-4352a0ffd3ac22d2f5e6,M1,291303,single_only_addressable,1,0.0660007618367672,-0.0660007618367672,0.20309260663241535,true,0.031195673924541624,0.034134891157985014,0.10911392145485978
joint-147f59a58d0ef285e900,M1,291303,single_only_addressable,0,0.0660007618367672,-0.1320015236735344,0.48059148235906707,false,0.08543394903648915,0.09500623295858773,0.288700486678042
joint-d0326bfd1d59b011ffc1,M1,291303,single_only_addressable,0,0.1320015236735344,0.0660007618367672,0.2680876568219183,true,0.041114142122639766,0.04652580363323814,0.08068133103082914
joint-b0a6408213b275a6eec4,M1,291303,single_only_addressable,0,-0.1320015236735344,0.0660007618367672,0.3722525515911072,true,0.05392838064502733,0.05481820686482803,0.1665999294370538
joint-f16075ae76c562b01afa,M1,291303,single_only_addressable,1,0.1320015236735344,0.0660007618367672,0.34280738906684827,true,0.07582924470715181,0.05260430834385871,0.22809074435277982
joint-6c84dffefac07a85efd4,M1,291303,single_only_addressable,1,0.1320015236735344,-0.1320015236735344,0.4549004939422755,false,0.06878791945643,0.06245840747087289,0.19229477294550573
joint-530af393a720d348afb0,M1,291303,single_only_addressable,1,0.0660007618367672,0.0660007618367672,0.137917356616394,true,0.024141208700646448,0.03721914931690194,0.08420929361997427
joint-66b0d86cfbc4d904308f,M1,291303,single_only_addressable,0,-0.0660007618367672,0.0660007618367672,0.21055755295490303,true,0.03244702898042163,0.03995893665200842,0.11731516315142701
joint-cb84ae0ab47be6c0b097,M1,291303,single_only_addressable,0,-0.0660007618367672,0.1320015236735344,0.2299065413261878,true,0.045632746180882706,0.06225542606287094,0.1803930904412911
joint-bd7b1bc3eac5c32be6ce,M1,291303,single_only_addressable,0,-0.0660007618367672,-0.0660007618367672,0.12097977968100398,true,0.03059221581001008,0.05098919356894915,0.12667432359461947
joint-f42e2b2aa0bcf1904b2c,M1,291303,single_only_addressable,1,0.1320015236735344,0.0660007618367672,0.30341654476864716,true,0.07310187343666262,0.04960413149536821,0.17072441630355015
joint-0cc5980f554a68da719e,M1,291303,single_only_addressable,0,0.1320015236735344,0.1320015236735344,0.3225122261697932,true,0.04817974940967621,0.055241853130499396,0.3053185095941709
joint-c71196ce6b27a5f15741,M1,291303,single_only_addressable,1,-0.0660007618367672,-0.0660007618367672,0.06257954271978619,true,0.016110591824354367,0.03374880977658545,0.12706949956704605
joint-08a29e94c959b15daf6c,M1,291303,single_only_addressable,0,-0.1320015236735344,-0.0660007618367672,0.1577877941828038,true,0.03247995493984051,0.0476527204251989,0.13992031270421657
joint-009344968abd7434a0a8,M1,291303,single_only_addressable,1,0.1320015236735344,-0.1320015236735344,0.44195718991477406,false,0.06669665159177735,0.06402983116354603,0.19612667551834112
joint-0d9b039cb21daac03d2a,M1,291303,single_only_addressable,1,0.0660007618367672,0.0660007618367672,0.08223656570782578,true,0.014621264998860593,0.039806233768927654,0.09564258424753036
joint-96bbd61ef63ebf358d5e,M1,291303,single_only_addressable,0,-0.0660007618367672,0.0660007618367672,0.23751781892752913,true,0.034934601220848675,0.04420739039002547,0.12999457864593897
joint-71226efdc82c7b8eb4e1,M1,291303,single_only_addressable,1,0.1320015236735344,-0.1320015236735344,0.506058516428549,false,0.08812214989297305,0.08374031887674772,0.29916966611434703
joint-2b6a5ce6c26b3991652e,M1,291303,single_only_addressable,0,0.0660007618367672,-0.1320015236735344,0.30415074452357505,true,0.0506832105544297,0.06584810233588638,0.1942794467119103
joint-c45a492c6ab0e2e5bfbe,M1,291303,single_only_addressable,1,0.1320015236735344,-0.0660007618367672,0.4365258531407223,false,0.08127528161361997,0.06739722682161714,0.28549041450954943
joint-b2b2ebaf8b3253aafde3,M1,291303,single_only_addressable,0,0.1320015236735344,-0.1320015236735344,0.35701424512456764,true,0.06561289525935882,0.06685381278722463,0.25142843988852587
joint-58d5f239e12552c3626e,M1,291303,single_only_addressable,0,-0.1320015236735344,0.1320015236735344,0.31955274594304905,true,0.05821210065438657,0.06070569790348361,0.3044045205979655
joint-fc2b76f0772372bf8c3c,M1,291303,single_only_addressable,1,-0.1320015236735344,0.0660007618367672,0.2790897171887379,true,0.045560962318304185,0.05110063329522044,0.16866307004898645
joint-fe2aefddb9b7745686ad,M1,291303,single_only_addressable,1,-0.0660007618367672,0.0660007618367672,0.10949463658573279,true,0.020288644106034072,0.024742719708493538,0.12571641586816756
joint-8b6ff975d45da97a4933,M1,291303,single_only_addressable,1,0.1320015236735344,-0.1320015236735344,0.4764129887090151,false,0.06932086954550293,0.06778763530636342,0.20737887738824162
joint-175e17d0ef9573bac40e,M1,291303,single_only_addressable,0,-0.1320015236735344,0.1320015236735344,0.4290699690663623,false,0.06647875957076617,0.07815480023830886,0.2309850452078178
joint-a3d06b9cb0966439eddd,M1,291303,single_only_addressable,1,0.0660007618367672,0.1320015236735344,0.13369954576851992,true,0.027721584706029288,0.03280807087661832,0.1464507061437634
joint-04c90cd2b55e51d7395c,M1,291303,single_only_addressable,0,0.0660007618367672,-0.1320015236735344,0.15541819191775585,true,0.037485627116350874,0.03848554191810212,0.16227333901333613
joint-03d19206c4766692b70a,M1,291303,single_only_addressable,0,-0.0660007618367672,0.0660007618367672,0.2545492095932593,true,0.03828073641681602,0.043979286903718474,0.13042650623826857
joint-f3533a47857412ee6574,M1,291303,single_only_addressable,1,-0.0660007618367672,-0.0660007618367672,0.07439340922524461,true,0.01720160577672247,0.029871146661173405,0.11261297496647486
joint-19e423cc276169fd1073,M1,291303,single_only_addressable,1,0.1320015236735344,0.0660007618367672,0.1294738116368905,true,0.03265490552443701,0.030749054301864476,0.15359119996830617
joint-ff96f3eeddc533681410,M1,291303,single_only_addressable,0,-0.1320015236735344,0.0660007618367672,0.24586092485676836,true,0.05588843931691029,0.05474769580628357,0.18956582638735292
joint-c4e21270ec4d0d7be262,M1,291303,single_only_addressable,0,-0.0660007618367672,0.1320015236735344,0.25802542034496706,true,0.043870745909095066,0.06613194922022096,0.1804375945776825
joint-f3c2aa3445150de38445,M1,291303,single_only_addressable,1,-0.0660007618367672,-0.1320015236735344,0.2050201466866277,true,0.032342060552229525,0.042533405642107225,0.12042368182173172
joint-9b1bd063fe31242ee1d4,M1,291303,single_only_addressable,0,-0.1320015236735344,0.0660007618367672,0.381336824684425,true,0.05583716815676718,0.05705379322756486,0.17373089846621387
joint-dc07119105a4b0f17fef,M1,291303,single_only_addressable,0,-0.1320015236735344,-0.1320015236735344,0.21725774596486408,true,0.04604913352817606,0.05890004474868167,0.18850242116724214
joint-e62d176dd1f3b78034aa,M1,291303,single_only_addressable,1,0.0660007618367672,0.0660007618367672,0.09814322726919497,true,0.017356795604786875,0.03627509977232567,0.08663035485987358
joint-7fb044ff7f38057c2332,M1,291303,single_only_addressable,1,-0.0660007618367672,-0.1320015236735344,0.22702418832182872,true,0.034605690297107645,0.043944282986523926,0.13743594501404313
joint-86e6ae730070eee6983b,M1,291303,single_only_addressable,1,0.0660007618367672,-0.0660007618367672,0.19716655789950113,true,0.03166512322436029,0.03913528430624663,0.14881052203824224
joint-9a206f19112cd83d8451,M1,291303,single_only_addressable,1,0.1320015236735344,-0.1320015236735344,0.40407201567104356,false,0.06238534106108084,0.06007765466083297,0.18381830120748144
joint-d9be6f5c2e8106f0264a,M1,291303,single_only_addressable,1,0.0660007618367672,-0.0660007618367672,0.2039781864328388,true,0.03203214381173016,0.033589686152653855,0.10015557548228755
joint-6f8a92fc80c9c4920afe,M1,291303,single_only_addressable,1,0.0660007618367672,-0.0660007618367672,0.25526479071665314,true,0.048173168575902245,0.03251159322351173,0.14340867028455423
joint-2a31fc646bfd539046d7,M1,291303,single_only_addressable,1,0.0660007618367672,0.1320015236735344,0.30210258974333304,true,0.048998818485133926,0.04585051824768513,0.22411014462566972
joint-e8ed568644109d3c68dd,M1,291303,single_only_addressable,1,0.0660007618367672,0.0660007618367672,0.17481058736385674,true,0.025531942989563315,0.04154856544857995,0.09900514852351468
joint-310c46903e1f1c1d5a60,M1,291303,single_only_addressable,0,-0.0660007618367672,0.0660007618367672,0.24326100279922713,true,0.03501264745996294,0.04951769462853733,0.14033079392677814
joint-1285f64b5ffdc41a435d,M1,291303,single_only_addressable,0,0.0660007618367672,0.0660007618367672,0.10005905823728606,true,0.029042247521372033,0.035739775138758444,0.14198430958492175
joint-70524fe1e7c2518c400a,M1,291303,single_only_addressable,1,0.0660007618367672,-0.1320015236735344,0.3897066698431114,false,0.059581720739064745,0.05895002366872275,0.16846104117152902
joint-41ae71c0e6c6d51506eb,M1,291303,single_only_addressable,0,-0.0660007618367672,-0.0660007618367672,0.21072330641402076,true,0.03792000501047617,0.04102336397761405,0.1527231337899254
joint-f2a415df92c5dbd9c22b,M1,291303,single_only_addressable,1,0.1320015236735344,0.0660007618367672,0.13049158601896385,true,0.02259999972064558,0.030824134595978093,0.08135322664782117
joint-05f0f9643ecc833a54a1,M1,291303,single_only_addressable,1,0.1320015236735344,-0.1320015236735344,0.4120004421877834,false,0.06386081752762664,0.05948480708648882,0.1883831603420566
joint-6731d5008cdff8444b8a,M1,291303,single_only_addressable,0,0.0660007618367672,0.1320015236735344,0.11501521595560747,true,0.020230063987498867,0.05588163565610812,0.11020349638702163
joint-cd5d57fb2d2fc404ed88,M1,291303,single_only_addressable,1,0.0660007618367672,-0.1320015236735344,0.3546262237998614,true,0.05487933318073374,0.05575377165737466,0.16821248297224223
joint-c73f7954cc710bf9d63c,M1,291303,single_only_addressable,0,-0.1320015236735344,0.1320015236735344,0.36481019409543614,true,0.0703665256729878,0.06939931466967628,0.3124610718775988
joint-8c80649d97868318c9fe,M1,291303,single_only_addressable,1,-0.0660007618367672,0.1320015236735344,0.3769127913992785,true,0.055747027654199095,0.054007229840047764,0.15853340704146615
joint-e8ffd69e58705acdb563,M1,291303,single_only_addressable,0,-0.1320015236735344,-0.1320015236735344,0.3636810214292609,true,0.059665432062559975,0.07350581911690857,0.17833324583555055
joint-2474a6ed6bbe4f7e1b97,M1,291303,single_only_addressable,1,-0.0660007618367672,-0.0660007618367672,0.21641735310675142,true,0.03758322349406831,0.03306838939409859,0.14058418503374634
joint-1b6c644185589ebc48c8,M1,291303,single_only_addressable,1,-0.1320015236735344,0.1320015236735344,0.478634257481626,false,0.0695984303924961,0.06616088044962631,0.1958386923158684
joint-efe7c8a0a11bb35094e0,M1,291303,single_only_addressable,0,-0.1320015236735344,0.0660007618367672,0.351859466226322,true,0.05962132755051528,0.05661523263268664,0.27281190629500485
joint-9ea456682d298ae62b43,M1,291303,single_only_addressable,0,0.1320015236735344,0.1320015236735344,0.3262673891313124,true,0.051699634008296316,0.05680108782050103,0.2826766151437296
joint-7d924a87e8568d82b71b,M1,291303,single_only_addressable,1,-0.0660007618367672,-0.1320015236735344,0.2586869405979245,true,0.041148158199290026,0.03722927346400731,0.12014514901700019
joint-f012efad790d4bcb5275,M1,291303,single_only_addressable,1,0.0660007618367672,-0.1320015236735344,0.2646398301303578,true,0.044996905125799805,0.04451749571643735,0.17967143231399138
joint-99a2122f162a74088f58,M1,291303,single_only_addressable,0,0.1320015236735344,0.0660007618367672,0.2956326032167698,true,0.0456943445915035,0.04793680332923389,0.11519007445028165
joint-ce884c4d333127e8b6dc,M1,291303,single_only_addressable,0,0.1320015236735344,-0.1320015236735344,0.47006797596323463,false,0.07132499829450477,0.08973464514152629,0.26071793675723354
joint-50af49320c1511a0d6c6,M1,291303,single_only_addressable,1,0.1320015236735344,0.1320015236735344,0.36533267255621377,true,0.0655837902249908,0.05549596745142441,0.23214294349834255
joint-4664e26abb95085a572a,M1,291303,single_only_addressable,1,-0.1320015236735344,-0.1320015236735344,0.2880467877328678,true,0.06868631300034334,0.044755348791432566,0.2616494769931159
joint-79aa8ba0c5489ddf2497,M1,291303,single_only_addressable,1,0.0660007618367672,0.0660007618367672,0.19231886795998737,true,0.04203727323045145,0.035469567428490945,0.12230324321360124
joint-d987f2e8f59153959f0b,M1,291303,single_only_addressable,0,0.0660007618367672,-0.0660007618367672,0.19576685971941205,true,0.03619211484153452,0.03687257677989719,0.14453203970225378
joint-cb8130fb1c35fd8e7b18,M1,291303,single_only_addressable,0,0.1320015236735344,0.1320015236735344,0.188508265281048,true,0.03801571448294834,0.05692722692878514,0.10716320503726393
joint-d18a1d26ca0c2d035ee3,M1,291303,single_only_addressable,1,-0.0660007618367672,0.0660007618367672,0.21132549924709623,true,0.04246730701419573,0.041372838931533665,0.1604699809265174
joint-da2f34f1c087e97b1afb,M1,291303,single_only_addressable,0,-0.0660007618367672,0.0660007618367672,0.19989382924994062,true,0.03476375594453235,0.037355383453481536,0.11279801209202431
joint-d61e8bcf8b85f15c898a,M1,291303,single_only_addressable,1,-0.0660007618367672,-0.0660007618367672,0.05525625233557018,true,0.01281586678929675,0.03180938174574434,0.1259888088191842
joint-4de8fb543630717fe750,M1,291303,single_only_addressable,1,0.0660007618367672,0.1320015236735344,0.2933876799078697,true,0.04275657431609495,0.057803709992462655,0.14925855511370198
joint-dc3cf8ce3539277e0726,M1,291303,single_only_addressable,0,-0.0660007618367672,-0.1320015236735344,0.3654895806752467,true,0.06006026033428307,0.06822184624846427,0.25582816935883695
joint-afc74f4446a723051311,M1,291303,single_only_addressable,0,0.1320015236735344,0.0660007618367672,0.17255633882663754,true,0.03537466828838647,0.03791621818842989,0.17015961626542803
joint-b8e91cf056a2850aa06d,M1,291303,single_only_addressable,1,0.1320015236735344,0.1320015236735344,0.38348410211473455,true,0.06371030391984016,0.06692377069777489,0.17993591870701742
joint-1f313d8436034e3c8a2f,M1,291303,single_only_addressable,0,0.0660007618367672,-0.0660007618367672,0.21617415767519796,true,0.034922042704753284,0.04579850169077672,0.13706505401929503
joint-86283058a19cd7794f47,M1,291303,single_only_addressable,1,-0.1320015236735344,0.1320015236735344,0.43866191434806406,true,0.07068988107606054,0.06711222023497983,0.30379176617456677
joint-a5ed81533299a3f553ae,M1,291303,single_only_addressable,1,0.0660007618367672,0.1320015236735344,0.35421642788478386,true,0.048139062233202766,0.05902803075421501,0.15511431111083623
joint-1b3125f558c72b1ea5e4,M1,291303,single_only_addressable,1,-0.0660007618367672,0.1320015236735344,0.2936593987542034,true,0.04702492281748242,0.05244179411900819,0.15980341124535702
joint-3dcb938aa6f788013529,M1,291303,single_only_addressable,0,-0.0660007618367672,-0.0660007618367672,0.09224657173398237,true,0.02199129347749045,0.02699834665755052,0.109284250443483
joint-f3d0c584cd58125ec9bd,M1,291303,single_only_addressable,0,-0.0660007618367672,-0.1320015236735344,0.13181682472876377,true,0.02926010284142238,0.035509946592065064,0.10200248642983212
joint-a4fe2bd135f56d3a3b4d,M1,291303,single_only_addressable,0,-0.1320015236735344,-0.0660007618367672,0.17374381050644538,true,0.036478329844021946,0.04711892518018904,0.14336564435243954
joint-baf9ad5b2a0e2663433b,M1,291303,single_only_addressable,0,0.1320015236735344,0.1320015236735344,0.27292955226326837,true,0.06200253023807753,0.06697786828956159,0.3337396042010166
joint-63dd4abeb6e1325c7806,M1,291303,single_only_addressable,0,-0.1320015236735344,0.1320015236735344,0.42524046332114684,false,0.06841044179366632,0.08024099978420335,0.23677111291412298
joint-89a8114aac92bfca40db,M1,291303,single_only_addressable,0,0.0660007618367672,0.1320015236735344,0.18487832877322255,true,0.03348483933067615,0.04540918175686142,0.1687534257908317
joint-fdd9add87d3e0887f0db,M1,291303,single_only_addressable,0,-0.0660007618367672,-0.0660007618367672,0.09861712939122486,true,0.016513141590778435,0.03209757889212447,0.08584217332999995
joint-8deb233befdaaa44244e,M1,291303,single_only_addressable,0,-0.0660007618367672,-0.1320015236735344,0.3713802947822245,true,0.06560013804532937,0.08787690830223893,0.24686921037527712
joint-750a25537e1c577ecb17,M1,291303,single_only_addressable,0,0.1320015236735344,0.0660007618367672,0.3317726835072246,true,0.05202388730956635,0.05321709632546683,0.27616500067280897
joint-d20c3c92116f8fce3c1e,M1,291303,single_only_addressable,0,-0.1320015236735344,-0.0660007618367672,0.3289736739950392,true,0.05631574628681221,0.04946968244881281,0.24610070127091535
joint-83912571774477870e69,M1,291303,single_only_addressable,0,0.1320015236735344,-0.0660007618367672,0.3570085007918294,true,0.05679479589392603,0.06019943658057091,0.1829671207189732
joint-0b091357d2bc89169b82,M1,291303,single_only_addressable,0,0.1320015236735344,-0.1320015236735344,0.3952944043718143,false,0.0731464735795539,0.0746700907117242,0.29633894127296684
joint-79a2726c7c85c127d89d,M1,291303,single_only_addressable,0,-0.1320015236735344,-0.1320015236735344,0.27575496979966135,true,0.05336966564374591,0.04909202129537977,0.247501843041916
joint-ff0e8b614b34aecce4b3,M1,291303,single_only_addressable,1,0.0660007618367672,0.1320015236735344,0.11619606454316289,true,0.03467076963447202,0.024769933010605764,0.08894147810872434
joint-a6e0056491e5774f3780,M1,291303,single_only_addressable,0,0.0660007618367672,-0.1320015236735344,0.31397595905374553,true,0.057351548971764144,0.06457651607508376,0.21687788231188784
joint-009541860623d2bb9f1f,M1,291303,single_only_addressable,0,-0.0660007618367672,0.1320015236735344,0.3037843302152974,true,0.05152146622549541,0.07192358618895686,0.2023361815080447
joint-ffe811f4bd9985f39189,M1,291303,single_only_addressable,0,-0.0660007618367672,-0.1320015236735344,0.16107501930353707,true,0.03066845105676844,0.04843786780992875,0.14649007767113614
joint-08c462a1ad92c4ade964,M1,291303,single_only_addressable,0,0.1320015236735344,-0.0660007618367672,0.3549578481246981,true,0.05437036188310864,0.05888944686208083,0.17765430335295895
joint-2ce56f0ea0683dcda2f5,M1,291303,single_only_addressable,0,-0.1320015236735344,-0.0660007618367672,0.2651310487615433,true,0.04546685877776238,0.04782842859254434,0.19625849832562278
joint-e8e45e1d9d7dc3a06a25,M1,291303,single_only_addressable,0,0.1320015236735344,-0.1320015236735344,0.40110967035432443,false,0.06405985715558996,0.07666273864105538,0.22957636837449927
joint-cf92d455cc3ba4b96312,M1,291303,single_only_addressable,1,-0.1320015236735344,0.1320015236735344,0.40071743630524104,true,0.061730960426718696,0.06610157233126386,0.26940296968521554
joint-2a931d7a53cb9c33974d,M2,291501,single_only_addressable,0,0.0660007618367672,-0.0660007618367672,0.20929676456938615,true,0.031998763964827495,0.03558729219245765,0.12043816235360404
joint-4352a0ffd3ac22d2f5e6,M2,291501,single_only_addressable,1,0.0660007618367672,-0.0660007618367672,0.13413656242905866,true,0.024468087605577008,0.025367204674819094,0.07784989609988284
joint-147f59a58d0ef285e900,M2,291501,single_only_addressable,0,0.0660007618367672,-0.1320015236735344,0.30148122338937305,true,0.05379556236461946,0.055055459567973204,0.18466648632193736
joint-d0326bfd1d59b011ffc1,M2,291501,single_only_addressable,0,0.1320015236735344,0.0660007618367672,0.1426943456244009,true,0.031842412165322645,0.03519242796151088,0.08378103611199604
joint-b0a6408213b275a6eec4,M2,291501,single_only_addressable,0,-0.1320015236735344,0.0660007618367672,0.21594766419436062,true,0.03771998980202683,0.03987605415461369,0.11314845340716821
joint-f16075ae76c562b01afa,M2,291501,single_only_addressable,1,0.1320015236735344,0.0660007618367672,0.33725617895757093,true,0.05446944170946026,0.05926999258377073,0.18665477454504764
joint-6c84dffefac07a85efd4,M2,291501,single_only_addressable,1,0.1320015236735344,-0.1320015236735344,0.3470589507562469,true,0.05569978527801277,0.05328736479313003,0.16154644662084752
joint-530af393a720d348afb0,M2,291501,single_only_addressable,1,0.0660007618367672,0.0660007618367672,0.2084318017944642,true,0.0323567272148157,0.03332996772645413,0.09829385196103914
joint-66b0d86cfbc4d904308f,M2,291501,single_only_addressable,0,-0.0660007618367672,0.0660007618367672,0.1710654877407314,true,0.031917239707845525,0.03469908828320079,0.09947235675388662
joint-cb84ae0ab47be6c0b097,M2,291501,single_only_addressable,0,-0.0660007618367672,0.1320015236735344,0.2792944643320838,true,0.05195827494695768,0.05386199232286898,0.1680573014508379
joint-bd7b1bc3eac5c32be6ce,M2,291501,single_only_addressable,0,-0.0660007618367672,-0.0660007618367672,0.06477846968708414,true,0.025557699670309453,0.021450534812964484,0.04867771590034992
joint-f42e2b2aa0bcf1904b2c,M2,291501,single_only_addressable,1,0.1320015236735344,0.0660007618367672,0.3106620273256809,true,0.04803039621609961,0.05135796929002884,0.15945924432791814
joint-0cc5980f554a68da719e,M2,291501,single_only_addressable,0,0.1320015236735344,0.1320015236735344,0.3365898809415174,true,0.04911280601125894,0.05696826822006807,0.28983089440030047
joint-c71196ce6b27a5f15741,M2,291501,single_only_addressable,1,-0.0660007618367672,-0.0660007618367672,0.14735250414337078,true,0.02998879526239258,0.03842951186622481,0.09197052876182114
joint-08a29e94c959b15daf6c,M2,291501,single_only_addressable,0,-0.1320015236735344,-0.0660007618367672,0.10232691360119096,true,0.015947481417639627,0.025495481875576285,0.05730437624016096
joint-009344968abd7434a0a8,M2,291501,single_only_addressable,1,0.1320015236735344,-0.1320015236735344,0.33486785545010017,true,0.0571829100406184,0.06008430934356091,0.18428459014382617
joint-0d9b039cb21daac03d2a,M2,291501,single_only_addressable,1,0.0660007618367672,0.0660007618367672,0.16779557053780972,true,0.02351964926767804,0.02398773559976295,0.08068079163912827
joint-96bbd61ef63ebf358d5e,M2,291501,single_only_addressable,0,-0.0660007618367672,0.0660007618367672,0.15226576909690195,true,0.025612294860469578,0.02756278486408718,0.08111545230231007
joint-71226efdc82c7b8eb4e1,M2,291501,single_only_addressable,1,0.1320015236735344,-0.1320015236735344,0.4313771256227392,false,0.07918061121744234,0.08228592982099898,0.3072153831716071
joint-2b6a5ce6c26b3991652e,M2,291501,single_only_addressable,0,0.0660007618367672,-0.1320015236735344,0.2517346533224694,true,0.043473766109043896,0.042392265334859076,0.12622987187722626
joint-c45a492c6ab0e2e5bfbe,M2,291501,single_only_addressable,1,0.1320015236735344,-0.0660007618367672,0.3437618385712241,true,0.06575716175387095,0.0658084749124172,0.27247911700013067
joint-b2b2ebaf8b3253aafde3,M2,291501,single_only_addressable,0,0.1320015236735344,-0.1320015236735344,0.3710957912110851,true,0.0741839635616812,0.07455121047534856,0.2661824236736427
joint-58d5f239e12552c3626e,M2,291501,single_only_addressable,0,-0.1320015236735344,0.1320015236735344,0.3522097188344067,true,0.06933271208444308,0.07220531915619985,0.29864479604126987
joint-fc2b76f0772372bf8c3c,M2,291501,single_only_addressable,1,-0.1320015236735344,0.0660007618367672,0.24597829054232395,true,0.041639537638754776,0.039554428304872935,0.11789671921960386
joint-fe2aefddb9b7745686ad,M2,291501,single_only_addressable,1,-0.0660007618367672,0.0660007618367672,0.18953579564119796,true,0.034822177422644,0.03065421758980776,0.1316519696955815
joint-8b6ff975d45da97a4933,M2,291501,single_only_addressable,1,0.1320015236735344,-0.1320015236735344,0.3532677336830088,true,0.054052140913552045,0.06033462919951304,0.1878728847084525
joint-175e17d0ef9573bac40e,M2,291501,single_only_addressable,0,-0.1320015236735344,0.1320015236735344,0.30404178750260447,true,0.05267291650003587,0.05476079978829558,0.16481968303262168
joint-a3d06b9cb0966439eddd,M2,291501,single_only_addressable,1,0.0660007618367672,0.1320015236735344,0.1166317592677765,true,0.036436991924197484,0.03333315422169884,0.10829564874591126
joint-04c90cd2b55e51d7395c,M2,291501,single_only_addressable,0,0.0660007618367672,-0.1320015236735344,0.23695674814071815,true,0.04260095666204465,0.04275595280576429,0.15876232152657338
joint-03d19206c4766692b70a,M2,291501,single_only_addressable,0,-0.0660007618367672,0.0660007618367672,0.13287124332813277,true,0.023990258820569866,0.026539790207081353,0.07895852002780895
joint-f3533a47857412ee6574,M2,291501,single_only_addressable,1,-0.0660007618367672,-0.0660007618367672,0.16229144709601637,true,0.031402939298743805,0.038308137946273906,0.09904855789160553
joint-19e423cc276169fd1073,M2,291501,single_only_addressable,1,0.1320015236735344,0.0660007618367672,0.22250423099956118,true,0.03884477829361548,0.0465411908193531,0.12463983326588281
joint-ff96f3eeddc533681410,M2,291501,single_only_addressable,0,-0.1320015236735344,0.0660007618367672,0.2203489472127245,true,0.0516825299902412,0.05180556025122722,0.1706970634940489
joint-c4e21270ec4d0d7be262,M2,291501,single_only_addressable,0,-0.0660007618367672,0.1320015236735344,0.31222238440566813,true,0.05917300712033916,0.06298430502627701,0.19005272503052228
joint-f3c2aa3445150de38445,M2,291501,single_only_addressable,1,-0.0660007618367672,-0.1320015236735344,0.32100126123588435,true,0.049001683508575714,0.05783161410340023,0.1595535947721161
joint-9b1bd063fe31242ee1d4,M2,291501,single_only_addressable,0,-0.1320015236735344,0.0660007618367672,0.2190640388252813,true,0.039018274082440095,0.04175860582231129,0.12055398704680392
joint-dc07119105a4b0f17fef,M2,291501,single_only_addressable,0,-0.1320015236735344,-0.1320015236735344,0.22733230481161504,true,0.046956637495456616,0.0440406796784444,0.09730154689044164
joint-e62d176dd1f3b78034aa,M2,291501,single_only_addressable,1,0.0660007618367672,0.0660007618367672,0.17580490467792526,true,0.02529471310572443,0.027274653880333174,0.08317265018260048
joint-7fb044ff7f38057c2332,M2,291501,single_only_addressable,1,-0.0660007618367672,-0.1320015236735344,0.3180927722099551,true,0.04798467477992185,0.056296965062298955,0.1519869739070742
joint-86e6ae730070eee6983b,M2,291501,single_only_addressable,1,0.0660007618367672,-0.0660007618367672,0.1826108068963927,true,0.02839840857543218,0.030088456814467566,0.14355983052903695
joint-9a206f19112cd83d8451,M2,291501,single_only_addressable,1,0.1320015236735344,-0.1320015236735344,0.3193709898038085,true,0.05539073188457718,0.053445633643658244,0.16040554337569202
joint-d9be6f5c2e8106f0264a,M2,291501,single_only_addressable,1,0.0660007618367672,-0.0660007618367672,0.13196196832838097,true,0.025432892073847323,0.02485509635509466,0.07556194469332865
joint-6f8a92fc80c9c4920afe,M2,291501,single_only_addressable,1,0.0660007618367672,-0.0660007618367672,0.25447784929274,true,0.04131923810788606,0.037373397552620376,0.14688923810038862
joint-2a31fc646bfd539046d7,M2,291501,single_only_addressable,1,0.0660007618367672,0.1320015236735344,0.36846166686118315,true,0.054588704018627775,0.05989719390471073,0.24755020647572898
joint-e8ed568644109d3c68dd,M2,291501,single_only_addressable,1,0.0660007618367672,0.0660007618367672,0.2463086468529289,true,0.03537569356306697,0.0363023150280891,0.10441407048061264
joint-310c46903e1f1c1d5a60,M2,291501,single_only_addressable,0,-0.0660007618367672,0.0660007618367672,0.17048590309754805,true,0.02761117227283201,0.02985779176112695,0.08942907182338898
joint-1285f64b5ffdc41a435d,M2,291501,single_only_addressable,0,0.0660007618367672,0.0660007618367672,0.08511844861631847,true,0.017759045968375162,0.020465416822541806,0.07386557681023076
joint-70524fe1e7c2518c400a,M2,291501,single_only_addressable,1,0.0660007618367672,-0.1320015236735344,0.3203129581884815,true,0.053490723919664356,0.054027390531498964,0.1659519896565241
joint-41ae71c0e6c6d51506eb,M2,291501,single_only_addressable,0,-0.0660007618367672,-0.0660007618367672,0.12036582375407967,true,0.025625732393623334,0.027840528669104896,0.07513540704122225
joint-f2a415df92c5dbd9c22b,M2,291501,single_only_addressable,1,0.1320015236735344,0.0660007618367672,0.18402568559749483,true,0.027612037296877195,0.03197707909312826,0.08350750637855954
joint-05f0f9643ecc833a54a1,M2,291501,single_only_addressable,1,0.1320015236735344,-0.1320015236735344,0.30803134546145866,true,0.05132335784565492,0.053848466436475804,0.16635056087975994
joint-6731d5008cdff8444b8a,M2,291501,single_only_addressable,0,0.0660007618367672,0.1320015236735344,0.22420166309675071,true,0.04530365218542253,0.041420165225640446,0.12445943637738952
joint-cd5d57fb2d2fc404ed88,M2,291501,single_only_addressable,1,0.0660007618367672,-0.1320015236735344,0.30125680262551696,true,0.050306495598137276,0.051192006416793744,0.15784012675765616
joint-c73f7954cc710bf9d63c,M2,291501,single_only_addressable,0,-0.1320015236735344,0.1320015236735344,0.32300788301999933,true,0.06037416519311391,0.06253579809635937,0.2898609969459915
joint-8c80649d97868318c9fe,M2,291501,single_only_addressable,1,-0.0660007618367672,0.1320015236735344,0.4140532531883935,false,0.06323689402391137,0.06898153507520709,0.20340177148466984
joint-e8ffd69e58705acdb563,M2,291501,single_only_addressable,0,-0.1320015236735344,-0.1320015236735344,0.22674845284777956,true,0.041237181431678704,0.0440805583166217,0.08725168308036121
joint-2474a6ed6bbe4f7e1b97,M2,291501,single_only_addressable,1,-0.0660007618367672,-0.0660007618367672,0.2215594656161831,true,0.03914168624028601,0.04578304466804138,0.17291088475221933
joint-1b6c644185589ebc48c8,M2,291501,single_only_addressable,1,-0.1320015236735344,0.1320015236735344,0.44406085059143185,false,0.06616306610815824,0.07085315196121673,0.2077320642067792
joint-efe7c8a0a11bb35094e0,M2,291501,single_only_addressable,0,-0.1320015236735344,0.0660007618367672,0.37651925664802,true,0.0669965987522821,0.06769769069321978,0.2828086005835434
joint-9ea456682d298ae62b43,M2,291501,single_only_addressable,0,0.1320015236735344,0.1320015236735344,0.33357347623034783,true,0.04916420061681404,0.058850231419878114,0.27852477514465973
joint-7d924a87e8568d82b71b,M2,291501,single_only_addressable,1,-0.0660007618367672,-0.1320015236735344,0.3472431090424738,true,0.055538861770155816,0.06542066623816148,0.17535706847607757
joint-f012efad790d4bcb5275,M2,291501,single_only_addressable,1,0.0660007618367672,-0.1320015236735344,0.24488075379984894,true,0.04115649991368983,0.04285106080131193,0.1742382158498446
joint-99a2122f162a74088f58,M2,291501,single_only_addressable,0,0.1320015236735344,0.0660007618367672,0.18398808690976395,true,0.03612345707075028,0.03850087580533787,0.10058329690465533
joint-ce884c4d333127e8b6dc,M2,291501,single_only_addressable,0,0.1320015236735344,-0.1320015236735344,0.3358297389492971,true,0.053588313983979,0.05546651688647998,0.1623135446606406
joint-50af49320c1511a0d6c6,M2,291501,single_only_addressable,1,0.1320015236735344,0.1320015236735344,0.36019736532455426,true,0.05883913701658614,0.05988687221513543,0.18446236671336494
joint-4664e26abb95085a572a,M2,291501,single_only_addressable,1,-0.1320015236735344,-0.1320015236735344,0.270212683429079,true,0.047969329614998356,0.046126300381551015,0.2683354174404944
joint-79aa8ba0c5489ddf2497,M2,291501,single_only_addressable,1,0.0660007618367672,0.0660007618367672,0.1913397305860658,true,0.031089705610811723,0.03585306788085808,0.14269053229816356
joint-d987f2e8f59153959f0b,M2,291501,single_only_addressable,0,0.0660007618367672,-0.0660007618367672,0.19348958386070417,true,0.040500371376472964,0.038775291382317785,0.14118065304502733
joint-cb8130fb1c35fd8e7b18,M2,291501,single_only_addressable,0,0.1320015236735344,0.1320015236735344,0.226045766281675,true,0.04387145547922985,0.03790429494835558,0.12128783165808475
joint-d18a1d26ca0c2d035ee3,M2,291501,single_only_addressable,1,-0.0660007618367672,0.0660007618367672,0.2225919373204101,true,0.044376788615171844,0.04466689283560431,0.1683440642634598
joint-da2f34f1c087e97b1afb,M2,291501,single_only_addressable,0,-0.0660007618367672,0.0660007618367672,0.1520181005353025,true,0.03068608937351802,0.03495445933357805,0.10264746521881399
joint-d61e8bcf8b85f15c898a,M2,291501,single_only_addressable,1,-0.0660007618367672,-0.0660007618367672,0.11818535013799901,true,0.020070186490835362,0.023400324053766863,0.06340638411842332
joint-4de8fb543630717fe750,M2,291501,single_only_addressable,1,0.0660007618367672,0.1320015236735344,0.3492529414471123,true,0.05045937551141273,0.049620830479538976,0.14902101573051568
joint-dc3cf8ce3539277e0726,M2,291501,single_only_addressable,0,-0.0660007618367672,-0.1320015236735344,0.20757086314944395,true,0.03988876265365247,0.03872238737067902,0.102478982677893
joint-afc74f4446a723051311,M2,291501,single_only_addressable,0,0.1320015236735344,0.0660007618367672,0.1028186649467771,true,0.025989329791249863,0.02614814547502075,0.08211893722432616
joint-b8e91cf056a2850aa06d,M2,291501,single_only_addressable,1,0.1320015236735344,0.1320015236735344,0.39540770563607,true,0.060756786270152345,0.06829784916326534,0.20006932653460194
joint-1f313d8436034e3c8a2f,M2,291501,single_only_addressable,0,0.0660007618367672,-0.0660007618367672,0.15333921811472961,true,0.02811612367451951,0.030483623481586515,0.07653730040352909
joint-86283058a19cd7794f47,M2,291501,single_only_addressable,1,-0.1320015236735344,0.1320015236735344,0.38959418419609676,true,0.0691917270479492,0.06993284187909433,0.30058005297248
joint-a5ed81533299a3f553ae,M2,291501,single_only_addressable,1,0.0660007618367672,0.1320015236735344,0.404286617129417,false,0.05872418672643223,0.06026371374162676,0.16935566465348836
joint-1b3125f558c72b1ea5e4,M2,291501,single_only_addressable,1,-0.0660007618367672,0.1320015236735344,0.3474475697177861,true,0.05354000803057352,0.05504394544938075,0.17184946817541402
joint-3dcb938aa6f788013529,M2,291501,single_only_addressable,0,-0.0660007618367672,-0.0660007618367672,0.11082224287091465,true,0.02900596298389575,0.027604048652222393,0.1026330669478861
joint-f3d0c584cd58125ec9bd,M2,291501,single_only_addressable,0,-0.0660007618367672,-0.1320015236735344,0.12020279382278663,true,0.027412365295673684,0.034747965836030036,0.10310815511593682
joint-a4fe2bd135f56d3a3b4d,M2,291501,single_only_addressable,0,-0.1320015236735344,-0.0660007618367672,0.10926545162360189,true,0.034224886097219014,0.030033256131481074,0.07393261805182386
joint-baf9ad5b2a0e2663433b,M2,291501,single_only_addressable,0,0.1320015236735344,0.1320015236735344,0.2657203671036678,true,0.04989919257956301,0.04307079205824358,0.22614436705684574
joint-63dd4abeb6e1325c7806,M2,291501,single_only_addressable,0,-0.1320015236735344,0.1320015236735344,0.29670251298442646,true,0.05400413520152359,0.05860404298680558,0.17871844928175476
joint-89a8114aac92bfca40db,M2,291501,single_only_addressable,0,0.0660007618367672,0.1320015236735344,0.1946821443973752,true,0.04022452146692588,0.04616378984119426,0.17613900905429036
joint-fdd9add87d3e0887f0db,M2,291501,single_only_addressable,0,-0.0660007618367672,-0.0660007618367672,0.03635502501458938,true,0.020937092147583363,0.0188903451532409,0.03778981136397506
joint-8deb233befdaaa44244e,M2,291501,single_only_addressable,0,-0.0660007618367672,-0.1320015236735344,0.2665727753847554,true,0.0460870317972163,0.04367324562194405,0.14505128946403137
joint-750a25537e1c577ecb17,M2,291501,single_only_addressable,0,0.1320015236735344,0.0660007618367672,0.32928357148121473,true,0.05011965724759186,0.05009889692936443,0.2664875772425253
joint-d20c3c92116f8fce3c1e,M2,291501,single_only_addressable,0,-0.1320015236735344,-0.0660007618367672,0.34129141345660985,true,0.051675331849811185,0.05868865918779621,0.23199714684851486
joint-83912571774477870e69,M2,291501,single_only_addressable,0,0.1320015236735344,-0.0660007618367672,0.17095269498790014,true,0.029917910462196638,0.03572965138508809,0.08871407230046525
joint-0b091357d2bc89169b82,M2,291501,single_only_addressable,0,0.1320015236735344,-0.1320015236735344,0.39275911532263114,false,0.0812558562974024,0.08417811285918238,0.31652196754824247
joint-79a2726c7c85c127d89d,M2,291501,single_only_addressable,0,-0.1320015236735344,-0.1320015236735344,0.2866446866726097,true,0.046171994530870904,0.051269538908473834,0.2045074620701989
joint-ff0e8b614b34aecce4b3,M2,291501,single_only_addressable,1,0.0660007618367672,0.1320015236735344,0.10977721870524279,true,0.02731730686672738,0.03488686723811119,0.08922062983186911
joint-a6e0056491e5774f3780,M2,291501,single_only_addressable,0,0.0660007618367672,-0.1320015236735344,0.3410338681041832,true,0.060178796766538485,0.06569757266640311,0.2139807569551247
joint-009541860623d2bb9f1f,M2,291501,single_only_addressable,0,-0.0660007618367672,0.1320015236735344,0.23245027976648247,true,0.04347343917300336,0.045575778008459925,0.1398653830290383
joint-ffe811f4bd9985f39189,M2,291501,single_only_addressable,0,-0.0660007618367672,-0.1320015236735344,0.20830603345439655,true,0.0461388878123034,0.04194998858156503,0.1040770549330438
joint-08c462a1ad92c4ade964,M2,291501,single_only_addressable,0,0.1320015236735344,-0.0660007618367672,0.16214907887410968,true,0.02720940847443743,0.03162594863932581,0.0814565502913017
joint-2ce56f0ea0683dcda2f5,M2,291501,single_only_addressable,0,-0.1320015236735344,-0.0660007618367672,0.2712788374891755,true,0.04470276101393666,0.043852295232063014,0.17112709011715174
joint-e8e45e1d9d7dc3a06a25,M2,291501,single_only_addressable,0,0.1320015236735344,-0.1320015236735344,0.32158205192852074,true,0.05419019210777748,0.05514270246107452,0.16300014419829842
joint-cf92d455cc3ba4b96312,M2,291501,single_only_addressable,1,-0.1320015236735344,0.1320015236735344,0.4142232518596685,true,0.06264147753739421,0.06538662290165674,0.2880067583373748
joint-2a931d7a53cb9c33974d,M2,291502,single_only_addressable,0,0.0660007618367672,-0.0660007618367672,0.1488916221668789,true,0.024848878685765987,0.035909632686935096,0.09073867432114957
joint-4352a0ffd3ac22d2f5e6,M2,291502,single_only_addressable,1,0.0660007618367672,-0.0660007618367672,0.0756095180654656,true,0.01209853740438978,0.017901583309336132,0.04497559456800858
joint-147f59a58d0ef285e900,M2,291502,single_only_addressable,0,0.0660007618367672,-0.1320015236735344,0.237101039792211,true,0.039035911806163795,0.05815900931668887,0.08951555627405201
joint-d0326bfd1d59b011ffc1,M2,291502,single_only_addressable,0,0.1320015236735344,0.0660007618367672,0.027129899782378446,true,0.00903021051032304,0.015476254741967004,0.022407709791568087
joint-b0a6408213b275a6eec4,M2,291502,single_only_addressable,0,-0.1320015236735344,0.0660007618367672,0.10812099819591305,true,0.019251746182746624,0.025987701255221162,0.07931814412190513
joint-f16075ae76c562b01afa,M2,291502,single_only_addressable,1,0.1320015236735344,0.0660007618367672,0.2985948381241614,true,0.06314804234567674,0.05929563179192572,0.18786775883863105
joint-6c84dffefac07a85efd4,M2,291502,single_only_addressable,1,0.1320015236735344,-0.1320015236735344,0.12455443313980948,true,0.02107634158841013,0.030716626578148012,0.06645695454655923
joint-530af393a720d348afb0,M2,291502,single_only_addressable,1,0.0660007618367672,0.0660007618367672,0.027725686955951612,true,0.011177129013365705,0.010795816685305923,0.03530713178776427
joint-66b0d86cfbc4d904308f,M2,291502,single_only_addressable,0,-0.0660007618367672,0.0660007618367672,0.0891788756904919,true,0.015765628923849754,0.018405405934107645,0.056995451840484206
joint-cb84ae0ab47be6c0b097,M2,291502,single_only_addressable,0,-0.0660007618367672,0.1320015236735344,0.10577140639613639,true,0.019831453256903844,0.027482820541362786,0.08011112272636384
joint-bd7b1bc3eac5c32be6ce,M2,291502,single_only_addressable,0,-0.0660007618367672,-0.0660007618367672,0.09691644182641575,true,0.019026029500107313,0.022128953725126573,0.06699882787547994
joint-f42e2b2aa0bcf1904b2c,M2,291502,single_only_addressable,1,0.1320015236735344,0.0660007618367672,0.270396779208375,true,0.055755011626315874,0.06499776052539528,0.1630307593102849
joint-0cc5980f554a68da719e,M2,291502,single_only_addressable,0,0.1320015236735344,0.1320015236735344,0.3312615861343656,true,0.04976647052321403,0.054313231593126676,0.34527615534059347
joint-c71196ce6b27a5f15741,M2,291502,single_only_addressable,1,-0.0660007618367672,-0.0660007618367672,0.08767553586671283,true,0.014009896065297048,0.012168946861145889,0.027626132194775544
joint-08a29e94c959b15daf6c,M2,291502,single_only_addressable,0,-0.1320015236735344,-0.0660007618367672,0.14187829860277282,true,0.024011012489865643,0.02752488798952423,0.024359355510073837
joint-009344968abd7434a0a8,M2,291502,single_only_addressable,1,0.1320015236735344,-0.1320015236735344,0.1548455426246089,true,0.024977922668311607,0.03435008436265672,0.08282811222262539
joint-0d9b039cb21daac03d2a,M2,291502,single_only_addressable,1,0.0660007618367672,0.0660007618367672,0.01652607785374143,true,0.005583585404841812,0.013323784476653638,0.022949019737304878
joint-96bbd61ef63ebf358d5e,M2,291502,single_only_addressable,0,-0.0660007618367672,0.0660007618367672,0.07708870445588384,true,0.012128893916297337,0.01732912813549225,0.048953435713777
joint-71226efdc82c7b8eb4e1,M2,291502,single_only_addressable,1,0.1320015236735344,-0.1320015236735344,0.364184142479745,false,0.11308655187854502,0.07869963045527677,0.3006952124947863
joint-2b6a5ce6c26b3991652e,M2,291502,single_only_addressable,0,0.0660007618367672,-0.1320015236735344,0.1262604521167452,true,0.021252141041408566,0.027547567962327647,0.07987799246115806
joint-c45a492c6ab0e2e5bfbe,M2,291502,single_only_addressable,1,0.1320015236735344,-0.0660007618367672,0.32461926156966514,true,0.0909824985207835,0.0814185403821891,0.28026306118003097
joint-b2b2ebaf8b3253aafde3,M2,291502,single_only_addressable,0,0.1320015236735344,-0.1320015236735344,0.35213817477763437,true,0.07980646895173076,0.07088225564816833,0.2521150753152818
joint-58d5f239e12552c3626e,M2,291502,single_only_addressable,0,-0.1320015236735344,0.1320015236735344,0.3675020899024141,true,0.07132520930631105,0.07688122111104258,0.31138866674651156
joint-fc2b76f0772372bf8c3c,M2,291502,single_only_addressable,1,-0.1320015236735344,0.0660007618367672,0.13469412967746203,true,0.023331110578910148,0.02884432294518104,0.08463289504085383
joint-fe2aefddb9b7745686ad,M2,291502,single_only_addressable,1,-0.0660007618367672,0.0660007618367672,0.08785885071249404,true,0.01715363851840132,0.01873115578133937,0.053925594819364424
joint-8b6ff975d45da97a4933,M2,291502,single_only_addressable,1,0.1320015236735344,-0.1320015236735344,0.13745604469044745,true,0.025894852129101857,0.032512347722532024,0.08174910424392004
joint-175e17d0ef9573bac40e,M2,291502,single_only_addressable,0,-0.1320015236735344,0.1320015236735344,0.1428440720455291,true,0.023764589058102865,0.03339854870057464,0.0987140467029115
joint-a3d06b9cb0966439eddd,M2,291502,single_only_addressable,1,0.0660007618367672,0.1320015236735344,0.10779035650059289,true,0.021405080973553134,0.038773067782987385,0.08935101573133403
joint-04c90cd2b55e51d7395c,M2,291502,single_only_addressable,0,0.0660007618367672,-0.1320015236735344,0.18751748600162813,true,0.041177502758397454,0.03485359842404756,0.13454924540900415
joint-03d19206c4766692b70a,M2,291502,single_only_addressable,0,-0.0660007618367672,0.0660007618367672,0.05887963292828528,true,0.012624660180833958,0.018855104747483985,0.05208488024505804
joint-f3533a47857412ee6574,M2,291502,single_only_addressable,1,-0.0660007618367672,-0.0660007618367672,0.11422320336081476,true,0.017598338506235434,0.015765774671927378,0.04249864386178854
joint-19e423cc276169fd1073,M2,291502,single_only_addressable,1,0.1320015236735344,0.0660007618367672,0.1386498251686688,true,0.024894041462069423,0.026179014223000632,0.0695024722389178
joint-ff96f3eeddc533681410,M2,291502,single_only_addressable,0,-0.1320015236735344,0.0660007618367672,0.09014326577176812,true,0.018902402514444427,0.04416125940814025,0.12063541228333265
joint-c4e21270ec4d0d7be262,M2,291502,single_only_addressable,0,-0.0660007618367672,0.1320015236735344,0.17329514122802867,true,0.027779091188079467,0.028768007355302733,0.08724249019854256
joint-f3c2aa3445150de38445,M2,291502,single_only_addressable,1,-0.0660007618367672,-0.1320015236735344,0.053209927684679144,true,0.012427219127226446,0.018883384963705153,0.052547162551904586
joint-9b1bd063fe31242ee1d4,M2,291502,single_only_addressable,0,-0.1320015236735344,0.0660007618367672,0.11478792636223778,true,0.022332926740765285,0.02963752054573292,0.09482617438381447
joint-dc07119105a4b0f17fef,M2,291502,single_only_addressable,0,-0.1320015236735344,-0.1320015236735344,0.042365410051811304,true,0.017430318265463988,0.018988559728908005,0.05583750443627387
joint-e62d176dd1f3b78034aa,M2,291502,single_only_addressable,1,0.0660007618367672,0.0660007618367672,0.020881939062969795,true,0.007913832506710216,0.009754915548430994,0.02466019348963475
joint-7fb044ff7f38057c2332,M2,291502,single_only_addressable,1,-0.0660007618367672,-0.1320015236735344,0.0338818762835008,true,0.008089495355259754,0.014564785822285238,0.04562794307093197
joint-86e6ae730070eee6983b,M2,291502,single_only_addressable,1,0.0660007618367672,-0.0660007618367672,0.06405250157299826,true,0.010471582953963911,0.019629102496296975,0.062139211108273196
joint-9a206f19112cd83d8451,M2,291502,single_only_addressable,1,0.1320015236735344,-0.1320015236735344,0.13863269348493892,true,0.022175031142475942,0.032052000525917376,0.06465136560947046
joint-d9be6f5c2e8106f0264a,M2,291502,single_only_addressable,1,0.0660007618367672,-0.0660007618367672,0.07557530574005354,true,0.012774209404086627,0.019495601331078305,0.04648190402154082
joint-6f8a92fc80c9c4920afe,M2,291502,single_only_addressable,1,0.0660007618367672,-0.0660007618367672,0.10135120639128695,true,0.04714097890889929,0.040479880826491434,0.1683826405505663
joint-2a31fc646bfd539046d7,M2,291502,single_only_addressable,1,0.0660007618367672,0.1320015236735344,0.16478193613723136,true,0.03184514857498873,0.030669203087666744,0.08312648377466049
joint-e8ed568644109d3c68dd,M2,291502,single_only_addressable,1,0.0660007618367672,0.0660007618367672,0.05006984566574093,true,0.008017646354444645,0.011997035861749411,0.030307436007661004
joint-310c46903e1f1c1d5a60,M2,291502,single_only_addressable,0,-0.0660007618367672,0.0660007618367672,0.09677663591683813,true,0.015012108826314336,0.01905483561001567,0.05230349779269141
joint-1285f64b5ffdc41a435d,M2,291502,single_only_addressable,0,0.0660007618367672,0.0660007618367672,0.09054917283330702,true,0.018971978126047048,0.015641152698624355,0.07124217410832212
joint-70524fe1e7c2518c400a,M2,291502,single_only_addressable,1,0.0660007618367672,-0.1320015236735344,0.14182505672533072,true,0.024002894963886294,0.03283790118663551,0.08240095838720979
joint-41ae71c0e6c6d51506eb,M2,291502,single_only_addressable,0,-0.0660007618367672,-0.0660007618367672,0.11984062290869305,true,0.024980529793658147,0.02640798405305864,0.0732679925939837
joint-f2a415df92c5dbd9c22b,M2,291502,single_only_addressable,1,0.1320015236735344,0.0660007618367672,0.0522379377961705,true,0.013196609323801449,0.01344650690083817,0.023687832669040086
joint-05f0f9643ecc833a54a1,M2,291502,single_only_addressable,1,0.1320015236735344,-0.1320015236735344,0.12585115464754676,true,0.020153021310123354,0.03095813181912917,0.06612795764183427
joint-6731d5008cdff8444b8a,M2,291502,single_only_addressable,0,0.0660007618367672,0.1320015236735344,0.10531781940996598,true,0.016809236932109117,0.017742269091519568,0.04134328225063011
joint-cd5d57fb2d2fc404ed88,M2,291502,single_only_addressable,1,0.0660007618367672,-0.1320015236735344,0.1091061179111682,true,0.016974394757507897,0.02621457223610961,0.056498170949854
joint-c73f7954cc710bf9d63c,M2,291502,single_only_addressable,0,-0.1320015236735344,0.1320015236735344,0.20351742846164841,true,0.035806900222449485,0.05560442804118551,0.206963756270362
joint-8c80649d97868318c9fe,M2,291502,single_only_addressable,1,-0.0660007618367672,0.1320015236735344,0.11567287627553008,true,0.021902486758249944,0.02724129587305236,0.08693333357762821
joint-e8ffd69e58705acdb563,M2,291502,single_only_addressable,0,-0.1320015236735344,-0.1320015236735344,0.20181354335448218,true,0.05087803789668077,0.05477012505689784,0.060273517938316604
joint-2474a6ed6bbe4f7e1b97,M2,291502,single_only_addressable,1,-0.0660007618367672,-0.0660007618367672,0.20156951997005704,true,0.0447687128169562,0.03717463886460645,0.1574058487746041
joint-1b6c644185589ebc48c8,M2,291502,single_only_addressable,1,-0.1320015236735344,0.1320015236735344,0.14073288401751624,true,0.027861885183398424,0.036432835316343684,0.11272655606966234
joint-efe7c8a0a11bb35094e0,M2,291502,single_only_addressable,0,-0.1320015236735344,0.0660007618367672,0.39264945415764746,true,0.07155282163946705,0.07150845803783307,0.3092177069119066
joint-9ea456682d298ae62b43,M2,291502,single_only_addressable,0,0.1320015236735344,0.1320015236735344,0.37520350796927204,true,0.05658079452526631,0.05609631089710818,0.3001316853774951
joint-7d924a87e8568d82b71b,M2,291502,single_only_addressable,1,-0.0660007618367672,-0.1320015236735344,0.09958905780553234,true,0.021568194872955637,0.023234687393975214,0.07333942025716222
joint-f012efad790d4bcb5275,M2,291502,single_only_addressable,1,0.0660007618367672,-0.1320015236735344,0.17209264523640935,true,0.06291714647596526,0.05665045007140272,0.18702880282303427
joint-99a2122f162a74088f58,M2,291502,single_only_addressable,0,0.1320015236735344,0.0660007618367672,0.04115566163594148,true,0.009289243957017386,0.01324695786916307,0.018251827535609708
joint-ce884c4d333127e8b6dc,M2,291502,single_only_addressable,0,0.1320015236735344,-0.1320015236735344,0.1964842527579965,true,0.029029961920065003,0.04051089846536705,0.1165842943194368
joint-50af49320c1511a0d6c6,M2,291502,single_only_addressable,1,0.1320015236735344,0.1320015236735344,0.32986356480761025,true,0.0536133698058091,0.059885204539730584,0.1628658332326376
joint-4664e26abb95085a572a,M2,291502,single_only_addressable,1,-0.1320015236735344,-0.1320015236735344,0.2558714902069648,true,0.04403587768488168,0.04224923453415818,0.23071152761942146
joint-79aa8ba0c5489ddf2497,M2,291502,single_only_addressable,1,0.0660007618367672,0.0660007618367672,0.10245673532316797,true,0.015837785117785434,0.01910869811915413,0.07242261429972763
joint-d987f2e8f59153959f0b,M2,291502,single_only_addressable,0,0.0660007618367672,-0.0660007618367672,0.17154345328476467,true,0.03970927518556605,0.0323062311515596,0.12374456354085751
joint-cb8130fb1c35fd8e7b18,M2,291502,single_only_addressable,0,0.1320015236735344,0.1320015236735344,0.06430076356452939,true,0.019494763744655662,0.015423001931175621,0.04792113846298948
joint-d18a1d26ca0c2d035ee3,M2,291502,single_only_addressable,1,-0.0660007618367672,0.0660007618367672,0.21522812151923534,true,0.04825092451275337,0.04755653918349667,0.17737937596092274
joint-da2f34f1c087e97b1afb,M2,291502,single_only_addressable,0,-0.0660007618367672,0.0660007618367672,0.08355249100917805,true,0.01623457723920913,0.021921682565477933,0.070661296347823
joint-d61e8bcf8b85f15c898a,M2,291502,single_only_addressable,1,-0.0660007618367672,-0.0660007618367672,0.012814737808600415,true,0.00846963922725481,0.013427696915727863,0.026814805412736238
joint-4de8fb543630717fe750,M2,291502,single_only_addressable,1,0.0660007618367672,0.1320015236735344,0.05137837108248032,true,0.014303296141583858,0.01944906133914318,0.046926564717567315
joint-dc3cf8ce3539277e0726,M2,291502,single_only_addressable,0,-0.0660007618367672,-0.1320015236735344,0.16772962397842792,true,0.03106008863747117,0.044764075126884066,0.07330335400859667
joint-afc74f4446a723051311,M2,291502,single_only_addressable,0,0.1320015236735344,0.0660007618367672,0.11578852471696649,true,0.025071347702028707,0.025191601920666846,0.09730900308819349
joint-b8e91cf056a2850aa06d,M2,291502,single_only_addressable,1,0.1320015236735344,0.1320015236735344,0.18370701096922515,true,0.03638292047650928,0.03651193965657412,0.10493994371042896
joint-1f313d8436034e3c8a2f,M2,291502,single_only_addressable,0,0.0660007618367672,-0.0660007618367672,0.07316412073879759,true,0.011905545252499119,0.019639627571348642,0.05142127652334564
joint-86283058a19cd7794f47,M2,291502,single_only_addressable,1,-0.1320015236735344,0.1320015236735344,0.3060514144477185,true,0.08700213315680608,0.09616709803645983,0.2632193146734854
joint-a5ed81533299a3f553ae,M2,291502,single_only_addressable,1,0.0660007618367672,0.1320015236735344,0.10198560537008934,true,0.018110477259092417,0.019358950494313742,0.062035905939557566
joint-1b3125f558c72b1ea5e4,M2,291502,single_only_addressable,1,-0.0660007618367672,0.1320015236735344,0.09748485104345012,true,0.01635359403029935,0.024418924905874356,0.06626457200640028
joint-3dcb938aa6f788013529,M2,291502,single_only_addressable,0,-0.0660007618367672,-0.0660007618367672,0.11736117433275735,true,0.026444541393989975,0.023613819476896017,0.12781089118369343
joint-f3d0c584cd58125ec9bd,M2,291502,single_only_addressable,0,-0.0660007618367672,-0.1320015236735344,0.11485331910492574,true,0.030904999549462336,0.04425490323663881,0.1301999785813824
joint-a4fe2bd135f56d3a3b4d,M2,291502,single_only_addressable,0,-0.1320015236735344,-0.0660007618367672,0.1365867469638096,true,0.04755974783101989,0.036052952113349065,0.07614829783788597
joint-baf9ad5b2a0e2663433b,M2,291502,single_only_addressable,0,0.1320015236735344,0.1320015236735344,0.23252651262095067,true,0.04954969973216858,0.04180240989131004,0.28600025967058423
joint-63dd4abeb6e1325c7806,M2,291502,single_only_addressable,0,-0.1320015236735344,0.1320015236735344,0.13519511313739005,true,0.02430067349301309,0.03746405183451187,0.10873107468373329
joint-89a8114aac92bfca40db,M2,291502,single_only_addressable,0,0.0660007618367672,0.1320015236735344,0.20276419819881955,true,0.02978733658405006,0.03761611324370029,0.17762538541940665
joint-fdd9add87d3e0887f0db,M2,291502,single_only_addressable,0,-0.0660007618367672,-0.0660007618367672,0.081129078641919,true,0.014480752611394537,0.013926290217613792,0.034743472026377155
joint-8deb233befdaaa44244e,M2,291502,single_only_addressable,0,-0.0660007618367672,-0.1320015236735344,0.20988177039660852,true,0.04453974844742471,0.050656395091470637,0.09275053819091987
joint-750a25537e1c577ecb17,M2,291502,single_only_addressable,0,0.1320015236735344,0.0660007618367672,0.3525486749742779,true,0.05763716299130208,0.05352174421528895,0.28922975899424225
joint-d20c3c92116f8fce3c1e,M2,291502,single_only_addressable,0,-0.1320015236735344,-0.0660007618367672,0.3281042414399473,true,0.05984953695598694,0.06540135861712436,0.26877821641033584
joint-83912571774477870e69,M2,291502,single_only_addressable,0,0.1320015236735344,-0.0660007618367672,0.04956428941804519,true,0.012530137077374593,0.026673392510888135,0.06961105679186819
joint-0b091357d2bc89169b82,M2,291502,single_only_addressable,0,0.1320015236735344,-0.1320015236735344,0.3842847213920954,true,0.0853094958083232,0.07404333229746879,0.29070831511128115
joint-79a2726c7c85c127d89d,M2,291502,single_only_addressable,0,-0.1320015236735344,-0.1320015236735344,0.32074171163923226,true,0.04930450234328975,0.05393849211318528,0.24151400972560638
joint-ff0e8b614b34aecce4b3,M2,291502,single_only_addressable,1,0.0660007618367672,0.1320015236735344,0.10830783651610532,true,0.026776722769183255,0.027712674826488187,0.1130831214078043
joint-a6e0056491e5774f3780,M2,291502,single_only_addressable,0,0.0660007618367672,-0.1320015236735344,0.2904492548033,true,0.057808050971144914,0.0526083498666098,0.17556480347229173
joint-009541860623d2bb9f1f,M2,291502,single_only_addressable,0,-0.0660007618367672,0.1320015236735344,0.09931753032296746,true,0.020832231808284574,0.029108505915641528,0.06630353516359627
joint-ffe811f4bd9985f39189,M2,291502,single_only_addressable,0,-0.0660007618367672,-0.1320015236735344,0.07307457400345058,true,0.01843931481835761,0.01606366525324997,0.043293907695856164
joint-08c462a1ad92c4ade964,M2,291502,single_only_addressable,0,0.1320015236735344,-0.0660007618367672,0.04434339510299297,true,0.010245030601584479,0.024577478412176862,0.054077001067814476
joint-2ce56f0ea0683dcda2f5,M2,291502,single_only_addressable,0,-0.1320015236735344,-0.0660007618367672,0.28365014748605666,true,0.04490315804859462,0.044792057548262175,0.18308634182559672
joint-e8e45e1d9d7dc3a06a25,M2,291502,single_only_addressable,0,0.1320015236735344,-0.1320015236735344,0.14748981967769087,true,0.023787875685406742,0.0352503142445198,0.1000922137259257
joint-cf92d455cc3ba4b96312,M2,291502,single_only_addressable,1,-0.1320015236735344,0.1320015236735344,0.1675444884459791,true,0.03144143642653194,0.045015529045418085,0.12482381742034308
joint-2a931d7a53cb9c33974d,M2,291503,single_only_addressable,0,0.0660007618367672,-0.0660007618367672,0.22212693557141952,true,0.03483719854196316,0.03998953997398216,0.1389450249462744
joint-4352a0ffd3ac22d2f5e6,M2,291503,single_only_addressable,1,0.0660007618367672,-0.0660007618367672,0.14454856235833646,true,0.022150127643210213,0.02666776830321721,0.08249749440449314
joint-147f59a58d0ef285e900,M2,291503,single_only_addressable,0,0.0660007618367672,-0.1320015236735344,0.3745469492673962,true,0.06619178493247316,0.07253537961029675,0.21390375757442712
joint-d0326bfd1d59b011ffc1,M2,291503,single_only_addressable,0,0.1320015236735344,0.0660007618367672,0.045515857533720464,true,0.013058762870187276,0.03268111276120091,0.05681311453119504
joint-b0a6408213b275a6eec4,M2,291503,single_only_addressable,0,-0.1320015236735344,0.0660007618367672,0.23193241890507682,true,0.041530675218242934,0.044625354662745614,0.13185857028310136
joint-f16075ae76c562b01afa,M2,291503,single_only_addressable,1,0.1320015236735344,0.0660007618367672,0.3232052140981507,true,0.05135873667584694,0.05563035085692689,0.217040184462017
joint-6c84dffefac07a85efd4,M2,291503,single_only_addressable,1,0.1320015236735344,-0.1320015236735344,0.24946203416487794,true,0.03722311207473612,0.0454537475602447,0.13463632001045192
joint-530af393a720d348afb0,M2,291503,single_only_addressable,1,0.0660007618367672,0.0660007618367672,0.06519032063561167,true,0.013232722301423347,0.02157673468056422,0.047745565297026796
joint-66b0d86cfbc4d904308f,M2,291503,single_only_addressable,0,-0.0660007618367672,0.0660007618367672,0.19838961086706136,true,0.03798092041081504,0.03842715448931429,0.11165787459839618
joint-cb84ae0ab47be6c0b097,M2,291503,single_only_addressable,0,-0.0660007618367672,0.1320015236735344,0.3252730393254394,true,0.06032313534911381,0.06353592838976607,0.18752025439919018
joint-bd7b1bc3eac5c32be6ce,M2,291503,single_only_addressable,0,-0.0660007618367672,-0.0660007618367672,0.13346972867903553,true,0.022992409621844064,0.03260436776854676,0.08097234724521533
joint-f42e2b2aa0bcf1904b2c,M2,291503,single_only_addressable,1,0.1320015236735344,0.0660007618367672,0.29898920954915575,true,0.04685388673695374,0.04982828399345274,0.20818612033837983
joint-0cc5980f554a68da719e,M2,291503,single_only_addressable,0,0.1320015236735344,0.1320015236735344,0.2552330816708002,true,0.041843740974841864,0.05422534857475738,0.17999109391143592
joint-c71196ce6b27a5f15741,M2,291503,single_only_addressable,1,-0.0660007618367672,-0.0660007618367672,0.09940040325877068,true,0.02496070869973516,0.03181127798594604,0.06295546815289961
joint-08a29e94c959b15daf6c,M2,291503,single_only_addressable,0,-0.1320015236735344,-0.0660007618367672,0.06822173854354864,true,0.031480829773929304,0.04593875593656465,0.0644849413339291
joint-009344968abd7434a0a8,M2,291503,single_only_addressable,1,0.1320015236735344,-0.1320015236735344,0.2922991752513798,true,0.04242453256711557,0.05212647962832481,0.15391623922516504
joint-0d9b039cb21daac03d2a,M2,291503,single_only_addressable,1,0.0660007618367672,0.0660007618367672,0.028691199836752918,true,0.009096016989677448,0.025683331790738357,0.026901349959249827
joint-96bbd61ef63ebf358d5e,M2,291503,single_only_addressable,0,-0.0660007618367672,0.0660007618367672,0.18088607311045862,true,0.03260781503276679,0.03351683124041364,0.10012566990318535
joint-71226efdc82c7b8eb4e1,M2,291503,single_only_addressable,1,0.1320015236735344,-0.1320015236735344,0.43794010715292947,true,0.07108569961658691,0.06857153985211292,0.20521160044009673
joint-2b6a5ce6c26b3991652e,M2,291503,single_only_addressable,0,0.0660007618367672,-0.1320015236735344,0.27728433353584964,true,0.05488287518954444,0.05751744186644687,0.17383928276838576
joint-c45a492c6ab0e2e5bfbe,M2,291503,single_only_addressable,1,0.1320015236735344,-0.0660007618367672,0.3072003426474894,true,0.056772847134804315,0.049847103655216544,0.12463352086440435
joint-b2b2ebaf8b3253aafde3,M2,291503,single_only_addressable,0,0.1320015236735344,-0.1320015236735344,0.32363680165721614,true,0.06465613166272102,0.06761239657626496,0.25426794738210173
joint-58d5f239e12552c3626e,M2,291503,single_only_addressable,0,-0.1320015236735344,0.1320015236735344,0.3644788783174322,true,0.06895222098107602,0.06833638523437541,0.2982056530584725
joint-fc2b76f0772372bf8c3c,M2,291503,single_only_addressable,1,-0.1320015236735344,0.0660007618367672,0.1990583538784674,true,0.03294369034074957,0.02704072278202732,0.08590713001871479
joint-fe2aefddb9b7745686ad,M2,291503,single_only_addressable,1,-0.0660007618367672,0.0660007618367672,0.13129582311301374,true,0.02389376672554508,0.02743005851701843,0.09763941408418057
joint-8b6ff975d45da97a4933,M2,291503,single_only_addressable,1,0.1320015236735344,-0.1320015236735344,0.25193188515480147,true,0.03809447108633329,0.048824839878991604,0.14579239753058876
joint-175e17d0ef9573bac40e,M2,291503,single_only_addressable,0,-0.1320015236735344,0.1320015236735344,0.34538256429299957,true,0.06685077516135055,0.0689590989062664,0.20893761051930176
joint-a3d06b9cb0966439eddd,M2,291503,single_only_addressable,1,0.0660007618367672,0.1320015236735344,0.1255564452139701,true,0.027730373127269198,0.028968213337045915,0.13796567293655063
joint-04c90cd2b55e51d7395c,M2,291503,single_only_addressable,0,0.0660007618367672,-0.1320015236735344,0.18485005183206588,true,0.03803554706189161,0.0447513077432508,0.16669060976815464
joint-03d19206c4766692b70a,M2,291503,single_only_addressable,0,-0.0660007618367672,0.0660007618367672,0.16795456096085926,true,0.031556658962054195,0.03346766101325427,0.10550981491249324
joint-f3533a47857412ee6574,M2,291503,single_only_addressable,1,-0.0660007618367672,-0.0660007618367672,0.10693266248982414,true,0.024769585438623214,0.035466071335554794,0.07409608873412626
joint-19e423cc276169fd1073,M2,291503,single_only_addressable,1,0.1320015236735344,0.0660007618367672,0.1673222021161909,true,0.02844731209738539,0.030422520374340574,0.06757070504041131
joint-ff96f3eeddc533681410,M2,291503,single_only_addressable,0,-0.1320015236735344,0.0660007618367672,0.23881398547634108,true,0.039339706296527076,0.04057794200811169,0.16518768927079386
joint-c4e21270ec4d0d7be262,M2,291503,single_only_addressable,0,-0.0660007618367672,0.1320015236735344,0.33728550110601335,true,0.06442092189623864,0.07091431327900657,0.2009151320633202
joint-f3c2aa3445150de38445,M2,291503,single_only_addressable,1,-0.0660007618367672,-0.1320015236735344,0.16027732516096596,true,0.032837891181564494,0.04661583610402319,0.10540239505661417
joint-9b1bd063fe31242ee1d4,M2,291503,single_only_addressable,0,-0.1320015236735344,0.0660007618367672,0.25144480541056086,true,0.047355202475993674,0.05058240590908674,0.15082175806804424
joint-dc07119105a4b0f17fef,M2,291503,single_only_addressable,0,-0.1320015236735344,-0.1320015236735344,0.1715589226791535,true,0.028588905057384123,0.04699985871639656,0.12365287243121562
joint-e62d176dd1f3b78034aa,M2,291503,single_only_addressable,1,0.0660007618367672,0.0660007618367672,0.04618938236521867,true,0.011975799742705552,0.02335905592617794,0.040378555722252074
joint-7fb044ff7f38057c2332,M2,291503,single_only_addressable,1,-0.0660007618367672,-0.1320015236735344,0.17277803710640574,true,0.03300516273079736,0.042384836031309915,0.09281654062993325
joint-86e6ae730070eee6983b,M2,291503,single_only_addressable,1,0.0660007618367672,-0.0660007618367672,0.09988331900900041,true,0.02588521436385308,0.027986200747471827,0.11309737541646679
joint-9a206f19112cd83d8451,M2,291503,single_only_addressable,1,0.1320015236735344,-0.1320015236735344,0.27290630905831453,true,0.04096645196296715,0.04931505529315404,0.1418246229251039
joint-d9be6f5c2e8106f0264a,M2,291503,single_only_addressable,1,0.0660007618367672,-0.0660007618367672,0.1418623555974919,true,0.02219457793263875,0.025847481897770443,0.07885464499807243
joint-6f8a92fc80c9c4920afe,M2,291503,single_only_addressable,1,0.0660007618367672,-0.0660007618367672,0.2289338206277196,true,0.03925866718874289,0.03690639965138122,0.11837905864698563
joint-2a31fc646bfd539046d7,M2,291503,single_only_addressable,1,0.0660007618367672,0.1320015236735344,0.2260005314526614,true,0.042048653607435114,0.041444284974319484,0.13261243132537942
joint-e8ed568644109d3c68dd,M2,291503,single_only_addressable,1,0.0660007618367672,0.0660007618367672,0.08292458243948515,true,0.012032531312917849,0.026698041951849313,0.051317731294403555
joint-310c46903e1f1c1d5a60,M2,291503,single_only_addressable,0,-0.0660007618367672,0.0660007618367672,0.19671990011100382,true,0.03434572134776031,0.035660712874703994,0.10424791496834988
joint-1285f64b5ffdc41a435d,M2,291503,single_only_addressable,0,0.0660007618367672,0.0660007618367672,0.08062004227177316,true,0.015783672565695104,0.02135755470626388,0.08908371524908622
joint-70524fe1e7c2518c400a,M2,291503,single_only_addressable,1,0.0660007618367672,-0.1320015236735344,0.22628865023281539,true,0.03625296610293442,0.04788347704848297,0.13449994557122122
joint-41ae71c0e6c6d51506eb,M2,291503,single_only_addressable,0,-0.0660007618367672,-0.0660007618367672,0.15312591806908463,true,0.03353109392821464,0.04280329767789425,0.10478516718921332
joint-f2a415df92c5dbd9c22b,M2,291503,single_only_addressable,1,0.1320015236735344,0.0660007618367672,0.13070057568876445,true,0.02368801889944022,0.026832967246438362,0.06888178317272504
joint-05f0f9643ecc833a54a1,M2,291503,single_only_addressable,1,0.1320015236735344,-0.1320015236735344,0.26605830306667944,true,0.03927129567425074,0.047367919036905286,0.13654184928116858
joint-6731d5008cdff8444b8a,M2,291503,single_only_addressable,0,0.0660007618367672,0.1320015236735344,0.20426501072381245,true,0.04188201142259681,0.055995090091647735,0.14388170143317247
joint-cd5d57fb2d2fc404ed88,M2,291503,single_only_addressable,1,0.0660007618367672,-0.1320015236735344,0.20950356276331858,true,0.03423746530081729,0.04504859164683591,0.12477652944089018
joint-c73f7954cc710bf9d63c,M2,291503,single_only_addressable,0,-0.1320015236735344,0.1320015236735344,0.381554452687819,true,0.0689176507653063,0.07138705263558276,0.31178631168797794
joint-8c80649d97868318c9fe,M2,291503,single_only_addressable,1,-0.0660007618367672,0.1320015236735344,0.18574849492463064,true,0.027389395536947685,0.038766713291777916,0.10241855717410142
joint-e8ffd69e58705acdb563,M2,291503,single_only_addressable,0,-0.1320015236735344,-0.1320015236735344,0.24890538492731634,true,0.06088602052490281,0.06383016006614511,0.1124885971240344
joint-2474a6ed6bbe4f7e1b97,M2,291503,single_only_addressable,1,-0.0660007618367672,-0.0660007618367672,0.18474890002563496,true,0.03064552143029684,0.03346602192248479,0.16034486325617386
joint-1b6c644185589ebc48c8,M2,291503,single_only_addressable,1,-0.1320015236735344,0.1320015236735344,0.21677996656880896,true,0.03096303310933257,0.03454406094396821,0.09886674890163383
joint-efe7c8a0a11bb35094e0,M2,291503,single_only_addressable,0,-0.1320015236735344,0.0660007618367672,0.3167250518273836,true,0.05853041317267022,0.059702071106828666,0.2524570110942794
joint-9ea456682d298ae62b43,M2,291503,single_only_addressable,0,0.1320015236735344,0.1320015236735344,0.3186538134598304,true,0.04761516378516378,0.05025513284332381,0.1903793870780797
joint-7d924a87e8568d82b71b,M2,291503,single_only_addressable,1,-0.0660007618367672,-0.1320015236735344,0.1878393696551485,true,0.03931008150234038,0.051699450566035206,0.11788123554012729
joint-f012efad790d4bcb5275,M2,291503,single_only_addressable,1,0.0660007618367672,-0.1320015236735344,0.2273213736521126,true,0.035701591000051415,0.03373225531075198,0.10790702058098925
joint-99a2122f162a74088f58,M2,291503,single_only_addressable,0,0.1320015236735344,0.0660007618367672,0.0893748258004708,true,0.015297194646755937,0.031036665937495517,0.04853162009261971
joint-ce884c4d333127e8b6dc,M2,291503,single_only_addressable,0,0.1320015236735344,-0.1320015236735344,0.36999573296898974,false,0.0702451525245963,0.07130767440913792,0.22165755612384966
joint-50af49320c1511a0d6c6,M2,291503,single_only_addressable,1,0.1320015236735344,0.1320015236735344,0.2932441233979917,true,0.04314013899700041,0.04742131243695518,0.19080548807531988
joint-4664e26abb95085a572a,M2,291503,single_only_addressable,1,-0.1320015236735344,-0.1320015236735344,0.29878616683529724,true,0.04554772608841543,0.04715452573906631,0.26579145960905076
joint-79aa8ba0c5489ddf2497,M2,291503,single_only_addressable,1,0.0660007618367672,0.0660007618367672,0.15944359453882215,true,0.030483691826088608,0.031887295773391895,0.10181455332233995
joint-d987f2e8f59153959f0b,M2,291503,single_only_addressable,0,0.0660007618367672,-0.0660007618367672,0.18933248437845823,true,0.03702468926582597,0.032035272327370405,0.12107485298299456
joint-cb8130fb1c35fd8e7b18,M2,291503,single_only_addressable,0,0.1320015236735344,0.1320015236735344,0.17225982254458416,true,0.03727513775229891,0.0563929907506975,0.12622331342802887
joint-d18a1d26ca0c2d035ee3,M2,291503,single_only_addressable,1,-0.0660007618367672,0.0660007618367672,0.20376031576924852,true,0.03515638604000289,0.04804947118606255,0.16707214559544087
joint-da2f34f1c087e97b1afb,M2,291503,single_only_addressable,0,-0.0660007618367672,0.0660007618367672,0.2131212487929496,true,0.039151391086147055,0.03999732484769508,0.11966681966232873
joint-d61e8bcf8b85f15c898a,M2,291503,single_only_addressable,1,-0.0660007618367672,-0.0660007618367672,0.11189788764491997,true,0.021969416900933715,0.024467117028230883,0.05207163988230231
joint-4de8fb543630717fe750,M2,291503,single_only_addressable,1,0.0660007618367672,0.1320015236735344,0.10321493064643252,true,0.015767163747661767,0.03340076009439136,0.07031332954063924
joint-dc3cf8ce3539277e0726,M2,291503,single_only_addressable,0,-0.0660007618367672,-0.1320015236735344,0.2304198434445687,true,0.04752967827980522,0.06112207013012628,0.16160248969894456
joint-afc74f4446a723051311,M2,291503,single_only_addressable,0,0.1320015236735344,0.0660007618367672,0.0661212723200187,true,0.0161772167612902,0.023519671304770725,0.07246362543182433
joint-b8e91cf056a2850aa06d,M2,291503,single_only_addressable,1,0.1320015236735344,0.1320015236735344,0.29819247454326453,true,0.058423750828409976,0.05600756575888282,0.1066214948087257
joint-1f313d8436034e3c8a2f,M2,291503,single_only_addressable,0,0.0660007618367672,-0.0660007618367672,0.17742791126623472,true,0.0356459114213154,0.03348168521842035,0.10558412506686056
joint-86283058a19cd7794f47,M2,291503,single_only_addressable,1,-0.1320015236735344,0.1320015236735344,0.35494065054364554,true,0.056544732805148455,0.060715101802811505,0.26691408376346315
joint-a5ed81533299a3f553ae,M2,291503,single_only_addressable,1,0.0660007618367672,0.1320015236735344,0.151112618498186,true,0.02208558284186058,0.03724597165529674,0.09233146030077709
joint-1b3125f558c72b1ea5e4,M2,291503,single_only_addressable,1,-0.0660007618367672,0.1320015236735344,0.17937525932270823,true,0.026004317050542517,0.03801838251380682,0.09282613135464247
joint-3dcb938aa6f788013529,M2,291503,single_only_addressable,0,-0.0660007618367672,-0.0660007618367672,0.12974590012609816,true,0.027119010602607897,0.0326653975447771,0.0850144007461764
joint-f3d0c584cd58125ec9bd,M2,291503,single_only_addressable,0,-0.0660007618367672,-0.1320015236735344,0.06649329198524254,true,0.021499582553084585,0.02750136954721537,0.06052256799689703
joint-a4fe2bd135f56d3a3b4d,M2,291503,single_only_addressable,0,-0.1320015236735344,-0.0660007618367672,0.07964485308688304,true,0.033033722147958085,0.0391086285104946,0.06254689203274182
joint-baf9ad5b2a0e2663433b,M2,291503,single_only_addressable,0,0.1320015236735344,0.1320015236735344,0.28133332838198294,true,0.06073450781554304,0.055564990233572274,0.24120895091408462
joint-63dd4abeb6e1325c7806,M2,291503,single_only_addressable,0,-0.1320015236735344,0.1320015236735344,0.3440561052132106,true,0.0689325698155231,0.07224742966898735,0.22222715508362562
joint-89a8114aac92bfca40db,M2,291503,single_only_addressable,0,0.0660007618367672,0.1320015236735344,0.14052525169004979,true,0.028640997927113415,0.042438479783955894,0.09526514588481311
joint-fdd9add87d3e0887f0db,M2,291503,single_only_addressable,0,-0.0660007618367672,-0.0660007618367672,0.026279363735507714,true,0.00951679969957783,0.02031219834310932,0.03974314286413298
joint-8deb233befdaaa44244e,M2,291503,single_only_addressable,0,-0.0660007618367672,-0.1320015236735344,0.2817056929213431,true,0.057559018193503404,0.0716676569603178,0.188000681627407
joint-750a25537e1c577ecb17,M2,291503,single_only_addressable,0,0.1320015236735344,0.0660007618367672,0.3257313872965173,true,0.053459250143070756,0.05069701552623785,0.21922474059157368
joint-d20c3c92116f8fce3c1e,M2,291503,single_only_addressable,0,-0.1320015236735344,-0.0660007618367672,0.2583452684978537,true,0.04476916317360792,0.05243203605939999,0.18078068736546452
joint-83912571774477870e69,M2,291503,single_only_addressable,0,0.1320015236735344,-0.0660007618367672,0.20150370284719038,true,0.04037061937944514,0.04137613150366758,0.13539554419166658
joint-0b091357d2bc89169b82,M2,291503,single_only_addressable,0,0.1320015236735344,-0.1320015236735344,0.3065148524571585,true,0.0601475078033147,0.06348601854642387,0.28184058797890227
joint-79a2726c7c85c127d89d,M2,291503,single_only_addressable,0,-0.1320015236735344,-0.1320015236735344,0.23145334155470712,false,0.04429146119708777,0.05493380379204334,0.1709481282483697
joint-ff0e8b614b34aecce4b3,M2,291503,single_only_addressable,1,0.0660007618367672,0.1320015236735344,0.11414475672988353,true,0.02010832448976136,0.022132457080341287,0.10662036944215929
joint-a6e0056491e5774f3780,M2,291503,single_only_addressable,0,0.0660007618367672,-0.1320015236735344,0.23336975646330133,true,0.04239079175732761,0.04478474284947005,0.16822880995909853
joint-009541860623d2bb9f1f,M2,291503,single_only_addressable,0,-0.0660007618367672,0.1320015236735344,0.28024520352051435,true,0.057078852387648635,0.05934232977259641,0.18078056560633524
joint-ffe811f4bd9985f39189,M2,291503,single_only_addressable,0,-0.0660007618367672,-0.1320015236735344,0.17732306615009327,true,0.03321815844723981,0.043313096637424574,0.10546844204010715
joint-08c462a1ad92c4ade964,M2,291503,single_only_addressable,0,0.1320015236735344,-0.0660007618367672,0.18431723899029717,true,0.03699116483510489,0.039055691702060524,0.12636027240506018
joint-2ce56f0ea0683dcda2f5,M2,291503,single_only_addressable,0,-0.1320015236735344,-0.0660007618367672,0.29444712118044075,true,0.05098634984364022,0.04237116559513905,0.12258070121497833
joint-e8e45e1d9d7dc3a06a25,M2,291503,single_only_addressable,0,0.1320015236735344,-0.1320015236735344,0.34246981699259693,true,0.06809881100259892,0.06958492702576961,0.21130601669840432
joint-cf92d455cc3ba4b96312,M2,291503,single_only_addressable,1,-0.1320015236735344,0.1320015236735344,0.22795782752123586,true,0.04748707850014332,0.05034674634241483,0.17333147637920945
