public_unit_id,family,seed,stratum,vector_class,E_add,R_norm,R_norm_error,cos_add,cos_xy
joint-2a931d7a53cb9c33974d,M0,291301,future_contact,P0,0.5058606930375884,1.342402324023081,0.2944607879741518,0.912926630153884,0.519079908803971
joint-4352a0ffd3ac22d2f5e6,M0,291301,no_contact_within_horizon,P0,0.3505570972219997,1.244272826112382,0.2185512838664393,0.9617957533036706,0.1369142205108057
joint-147f59a58d0ef285e900,M0,291301,future_contact,P1,0.5345267740316715,1.124410429258191,0.11725883540582802,0.8635316327784044,0.6422878641616016
joint-d0326bfd1d59b011ffc1,M0,291301,no_contact_within_horizon,P2,0.9757326255920559,0.4099506217338882,0.8917185613320305,0.8475385817645434,0.5109867496650069
joint-b0a6408213b275a6eec4,M0,291301,no_contact_within_horizon,P2,0.7493788490828165,1.980836655895793,0.6835193089385859,0.9279601894675223,0.7730357503555206
joint-f16075ae76c562b01afa,M0,291301,future_contact,P2,0.8580403092062596,0.6990478230880336,0.3580361226536693,0.6847422051352109,0.1833916706461509
joint-6c84dffefac07a85efd4,M0,291301,no_contact_within_horizon,P3,0.2833962900103353,1.188750013992727,0.17290234664842147,0.9745272857742004,0.3162669848506075
joint-530af393a720d348afb0,M0,291301,no_contact_within_horizon,P0,0.5469254653172263,0.7146860421014419,0.335911934677649,0.9031282911989158,0.03475059410690982
joint-66b0d86cfbc4d904308f,M0,291301,no_contact_within_horizon,P0,0.8768176720451818,2.0724970532433287,0.7287541861895488,0.8397619856567484,0.7138692382619911
joint-cb84ae0ab47be6c0b097,M0,291301,no_contact_within_horizon,P1,0.8690419471875717,2.2462190162435043,0.8092483654728112,0.9028166530200648,0.7023256370563853
joint-bd7b1bc3eac5c32be6ce,M0,291301,future_contact,P0,1.2222381179683375,0.705796414971842,0.3484284471363526,0.29148463936195973,-0.4892364211503026
joint-f42e2b2aa0bcf1904b2c,M0,291301,future_contact,P2,1.3656692213732322,0.40562693972606306,0.9023214094678809,0.29990191009777806,0.04187704243631774
joint-0cc5980f554a68da719e,M0,291301,future_contact,P3,1.7191831190005318,0.16527374845336504,1.8001520983014374,0.07258775494405675,0.39881864867754524
joint-c71196ce6b27a5f15741,M0,291301,no_contact_within_horizon,P0,0.6390763843953041,0.630547986114225,0.4611660184411544,0.8929744384053331,-0.5003122583869791
joint-08a29e94c959b15daf6c,M0,291301,future_contact,P2,1.041290773987982,0.41571754551800977,0.877749226450399,0.7571536490406902,-0.19723163891821657
joint-009344968abd7434a0a8,M0,291301,no_contact_within_horizon,P3,0.4817330673283564,1.3453517236096872,0.2966554834099677,0.9257208704239163,0.03329629528118218
joint-0d9b039cb21daac03d2a,M0,291301,no_contact_within_horizon,P0,0.7963324271534511,0.7061687478648097,0.3479010504109972,0.7343663722470734,-0.002543929302448339
joint-96bbd61ef63ebf358d5e,M0,291301,no_contact_within_horizon,P0,0.6332912421795616,1.7380967636664564,0.552790700590544,0.9404770829473336,0.9106303367793752
joint-71226efdc82c7b8eb4e1,M0,291301,future_contact,P3,0.27166646194157323,1.0147687613646335,0.014660765222900485,0.9632041547609299,0.4757363636417086
joint-2b6a5ce6c26b3991652e,M0,291301,no_contact_within_horizon,P1,0.4052779251295483,1.3846781740069845,0.32546774730037653,0.969114595937582,0.9049752864756373
joint-c45a492c6ab0e2e5bfbe,M0,291301,future_contact,P2,0.1816493615909778,1.0342042983740545,0.033632337202302735,0.9840627092108986,0.6710295357386121
joint-b2b2ebaf8b3253aafde3,M0,291301,future_contact,P3,0.6376278991723899,1.8133105384203085,0.5951542013966348,0.9605704057074521,0.968105498613003
joint-58d5f239e12552c3626e,M0,291301,future_contact,P3,0.5688971480158223,1.4643960466857346,0.38144290264662534,0.9058557901243203,0.9630654873160003
joint-fc2b76f0772372bf8c3c,M0,291301,no_contact_within_horizon,P2,0.6573752930060871,1.7822920776282056,0.5779002200106925,0.9370645903338812,-0.21925911266458484
joint-fe2aefddb9b7745686ad,M0,291301,future_contact,P0,0.8669936147398083,1.5617958551180082,0.44583634832948804,0.7062154392921727,0.4272130541847066
joint-8b6ff975d45da97a4933,M0,291301,no_contact_within_horizon,P3,0.30361925817007407,1.2045289048573216,0.1860885401757417,0.9708719832993028,0.2919974575435617
joint-175e17d0ef9573bac40e,M0,291301,no_contact_within_horizon,P3,0.9500318943537165,2.486910295640344,0.9110410948665102,0.8929287209695245,0.9352585757422868
joint-a3d06b9cb0966439eddd,M0,291301,future_contact,P1,0.9000616352000873,0.6269958739078556,0.4668153190600947,0.6834251511026275,-0.06529450625847595
joint-04c90cd2b55e51d7395c,M0,291301,future_contact,P1,0.8903746285783987,1.7212923529160538,0.5430753766642112,0.724790259188512,0.5150993329489645
joint-03d19206c4766692b70a,M0,291301,no_contact_within_horizon,P0,0.5651083643417063,1.6550897005271654,0.5038552070745741,0.9596192353413977,0.9450492503962507
joint-f3533a47857412ee6574,M0,291301,no_contact_within_horizon,P0,0.6423179452107358,0.6425185673351594,0.44235956405419435,0.8829034791611835,-0.4581795562324987
joint-19e423cc276169fd1073,M0,291301,future_contact,P2,0.29013462139974644,0.7715127620361679,0.25940206546717137,0.991032735088884,0.0850644929895015
joint-ff96f3eeddc533681410,M0,291301,future_contact,P2,0.7309766148001647,1.9354459110022286,0.6603377448957753,0.9287002890223699,0.8609220615089097
joint-c4e21270ec4d0d7be262,M0,291301,no_contact_within_horizon,P1,1.2504778839199449,2.667503945231224,0.9811431831921993,0.5355988899914592,0.19478696187988961
joint-f3c2aa3445150de38445,M0,291301,no_contact_within_horizon,P1,1.030366013944829,0.7345036369208738,0.30856033182039067,0.5044210726583287,0.05601114637385834
joint-9b1bd063fe31242ee1d4,M0,291301,no_contact_within_horizon,P2,0.7512401370752351,2.002936667820135,0.694614437521861,0.9334928560549847,0.7663696393817794
joint-dc07119105a4b0f17fef,M0,291301,no_contact_within_horizon,P3,1.6994073487706671,0.26796748556299055,1.316889628357608,-0.16602187393594525,0.43131956575130065
joint-e62d176dd1f3b78034aa,M0,291301,no_contact_within_horizon,P0,0.712190669542992,0.6960028414826661,0.36240153606601366,0.8043630971956104,0.07834947525121916
joint-7fb044ff7f38057c2332,M0,291301,no_contact_within_horizon,P1,1.042033922250888,0.6971431143034771,0.3607645603123871,0.5050093118085973,0.08554039247957877
joint-86e6ae730070eee6983b,M0,291301,future_contact,P0,0.3269835119062632,1.3047984751108652,0.26604860364745536,0.9811894905274459,0.2946232022571467
joint-9a206f19112cd83d8451,M0,291301,no_contact_within_horizon,P3,0.41266686595523067,1.3218574231394982,0.2790378862483549,0.9523691474886703,0.05903762846605413
joint-d9be6f5c2e8106f0264a,M0,291301,no_contact_within_horizon,P0,0.34244559595500434,1.2309643738315934,0.2077979059480987,0.9623980517910669,0.16578976883243532
joint-6f8a92fc80c9c4920afe,M0,291301,future_contact,P0,0.5858198092744782,1.334914896068584,0.288867541556973,0.866816166010933,0.383333154418514
joint-2a31fc646bfd539046d7,M0,291301,future_contact,P1,1.0552695066410067,0.4565942012178635,0.7839602448841617,0.6765412128300827,0.28816566579764974
joint-e8ed568644109d3c68dd,M0,291301,no_contact_within_horizon,P0,0.48418982959135387,0.7575661359681901,0.27764443720092086,0.91929799001129,-0.16449045150880037
joint-310c46903e1f1c1d5a60,M0,291301,no_contact_within_horizon,P0,0.6578947440662771,1.7723960986542238,0.5723323591752499,0.9336779331714556,0.8978274152636695
joint-1285f64b5ffdc41a435d,M0,291301,future_contact,P0,1.022369238209899,0.547219665735415,0.6029049744756209,0.6157518021004322,-0.05782902762243308
joint-70524fe1e7c2518c400a,M0,291301,no_contact_within_horizon,P1,0.4973717299974851,1.2867176829524176,0.25209454398560965,0.9062795565499984,0.17691379213934635
joint-41ae71c0e6c6d51506eb,M0,291301,future_contact,P0,1.0745156535107214,0.6963349493521236,0.36192448534176846,0.46980874070473105,-0.2467095890280016
joint-f2a415df92c5dbd9c22b,M0,291301,no_contact_within_horizon,P2,0.2940745469216479,0.8224166896087318,0.1955080907022159,0.975518228878942,-0.060037979287041396
joint-05f0f9643ecc833a54a1,M0,291301,no_contact_within_horizon,P3,0.27895237096705544,1.1899379114482855,0.17390113050872055,0.9759568376594514,0.31003862563463747
joint-6731d5008cdff8444b8a,M0,291301,no_contact_within_horizon,P1,1.2837295053491902,0.2691971040445825,1.3123114389047084,0.7593093521142389,0.4259985977741217
joint-cd5d57fb2d2fc404ed88,M0,291301,no_contact_within_horizon,P1,0.33874395507585403,1.234896838007516,0.21098743461323077,0.9643259263925494,0.3069662452337904
joint-c73f7954cc710bf9d63c,M0,291301,future_contact,P3,1.163090860475313,1.7356297748124314,0.5513703301374007,0.4267817414743121,0.9169389502944792
joint-8c80649d97868318c9fe,M0,291301,no_contact_within_horizon,P1,1.0279570486174001,1.9736189576422838,0.6798688918021396,0.6483616595447925,-0.012093060246888655
joint-e8ffd69e58705acdb563,M0,291301,future_contact,P3,1.4632622923215415,0.2794447433531114,1.2749507041318076,0.3611457408740911,-0.08205822025577104
joint-2474a6ed6bbe4f7e1b97,M0,291301,future_contact,P0,0.8941638460790508,0.6651954841860201,0.40767432034242046,0.667650616007523,0.13912656630268289
joint-1b6c644185589ebc48c8,M0,291301,no_contact_within_horizon,P3,0.9844317179484454,2.576969570535699,0.9466141235041592,0.8810571458466545,0.012962725602172919
joint-efe7c8a0a11bb35094e0,M0,291301,future_contact,P2,0.5022430337082658,1.3689773984127076,0.3140640366102815,0.9204650439381916,0.8773495563666562
joint-9ea456682d298ae62b43,M0,291301,future_contact,P3,1.8101018160160878,0.1552751785276101,1.8625563907862794,-0.22261482611887268,0.27932265006650153
joint-7d924a87e8568d82b71b,M0,291301,no_contact_within_horizon,P1,1.0828348552007823,0.6080600203371203,0.4974816842285003,0.5030238600076525,-0.09185383140144533
joint-f012efad790d4bcb5275,M0,291301,future_contact,P1,0.3137355210012872,1.1638565597551758,0.1517391112648703,0.962035661704877,0.6792839819331535
joint-99a2122f162a74088f58,M0,291301,no_contact_within_horizon,P2,0.7014839914291133,0.5128568562777098,0.6677585053452627,0.9568576266584778,0.3915499287915878
joint-ce884c4d333127e8b6dc,M0,291301,no_contact_within_horizon,P3,0.42950198670734147,1.3984343820105813,0.33535331229493387,0.9619062574577559,0.8766568460559325
joint-50af49320c1511a0d6c6,M0,291301,future_contact,P3,1.277282393890365,0.4817319902372343,0.7303673564295667,0.34935536406138235,-0.13068920336931744
joint-4664e26abb95085a572a,M0,291301,future_contact,P3,1.1438546624980273,0.5569398259416014,0.5852980773115987,0.4643852664698708,0.23288391929209534
joint-79aa8ba0c5489ddf2497,M0,291301,future_contact,P0,0.8641041501200916,0.6349180360720408,0.4542593654725093,0.7120310541256956,0.12213954947068507
joint-d987f2e8f59153959f0b,M0,291301,future_contact,P0,0.8056923776354609,1.7840298643213193,0.5788747741081295,0.8197508401773348,0.8286320750195322
joint-cb8130fb1c35fd8e7b18,M0,291301,no_contact_within_horizon,P3,1.5712699262247138,0.1842914954207838,1.6912365606733992,0.45656062405210707,0.3189953099529274
joint-d18a1d26ca0c2d035ee3,M0,291301,future_contact,P0,1.1858952736009758,2.17122864732605,0.7752932042478144,0.5016590449496383,-0.07217739470366916
joint-da2f34f1c087e97b1afb,M0,291301,no_contact_within_horizon,P0,0.7493313701814107,1.891951372777363,0.6376087688075175,0.89999019417217,0.8252670661788071
joint-d61e8bcf8b85f15c898a,M0,291301,no_contact_within_horizon,P0,0.7954021214538011,0.7844723986567598,0.24274389078458267,0.7085921215992239,0.04337560160812275
joint-4de8fb543630717fe750,M0,291301,no_contact_within_horizon,P1,0.8957255304185842,0.6296270339608695,0.46262764448934734,0.6859221402822476,0.2084361480195906
joint-dc3cf8ce3539277e0726,M0,291301,future_contact,P1,0.8951692172266925,0.49880863313023616,0.6955327575268435,0.8006866386682192,-0.7440412076118662
joint-afc74f4446a723051311,M0,291301,future_contact,P2,0.9380909312531789,0.5559635473088856,0.587052549274953,0.6983026787327011,0.2757933074282696
joint-b8e91cf056a2850aa06d,M0,291301,future_contact,P3,0.9132710502744577,0.5477351805519766,0.601963356003591,0.7307518929863879,0.3224214105273265
joint-1f313d8436034e3c8a2f,M0,291301,no_contact_within_horizon,P0,0.42263580087541275,1.4165010691611515,0.34818979507893755,0.9691880879275414,0.8432170397002122
joint-86283058a19cd7794f47,M0,291301,future_contact,P3,0.8810832388827524,2.409729449653586,0.879514479646235,0.9441741049206991,0.27857401851797825
joint-a5ed81533299a3f553ae,M0,291301,no_contact_within_horizon,P1,0.8280748104796076,0.652588328132379,0.42680878016156065,0.7337674931454976,0.1859006080001826
joint-1b3125f558c72b1ea5e4,M0,291301,no_contact_within_horizon,P1,0.7542325408563485,2.0239381433371615,0.7050451893658927,0.9377429771836452,0.4288114451690711
joint-3dcb938aa6f788013529,M0,291301,future_contact,P0,1.3640366101179253,0.284592474455398,1.2566970362079768,0.550637123985215,-0.4473733734045014
joint-f3d0c584cd58125ec9bd,M0,291301,future_contact,P1,1.3352094065766704,0.34623407081423374,1.0606402274074842,0.4507391758451035,0.04704162973600259
joint-a4fe2bd135f56d3a3b4d,M0,291301,future_contact,P2,1.170191655436756,0.37626248350177743,0.9774682847271883,0.6553314034726377,-0.04885554409050672
joint-baf9ad5b2a0e2663433b,M0,291301,future_contact,P3,1.1233575140504164,0.46491200534002736,0.7659071271300374,0.5798161217650297,0.401428100675104
joint-63dd4abeb6e1325c7806,M0,291301,no_contact_within_horizon,P3,0.959624818635771,2.521475169825296,0.9248441151037642,0.892915476698326,0.93328469717281
joint-89a8114aac92bfca40db,M0,291301,future_contact,P1,0.8967072798781727,0.4545793882783402,0.7883827089384088,0.8593900171102355,0.33313793088682014
joint-fdd9add87d3e0887f0db,M0,291301,no_contact_within_horizon,P0,1.4242794622075006,0.6736560399903134,0.39503562475454573,0.02467265565135722,-0.3409045547430917
joint-8deb233befdaaa44244e,M0,291301,future_contact,P1,0.8800617512844903,0.7141032042326751,0.33672778334475045,0.658894783317355,-0.1121678337389375
joint-750a25537e1c577ecb17,M0,291301,future_contact,P2,1.473200370709833,0.2633407801616513,1.3343063434941473,0.38614360280814547,0.38658017970474684
joint-d20c3c92116f8fce3c1e,M0,291301,future_contact,P2,0.8384445258765392,0.507816835977947,0.6776344555192452,0.845102345874083,-0.7548180441296549
joint-83912571774477870e69,M0,291301,no_contact_within_horizon,P2,0.33101109180989613,1.3251317626725314,0.28151189802044463,0.9840100943156767,0.7533268748206176
joint-0b091357d2bc89169b82,M0,291301,future_contact,P3,0.6652223053947116,1.856558508924724,0.6187245098532946,0.9544744617202978,0.9673069130078787
joint-79a2726c7c85c127d89d,M0,291301,future_contact,P3,1.6843368091846527,0.28216868897763764,1.2652501990231029,-0.15301680423344452,-0.10831242813953997
joint-ff0e8b614b34aecce4b3,M0,291301,future_contact,P1,0.9661333131819908,0.431469243051665,0.8405590501378004,0.8204527893502526,0.015171362848686929
joint-a6e0056491e5774f3780,M0,291301,future_contact,P1,0.5206067440534835,1.6047840066532584,0.47298917223199183,0.9707230094895212,0.8163255159516533
joint-009541860623d2bb9f1f,M0,291301,no_contact_within_horizon,P1,0.6647964979063636,1.847106398589661,0.6136203057245048,0.9518076088581727,0.8952885439266213
joint-ffe811f4bd9985f39189,M0,291301,no_contact_within_horizon,P1,1.503237704395986,0.33374123257225413,1.0973893390591554,0.15947538800531424,0.37171660813352136
joint-08c462a1ad92c4ade964,M0,291301,no_contact_within_horizon,P2,0.24490249949269122,1.2213314190252629,0.1999415907505667,0.9897656695250554,0.863564581066398
joint-2ce56f0ea0683dcda2f5,M0,291301,future_contact,P2,1.5448613008117569,0.33369735261302735,1.097520826690419,0.07501578492865965,0.27609610214697033
joint-e8e45e1d9d7dc3a06a25,M0,291301,no_contact_within_horizon,P3,0.6109805962462024,1.6649319762327526,0.5097842674823503,0.9337384443183753,0.7722857246473143
joint-cf92d455cc3ba4b96312,M0,291301,future_contact,P3,0.8997319466288423,2.233979775537882,0.8037846475791196,0.8670748618132254,0.5972745688581977
joint-2a931d7a53cb9c33974d,M0,291302,future_contact,P0,0.5833343920494137,1.3806973554968007,0.322588701603016,0.8778801685416622,0.28703989021896814
joint-4352a0ffd3ac22d2f5e6,M0,291302,no_contact_within_horizon,P0,0.39035265776572003,1.4139509156810675,0.34638785377502695,0.9820986480166177,0.9640420931572773
joint-147f59a58d0ef285e900,M0,291302,future_contact,P1,0.6535213410762767,1.1092423727293068,0.10367723519221551,0.7912598672830102,0.46590293251084974
joint-d0326bfd1d59b011ffc1,M0,291302,no_contact_within_horizon,P2,0.6140061377083541,0.6307268302890386,0.46088242572418847,0.9094093756363351,0.27562438477346557
joint-b0a6408213b275a6eec4,M0,291302,no_contact_within_horizon,P2,0.36963388610486597,1.3140441495108917,0.27310951882133155,0.9679303749335981,0.07074053820931743
joint-f16075ae76c562b01afa,M0,291302,future_contact,P2,1.280304114203498,0.3672770583005629,1.001638788492319,0.5020776839349524,0.01445634092056768
joint-6c84dffefac07a85efd4,M0,291302,no_contact_within_horizon,P3,0.4097123788673197,1.4637459147307241,0.38099884496481873,0.9864472569934901,0.9885362875371968
joint-530af393a720d348afb0,M0,291302,no_contact_within_horizon,P0,1.855130812821369,0.45239712412610367,0.7931948916876457,-0.674481196339815,-0.3798416323102947
joint-66b0d86cfbc4d904308f,M0,291302,no_contact_within_horizon,P0,0.6002258453469512,1.5018268659309797,0.4066822776773062,0.8961543595026917,0.04386042387232261
joint-cb84ae0ab47be6c0b097,M0,291302,no_contact_within_horizon,P1,0.5680523360345575,1.470323266140833,0.3854822855535606,0.9078128799952808,0.3812493132033796
joint-bd7b1bc3eac5c32be6ce,M0,291302,future_contact,P0,0.6628101311473582,0.6497833066009562,0.43111634613414035,0.8643547393099987,0.040678006362621325
joint-f42e2b2aa0bcf1904b2c,M0,291302,future_contact,P2,0.9812407346063787,0.47007978540403267,0.7548528425061896,0.7453754658565283,0.40696991558457823
joint-0cc5980f554a68da719e,M0,291302,future_contact,P3,1.3063648909008192,0.44260819175920024,0.8150703432689529,0.3479357796678211,0.19181410885071412
joint-c71196ce6b27a5f15741,M0,291302,no_contact_within_horizon,P0,1.2741826283311861,0.255525550331166,1.3644328730420257,0.8325551328158269,-0.2278676645879061
joint-08a29e94c959b15daf6c,M0,291302,future_contact,P2,0.49309933608433176,0.6896619910047399,0.3715536695244858,0.9440059871392293,-0.04003605420408703
joint-009344968abd7434a0a8,M0,291302,no_contact_within_horizon,P3,0.5925354620006549,1.7146919914950027,0.5392334676925506,0.9603209620932287,0.9666438731034962
joint-0d9b039cb21daac03d2a,M0,291302,no_contact_within_horizon,P0,1.8287436973067936,0.3772201278571086,0.9749263684134388,-0.587879008417585,-0.4438457238307426
joint-96bbd61ef63ebf358d5e,M0,291302,no_contact_within_horizon,P0,0.3266825071542867,1.2468517289681929,0.22062175743777013,0.9704231672198151,0.48297866343292684
joint-71226efdc82c7b8eb4e1,M0,291302,future_contact,P3,0.288414044836431,1.1874963137274326,0.17184715269231063,0.9729029454374967,0.9875565218188047
joint-2b6a5ce6c26b3991652e,M0,291302,no_contact_within_horizon,P1,0.8365064313804877,2.242116992321237,0.8074205054121846,0.9340017704019172,0.7061831855549733
joint-c45a492c6ab0e2e5bfbe,M0,291302,future_contact,P2,0.32298404728369856,1.3092633872115549,0.2694646792247104,0.9834138930081195,0.9018104692896568
joint-b2b2ebaf8b3253aafde3,M0,291302,future_contact,P3,0.49955563758496285,1.2790878058658588,0.24614717220731863,0.9037699768604462,0.9192840059820997
joint-58d5f239e12552c3626e,M0,291302,future_contact,P3,0.5934566001509531,1.6901632159333637,0.5248251017470411,0.952408768072778,0.8553417900895279
joint-fc2b76f0772372bf8c3c,M0,291302,no_contact_within_horizon,P2,0.9210850694519411,2.3170649972189583,0.8403012973739828,0.8707302438908205,0.017502922938087345
joint-fe2aefddb9b7745686ad,M0,291302,future_contact,P0,0.45154861401869795,1.0689048345416334,0.06663460520046706,0.9001596228871819,0.34413984860621133
joint-8b6ff975d45da97a4933,M0,291302,no_contact_within_horizon,P3,0.43434529180024917,1.4970419902901801,0.40349115467014673,0.9842934086236358,0.9869457783780489
joint-175e17d0ef9573bac40e,M0,291302,no_contact_within_horizon,P3,0.506657511470085,1.4163918644494244,0.3481126974163429,0.9289267713826319,0.5433184744318768
joint-a3d06b9cb0966439eddd,M0,291302,future_contact,P1,1.329813145520623,0.3299835935802462,1.10871234218101,0.4952919697613938,-0.046554523328615746
joint-04c90cd2b55e51d7395c,M0,291302,future_contact,P1,1.0106062715863775,1.774324059127455,0.5734195386409875,0.6151563267922476,0.0915325453172379
joint-03d19206c4766692b70a,M0,291302,no_contact_within_horizon,P0,0.27992280157437033,1.1989537415838465,0.1814492944702975,0.9770053896909991,0.5870796230916382
joint-f3533a47857412ee6574,M0,291302,no_contact_within_horizon,P0,1.265676270525427,0.2566651713930914,1.3599828785606891,0.8443482296056533,0.10019622763350285
joint-19e423cc276169fd1073,M0,291302,future_contact,P2,0.7245102974368065,0.49001969058501443,0.7133097038174785,0.968094315665626,-0.3856617546310487
joint-ff96f3eeddc533681410,M0,291302,future_contact,P2,0.2614207117897516,1.2513856495056654,0.22425145696456356,0.9906481139626396,0.21279218404426115
joint-c4e21270ec4d0d7be262,M0,291302,no_contact_within_horizon,P1,1.1686221715804561,0.9380747922538553,0.06392559727633804,0.3185072071393494,0.46548059213751836
joint-f3c2aa3445150de38445,M0,291302,no_contact_within_horizon,P1,0.8820193109482481,0.40454695329832774,0.9049874718447012,0.9640149566676498,0.5387126144768177
joint-9b1bd063fe31242ee1d4,M0,291302,no_contact_within_horizon,P2,0.3581216256518933,1.2838766288993166,0.24988411723971557,0.9662520312335435,0.19291444196801255
joint-dc07119105a4b0f17fef,M0,291302,no_contact_within_horizon,P3,1.4631757757174548,0.3221953938665341,1.1325971042243361,0.260923113145425,0.5429649531580654
joint-e62d176dd1f3b78034aa,M0,291302,no_contact_within_horizon,P0,1.837979485786978,0.39557273926019054,0.9274205914659346,-0.6172975271212642,-0.06390692686788225
joint-7fb044ff7f38057c2332,M0,291302,no_contact_within_horizon,P1,0.955691753602196,0.37326897068338927,0.9854560181788944,0.9493381645328111,0.6080468049987201
joint-86e6ae730070eee6983b,M0,291302,future_contact,P0,0.6250570089560439,1.6672486592691442,0.5111747583728967,0.9251300723385959,0.8640516324199796
joint-9a206f19112cd83d8451,M0,291302,no_contact_within_horizon,P3,0.457615342372717,1.527526302606927,0.42364963129796507,0.9816150388414585,0.9839098992493094
joint-d9be6f5c2e8106f0264a,M0,291302,no_contact_within_horizon,P0,0.44125258662063643,1.4666246917401613,0.38296363257849486,0.9732659963191367,0.9495710608714437
joint-6f8a92fc80c9c4920afe,M0,291302,future_contact,P0,1.0476398821738067,2.1455339175063384,0.7633884339967487,0.6731243574588104,0.7816876597795575
joint-2a31fc646bfd539046d7,M0,291302,future_contact,P1,0.9748536616468191,0.773384321103346,0.256979172702117,0.5501433096880832,-0.3322327652607808
joint-e8ed568644109d3c68dd,M0,291302,no_contact_within_horizon,P0,1.8586928271586438,0.45724817629311865,0.7825289801431319,-0.6834593519089053,-0.4559578461911364
joint-310c46903e1f1c1d5a60,M0,291302,no_contact_within_horizon,P0,0.3759237118433495,1.323551706193704,0.28031880969197587,0.9674907573890873,0.3485735083109697
joint-1285f64b5ffdc41a435d,M0,291302,future_contact,P0,0.7471685265592531,0.8860526538858796,0.12097890137777406,0.7271738964245134,0.009265758602405697
joint-70524fe1e7c2518c400a,M0,291302,no_contact_within_horizon,P1,0.45400939983654875,1.5078671299059676,0.4106961555619065,0.9780581580517089,0.7747319907719488
joint-41ae71c0e6c6d51506eb,M0,291302,future_contact,P0,0.6249179596459349,0.6050075204582314,0.5025143905190804,0.9210900713085062,0.1078546044064513
joint-f2a415df92c5dbd9c22b,M0,291302,no_contact_within_horizon,P2,1.1130722236136241,0.32288357691428354,1.130463463724503,0.8706164953726971,-0.5729481465610943
joint-05f0f9643ecc833a54a1,M0,291302,no_contact_within_horizon,P3,0.37480380084198034,1.4180011085846767,0.3492482099041835,0.9892069467466399,0.9906372940277768
joint-6731d5008cdff8444b8a,M0,291302,no_contact_within_horizon,P1,1.397856098095607,0.3709861842082248,0.9915904563990334,0.29575743009053246,0.24374020277450006
joint-cd5d57fb2d2fc404ed88,M0,291302,no_contact_within_horizon,P1,0.2764156417692152,1.294735958488665,0.25830678130353957,0.994703504358138,0.9600697251196597
joint-c73f7954cc710bf9d63c,M0,291302,future_contact,P3,0.5487435941203475,1.382431552688824,0.3238439433795329,0.8983554646270823,0.8342103026065095
joint-8c80649d97868318c9fe,M0,291302,no_contact_within_horizon,P1,0.998602495772371,2.422300673753815,0.8847177801813237,0.8148623510807623,0.7260703187788636
joint-e8ffd69e58705acdb563,M0,291302,future_contact,P3,0.7190130441064958,0.5229519679576806,0.6482656586037784,0.9309748737680791,-0.019240308102758757
joint-2474a6ed6bbe4f7e1b97,M0,291302,future_contact,P0,1.3161141093074644,0.5056641651636766,0.6818825352546033,0.2709169571661529,0.12191488677115318
joint-1b6c644185589ebc48c8,M0,291302,no_contact_within_horizon,P3,1.0801628578159963,2.922215074817729,1.0723419159646437,0.8644264989070005,0.8398118223685788
joint-efe7c8a0a11bb35094e0,M0,291302,future_contact,P2,0.7726799311903961,1.4835410492147956,0.3944318308848227,0.7685229717986158,0.6921808773368809
joint-9ea456682d298ae62b43,M0,291302,future_contact,P3,1.6731836684367325,0.3589078267884469,1.0246896733526603,-0.22793568560531846,-0.3350761909378507
joint-7d924a87e8568d82b71b,M0,291302,no_contact_within_horizon,P1,1.1625880117375758,0.2979193673431042,1.2109324084754955,0.8719252227327611,0.6436843467047083
joint-f012efad790d4bcb5275,M0,291302,future_contact,P1,0.6046265470728758,1.499226444160803,0.4049492711943789,0.8927354352622473,0.9114046289801783
joint-99a2122f162a74088f58,M0,291302,no_contact_within_horizon,P2,0.6113327393980075,0.6041871148770893,0.5038713361803536,0.9306742825627237,0.23539236370641944
joint-ce884c4d333127e8b6dc,M0,291302,no_contact_within_horizon,P3,0.8182270235021273,2.069157759736134,0.7271416451248887,0.8952428357146148,0.5616814602456509
joint-50af49320c1511a0d6c6,M0,291302,future_contact,P3,1.4520628988556927,0.24653474545968893,1.4002523402209248,0.49021888380141443,0.09299520546146597
joint-4664e26abb95085a572a,M0,291302,future_contact,P3,1.5956227968097518,0.2540315945442775,1.3702966317295462,0.1251230578102643,0.2595479988744365
joint-79aa8ba0c5489ddf2497,M0,291302,future_contact,P0,0.7563205150434165,1.0036205284353155,0.003613990098976151,0.7139952358406036,-0.523994122303738
joint-d987f2e8f59153959f0b,M0,291302,future_contact,P0,0.8522250679943355,1.8648969106816566,0.6232057757941063,0.800999986406767,0.47640456923432456
joint-cb8130fb1c35fd8e7b18,M0,291302,no_contact_within_horizon,P3,1.2977282340177894,0.33655830034915335,1.0889838897805062,0.5365460937758514,0.43898968880141326
joint-d18a1d26ca0c2d035ee3,M0,291302,future_contact,P0,0.9567081129554803,1.7687350558921977,0.570264633408176,0.6711841639300753,0.3072083081886485
joint-da2f34f1c087e97b1afb,M0,291302,no_contact_within_horizon,P0,0.4131191948774496,1.2950364371956085,0.25853883158625357,0.9468400697338284,0.35375143472150244
joint-d61e8bcf8b85f15c898a,M0,291302,no_contact_within_horizon,P0,1.2065090020661662,0.27005511080569233,1.3091292267170531,0.8996658380090833,0.3119292538663759
joint-4de8fb543630717fe750,M0,291302,no_contact_within_horizon,P1,1.5888760565922322,0.23255604469997843,1.4586240305301799,0.2048333013488909,0.4437185752692672
joint-dc3cf8ce3539277e0726,M0,291302,future_contact,P1,0.8881034505340301,0.7693421755107909,0.262219446790049,0.633395141178712,-0.3096937392973917
joint-afc74f4446a723051311,M0,291302,future_contact,P2,0.764464927220741,0.6978681240771792,0.3597251280568879,0.7636431808085837,0.24336172209066315
joint-b8e91cf056a2850aa06d,M0,291302,future_contact,P3,1.2577123950343663,0.5362778702693891,0.6231028375601061,0.3302848196958178,-0.3267343039156699
joint-1f313d8436034e3c8a2f,M0,291302,no_contact_within_horizon,P0,0.6473234475374837,1.8061081276665902,0.5911743245572768,0.951533620285578,0.6106226946723018
joint-86283058a19cd7794f47,M0,291302,future_contact,P3,0.5145017266289558,1.5710804965046163,0.45176359698348134,0.9645677619464692,0.8123064241571384
joint-a5ed81533299a3f553ae,M0,291302,no_contact_within_horizon,P1,1.7286348501529034,0.41135190065200417,0.888306224855193,-0.3875494111377419,0.31304248325785466
joint-1b3125f558c72b1ea5e4,M0,291302,no_contact_within_horizon,P1,0.49791621013081905,1.6113360860142876,0.4770637019366836,0.9848214559468901,0.9611951220153284
joint-3dcb938aa6f788013529,M0,291302,future_contact,P0,1.0463569019152918,0.41284432955032024,0.8846846831038554,0.7558158594843024,-0.6517533112080006
joint-f3d0c584cd58125ec9bd,M0,291302,future_contact,P1,0.976025172774132,0.5647639935647496,0.571347345605899,0.6514543807603654,-0.06186257435554105
joint-a4fe2bd135f56d3a3b4d,M0,291302,future_contact,P2,0.460849038655798,0.6854127320461723,0.37773409363279004,0.9621697532075258,0.27615276164103575
joint-baf9ad5b2a0e2663433b,M0,291302,future_contact,P3,0.9956232527145811,0.48270824659343253,0.7283428521578492,0.7128547776316775,-0.013078082977827081
joint-63dd4abeb6e1325c7806,M0,291302,no_contact_within_horizon,P3,0.5178077398591449,1.4309623137446108,0.35834716461928723,0.9264838586182356,0.49574894462998825
joint-89a8114aac92bfca40db,M0,291302,future_contact,P1,0.7329730599362383,0.616416969938643,0.48383164519054045,0.8346931055910262,0.3570483664430922
joint-fdd9add87d3e0887f0db,M0,291302,no_contact_within_horizon,P0,1.6053976060225306,0.4857968768079796,0.7219646914014257,-0.19185915282709728,-0.3357483876684552
joint-8deb233befdaaa44244e,M0,291302,future_contact,P1,0.7303956817334911,0.6408841596772041,0.44490655652524314,0.8204564749301071,0.22505773731875478
joint-750a25537e1c577ecb17,M0,291302,future_contact,P2,1.212825781050497,0.38141151949377733,0.9638763830894992,0.5816864419184605,0.20486241874297953
joint-d20c3c92116f8fce3c1e,M0,291302,future_contact,P2,1.0087723013020562,0.45011468688937845,0.7982528689348275,0.7416235283532782,-0.43748906936664966
joint-83912571774477870e69,M0,291302,no_contact_within_horizon,P2,0.4603221208454194,1.474081152170116,0.38803484799798027,0.966248222089656,0.563100714209095
joint-0b091357d2bc89169b82,M0,291302,future_contact,P3,0.443516107538146,1.1418214282163734,0.13262473142076986,0.9100211633637749,0.9447363612464527
joint-79a2726c7c85c127d89d,M0,291302,future_contact,P3,1.4312658932915048,0.5985701426322372,0.5132115634706724,0.041410624993419125,-0.40608725770930854
joint-ff0e8b614b34aecce4b3,M0,291302,future_contact,P1,1.1470301192753487,0.3930115708942742,0.9339162250672279,0.6567184901318908,0.1162126292363343
joint-a6e0056491e5774f3780,M0,291302,future_contact,P1,0.3058161964355176,1.1719247849926129,0.1586475124679496,0.9655543059580598,0.8537828131692955
joint-009541860623d2bb9f1f,M0,291302,no_contact_within_horizon,P1,0.401248998341244,1.2975746658463,0.2604968803338409,0.9522478324846797,0.6348103205635025
joint-ffe811f4bd9985f39189,M0,291302,no_contact_within_horizon,P1,1.4281568051486322,0.3922459753448478,0.9358661478554188,0.21093573290374115,0.40363167536086836
joint-08c462a1ad92c4ade964,M0,291302,no_contact_within_horizon,P2,0.44495142698492046,1.455047867529405,0.37503879872794643,0.9686424941017718,0.5916786230284276
joint-2ce56f0ea0683dcda2f5,M0,291302,future_contact,P2,1.2632646409461101,0.5026469956917303,0.6878671530873338,0.34997170480025797,0.26117901276898325
joint-e8e45e1d9d7dc3a06a25,M0,291302,no_contact_within_horizon,P3,0.9010257984996712,2.2813822643624997,0.8247815155665832,0.8808956120899573,0.43434213435873364
joint-cf92d455cc3ba4b96312,M0,291302,future_contact,P3,0.3537791166657115,1.197510734283342,0.1802450141736904,0.9531986720472061,0.681827802653532
joint-2a931d7a53cb9c33974d,M0,291303,future_contact,P0,0.8899752779975374,1.3693089970751562,0.31430623089983123,0.6439126502487412,0.2399022035987935
joint-4352a0ffd3ac22d2f5e6,M0,291303,no_contact_within_horizon,P0,1.3267925762171888,4.419476072062448,1.4860211533312138,0.8604947660099047,0.8181167829713692
joint-147f59a58d0ef285e900,M0,291303,future_contact,P1,0.93298188722721,0.8500571645125494,0.1624516793914088,0.5751189235942832,0.45640595951108087
joint-d0326bfd1d59b011ffc1,M0,291303,no_contact_within_horizon,P2,0.348584704978632,0.7645891037303642,0.26841670876256285,0.9743840122001668,-0.869399767629629
joint-b0a6408213b275a6eec4,M0,291303,no_contact_within_horizon,P2,0.11617562926506358,0.911369041623011,0.0928073686654084,0.9975467656979579,0.9986744435799411
joint-f16075ae76c562b01afa,M0,291303,future_contact,P2,0.7371651320033336,0.5914506578022288,0.5251770178053154,0.8502287015514186,-0.05965140850533685
joint-6c84dffefac07a85efd4,M0,291303,no_contact_within_horizon,P3,0.6422411356738631,1.9145216999947892,0.6494678264203573,0.989662444702748,0.990235599073816
joint-530af393a720d348afb0,M0,291303,no_contact_within_horizon,P0,1.708848083317343,0.12304144781763046,2.0952340062456725,0.3835945680430211,0.038554308921534046
joint-66b0d86cfbc4d904308f,M0,291303,no_contact_within_horizon,P0,0.10179253961882302,0.929529889791872,0.07307631548787714,0.997483482090022,0.9959916771548897
joint-cb84ae0ab47be6c0b097,M0,291303,no_contact_within_horizon,P1,0.13062320539913203,0.9042764843900734,0.10062011978694047,0.9965136541950212,0.9921643569312988
joint-bd7b1bc3eac5c32be6ce,M0,291303,future_contact,P0,0.8321489086430144,0.7203525774089845,0.3280144959856587,0.6986479462042372,0.046502102244982114
joint-f42e2b2aa0bcf1904b2c,M0,291303,future_contact,P2,1.126570824015678,0.6561853923930534,0.4213119196095678,0.4269124274724952,-0.2889373610330886
joint-0cc5980f554a68da719e,M0,291303,future_contact,P3,1.4447780289424157,0.26345756117056535,1.3338629821482035,0.44860022868112737,0.15650444000350064
joint-c71196ce6b27a5f15741,M0,291303,no_contact_within_horizon,P0,1.0993951708765226,0.3015683375731024,1.1987586298808255,0.9600603570527616,-0.4559012302962743
joint-08a29e94c959b15daf6c,M0,291303,future_contact,P2,0.6124939362928917,0.7612812954059831,0.27275235025331424,0.8463434091307762,0.19858988888649837
joint-009344968abd7434a0a8,M0,291303,no_contact_within_horizon,P3,1.2008271242426365,3.9295990777612824,1.3685374048403767,0.9773699196673294,0.9134718749890707
joint-0d9b039cb21daac03d2a,M0,291303,no_contact_within_horizon,P0,1.6265533802181875,0.2696853430652013,1.3104993956406095,0.01196965215468951,0.08894407506946861
joint-96bbd61ef63ebf358d5e,M0,291303,no_contact_within_horizon,P0,0.0938923984785552,0.9299827693918714,0.07258922054209448,0.9982220542176242,0.9970298400615886
joint-71226efdc82c7b8eb4e1,M0,291303,future_contact,P3,1.0490885414130613,3.013251752638481,1.1030198121300465,0.9372136469362805,0.9283500412488014
joint-2b6a5ce6c26b3991652e,M0,291303,no_contact_within_horizon,P1,0.27244674013919945,1.1521905697614394,0.14166497373260817,0.9727511427479821,0.9830002665312085
joint-c45a492c6ab0e2e5bfbe,M0,291303,future_contact,P2,0.7636194906605329,2.1685707795849205,0.7740683236429851,0.9773959218988578,0.3430933793197123
joint-b2b2ebaf8b3253aafde3,M0,291303,future_contact,P3,0.5623868848918872,1.6327558249194118,0.4902692773455822,0.9547744987370052,0.9453878665066991
joint-58d5f239e12552c3626e,M0,291303,future_contact,P3,0.38456232074853514,1.269438057119288,0.23857432784045768,0.953592824264136,0.95097586780125
joint-fc2b76f0772372bf8c3c,M0,291303,no_contact_within_horizon,P2,0.7827038550460854,2.135818111054288,0.7588497634713391,0.9494437688796975,-0.3646422956178196
joint-fe2aefddb9b7745686ad,M0,291303,future_contact,P0,0.47754996776719166,1.3370365788084646,0.29045565661501654,0.9260307380976317,0.8939968031254646
joint-8b6ff975d45da97a4933,M0,291303,no_contact_within_horizon,P3,0.9232903827873976,2.672787166428685,0.9831218105031942,0.9856729066334905,0.9724093185009064
joint-175e17d0ef9573bac40e,M0,291303,no_contact_within_horizon,P3,0.1693939994214175,0.8648946243086639,0.14514760107959357,0.9961295577622337,0.998990525020358
joint-a3d06b9cb0966439eddd,M0,291303,future_contact,P1,1.7858391071004776,0.24792329127819973,1.3946358900252598,-0.36339391244275004,-0.11286591445945798
joint-04c90cd2b55e51d7395c,M0,291303,future_contact,P1,1.146465573578799,2.431226865802671,0.8883960129882617,0.6256513954419939,0.15624616926916676
joint-03d19206c4766692b70a,M0,291303,no_contact_within_horizon,P0,0.09159453683375354,0.9295881611768215,0.07301362836057156,0.9984663066626461,0.9973350714394852
joint-f3533a47857412ee6574,M0,291303,no_contact_within_horizon,P0,1.1358558442590696,0.28776574067385713,1.2456085302738205,0.9520320567780627,-0.26108814994007745
joint-19e423cc276169fd1073,M0,291303,future_contact,P2,0.50055114265174,0.7302778096424141,0.3143302560807378,0.9214141466519619,-0.288394051529538
joint-ff96f3eeddc533681410,M0,291303,future_contact,P2,0.5644172428699585,1.603853364060764,0.4724090863506234,0.945339127013369,0.1925459289957389
joint-c4e21270ec4d0d7be262,M0,291303,no_contact_within_horizon,P1,0.1464365013326893,0.9026371321006815,0.10243465339190307,0.994501043506601,0.9884165475351755
joint-f3c2aa3445150de38445,M0,291303,no_contact_within_horizon,P1,1.7462591067575643,0.12159374200519187,2.107069774547469,0.22930095795442826,-0.47472662098071866
joint-9b1bd063fe31242ee1d4,M0,291303,no_contact_within_horizon,P2,0.11522192311508213,0.9112835518525496,0.09290117674581837,0.9976660401554255,0.9987231792491513
joint-dc07119105a4b0f17fef,M0,291303,no_contact_within_horizon,P3,1.5424901517233303,1.275028835484361,0.24296879442081565,-0.17761928749252973,-0.96276628660263
joint-e62d176dd1f3b78034aa,M0,291303,no_contact_within_horizon,P0,1.5295507895618712,0.27267339108897837,1.2994805696560747,0.23291563906900048,0.009889892149725167
joint-7fb044ff7f38057c2332,M0,291303,no_contact_within_horizon,P1,1.6917635354703777,0.15249449489033698,1.8806267826660157,0.23894337272599694,-0.4622534274678989
joint-86e6ae730070eee6983b,M0,291303,future_contact,P0,0.4202637485598225,1.0966418633270716,0.09225265882641563,0.9157594593550741,0.8128453511948319
joint-9a206f19112cd83d8451,M0,291303,no_contact_within_horizon,P3,0.7749627458698953,2.229371571353669,0.8017197391892336,0.9877879013925821,0.9827182235488874
joint-d9be6f5c2e8106f0264a,M0,291303,no_contact_within_horizon,P0,1.3613837950732373,4.623220456667351,1.5310915307969315,0.8352433834161236,0.787716952787594
joint-6f8a92fc80c9c4920afe,M0,291303,future_contact,P0,0.6276382849135248,1.1424722232569382,0.13319453124291872,0.8110437347716049,0.9333047478442077
joint-2a31fc646bfd539046d7,M0,291303,future_contact,P1,1.478224443573632,0.27491390566176327,1.2912973006531703,0.3412704419487014,-0.061256183315083625
joint-e8ed568644109d3c68dd,M0,291303,no_contact_within_horizon,P0,1.7069970274984398,0.1252392994108267,2.0775289765125367,0.3726298240875367,-0.02528669254122761
joint-310c46903e1f1c1d5a60,M0,291303,no_contact_within_horizon,P0,0.09611461036937939,0.9300711265585573,0.07249421558880287,0.9980037761349767,0.9968458111982476
joint-1285f64b5ffdc41a435d,M0,291303,future_contact,P0,0.8932898035284466,0.7116892585596512,0.34011389744269505,0.6477651005051764,-0.16393300066225874
joint-70524fe1e7c2518c400a,M0,291303,no_contact_within_horizon,P1,1.3887185802232747,5.2334027554937,1.65506168897913,0.9224406046571074,0.8330290095333092
joint-41ae71c0e6c6d51506eb,M0,291303,future_contact,P0,0.8161817061335017,0.7765711547838419,0.25286700532591655,0.6937124927763002,-0.11743852697550669
joint-f2a415df92c5dbd9c22b,M0,291303,no_contact_within_horizon,P2,1.024050752263424,0.3252670825104437,1.1231086417990146,0.992016951515596,0.1368239019536677
joint-05f0f9643ecc833a54a1,M0,291303,no_contact_within_horizon,P3,0.72610091728091,2.1068969458980242,0.7452162232785,0.9888286592292772,0.9862528190661327
joint-6731d5008cdff8444b8a,M0,291303,no_contact_within_horizon,P1,0.8035969933471637,0.9420697718167748,0.059675939402608666,0.6786095230692277,-0.9225967239927028
joint-cd5d57fb2d2fc404ed88,M0,291303,no_contact_within_horizon,P1,0.9562005144680114,2.783289602129675,1.023633538261525,0.9835436232533489,0.9812556489909747
joint-c73f7954cc710bf9d63c,M0,291303,future_contact,P3,0.6831557756729132,0.8677409452142296,0.1418620590809364,0.7755523937959189,0.572818836219866
joint-8c80649d97868318c9fe,M0,291303,no_contact_within_horizon,P1,1.4007295245101616,4.209683505813473,1.4373874681019794,0.6423972955618202,0.6282362772810381
joint-e8ffd69e58705acdb563,M0,291303,future_contact,P3,1.1986023079421735,0.2818839303030793,1.2662598874422912,0.8678647873502984,-0.2824670766443684
joint-2474a6ed6bbe4f7e1b97,M0,291303,future_contact,P0,1.2142968205317577,0.3783123258801704,0.9720351655843059,0.5852555810046153,-0.1700378604451086
joint-1b6c644185589ebc48c8,M0,291303,no_contact_within_horizon,P3,1.0492671665294457,2.5901983548185505,0.9517344576510021,0.8032994361618975,0.6119604677720495
joint-efe7c8a0a11bb35094e0,M0,291303,future_contact,P2,0.5898365305291339,1.663790408549667,0.5090983780654028,0.9469433307629829,0.7533673725217344
joint-9ea456682d298ae62b43,M0,291303,future_contact,P3,1.621234977550403,0.30095872667240725,1.2007821443248394,-0.03582318771402471,-0.3182429434909628
joint-7d924a87e8568d82b71b,M0,291303,no_contact_within_horizon,P1,1.517661924853617,0.22429532968247456,1.4947916594182935,0.41731966134965615,-0.3599079502193105
joint-f012efad790d4bcb5275,M0,291303,future_contact,P1,1.5223276834189103,2.309015712948563,0.8368213354373645,-0.002666028954112,0.9666783642480093
joint-99a2122f162a74088f58,M0,291303,no_contact_within_horizon,P2,0.3681367443821976,0.7500799398740329,0.28757549163300766,0.9724625930255483,-0.844975912791642
joint-ce884c4d333127e8b6dc,M0,291303,no_contact_within_horizon,P3,0.4428270115608864,1.2868411370209605,0.252190484336908,0.9323537946955636,0.9358726650865613
joint-50af49320c1511a0d6c6,M0,291303,future_contact,P3,1.4138184568595373,0.26913870295716974,1.3125284078927724,0.49700963824158223,-0.20489321327871238
joint-4664e26abb95085a572a,M0,291303,future_contact,P3,1.5881281203139834,0.4551865642252082,0.7870479128068397,-0.1406145141315369,-0.4724650121617444
joint-79aa8ba0c5489ddf2497,M0,291303,future_contact,P0,1.4555274842474324,0.4800148596341097,0.7339382179883143,0.07319291374820006,-0.37869199107993357
joint-d987f2e8f59153959f0b,M0,291303,future_contact,P0,0.9954384881942512,2.207538183473086,0.7918779505029349,0.7530019508353121,0.5688949601868444
joint-cb8130fb1c35fd8e7b18,M0,291303,no_contact_within_horizon,P3,0.9221205442080613,0.39981878751676936,0.9167438657318729,0.9295621583013316,-0.858209170196704
joint-d18a1d26ca0c2d035ee3,M0,291303,future_contact,P0,0.8007742049364259,1.1198211366310316,0.11316897311711137,0.6847631244334365,0.8023482220597448
joint-da2f34f1c087e97b1afb,M0,291303,no_contact_within_horizon,P0,0.09803917057925234,0.9296988307524775,0.07289458318221333,0.9978457603642186,0.9962604720224628
joint-d61e8bcf8b85f15c898a,M0,291303,no_contact_within_horizon,P0,1.4488145764260758,0.2879746090584119,1.2448829657244016,0.36879366922179535,-0.1343244167489403
joint-4de8fb543630717fe750,M0,291303,no_contact_within_horizon,P1,1.6303855934275444,0.22660706103753375,1.484537770072599,0.11365107636336483,-0.35560161234998267
joint-dc3cf8ce3539277e0726,M0,291303,future_contact,P1,1.0438810535041319,0.5135761007601426,0.6663570604769538,0.6227564062701094,-0.18737036972115909
joint-afc74f4446a723051311,M0,291303,future_contact,P2,0.6946747906347706,0.8079625626951635,0.21323955483252702,0.7787820023176157,-0.04787019146555657
joint-b8e91cf056a2850aa06d,M0,291303,future_contact,P3,1.252683555650144,0.3277265889247106,1.1155755885624374,0.6344136966577202,0.23880179099181228
joint-1f313d8436034e3c8a2f,M0,291303,no_contact_within_horizon,P0,0.1705328070954474,1.0984919146930228,0.09393825249957602,0.9898426221697054,0.9703584893731714
joint-86283058a19cd7794f47,M0,291303,future_contact,P3,0.5804144913553497,1.5314471426040435,0.4262131332142163,0.9160055286444247,0.8717128210247826
joint-a5ed81533299a3f553ae,M0,291303,no_contact_within_horizon,P1,1.6904883666541304,0.1864120950755567,1.679795491091362,0.07812191576813371,-0.4325122085465675
joint-1b3125f558c72b1ea5e4,M0,291303,no_contact_within_horizon,P1,0.8246372293131979,1.8701482505394609,0.62601770608748,0.8280044410613898,0.9852449256728356
joint-3dcb938aa6f788013529,M0,291303,future_contact,P0,1.2536793439633445,0.33322139552748253,1.0989481584836143,0.6191306549796056,-0.45259313606178064
joint-f3d0c584cd58125ec9bd,M0,291303,future_contact,P1,1.2284161044257225,0.39270822523313,0.9346883722823314,0.5379172066762614,-0.22681570105797216
joint-a4fe2bd135f56d3a3b4d,M0,291303,future_contact,P2,0.8829730308319821,0.4898635448933969,0.7136284064695613,0.8240305916409917,-0.32065938140384764
joint-baf9ad5b2a0e2663433b,M0,291303,future_contact,P3,1.1412443556387986,0.47482233173286303,0.7448145833744582,0.5446483062810022,0.0746757282897032
joint-63dd4abeb6e1325c7806,M0,291303,no_contact_within_horizon,P3,0.1710098396467156,0.864858674360315,0.1451891676410006,0.995859098691044,0.9989157383471383
joint-89a8114aac92bfca40db,M0,291303,future_contact,P1,0.8583776625622305,0.4546171485298229,0.7882996460362183,0.8984697118591536,0.4280970120243174
joint-fdd9add87d3e0887f0db,M0,291303,no_contact_within_horizon,P0,0.9701877618152308,1.8481766900856116,0.6141995801671907,0.6781946531768956,-0.993959928785158
joint-8deb233befdaaa44244e,M0,291303,future_contact,P1,1.0730067535362617,0.6531331094038252,0.42597432759396614,0.48992376028514434,-0.008128110722737034
joint-750a25537e1c577ecb17,M0,291303,future_contact,P2,1.2970185892566923,0.36285078278938704,1.0137635959242646,0.48300904999850763,0.046601413174801064
joint-d20c3c92116f8fce3c1e,M0,291303,future_contact,P2,0.9501730006907483,0.40754114537630726,0.8976133811497653,0.8820275270495695,-0.4198005501406123
joint-83912571774477870e69,M0,291303,no_contact_within_horizon,P2,0.26230209131236887,1.175846069738274,0.16198794782948944,0.9785214018946218,0.8997679294299841
joint-0b091357d2bc89169b82,M0,291303,future_contact,P3,0.5051054040724339,1.5398206321915633,0.4316659370391965,0.9610223706905008,0.9566918021247415
joint-79a2726c7c85c127d89d,M0,291303,future_contact,P3,1.696952499230313,0.26262168089117355,1.3370407581027428,-0.14987948131273005,-0.06744861958872818
joint-ff0e8b614b34aecce4b3,M0,291303,future_contact,P1,1.6761071182428682,0.21229678256500914,1.5497700655219677,0.030324595273449172,0.1629755588856507
joint-a6e0056491e5774f3780,M0,291303,future_contact,P1,0.4653259143396118,1.5272169418911241,0.42344708680103055,0.977811186953851,0.8190891100498957
joint-009541860623d2bb9f1f,M0,291303,no_contact_within_horizon,P1,0.12363981530358535,0.9031182599119129,0.10190177078250343,0.9975332184291139,0.9941968792508137
joint-ffe811f4bd9985f39189,M0,291303,no_contact_within_horizon,P1,0.7000955205480853,0.6768544314768622,0.3902990491650639,0.8226195775072723,-0.9871759709783771
joint-08c462a1ad92c4ade964,M0,291303,no_contact_within_horizon,P2,0.26473989657836056,1.1782176519585588,0.1640028321342464,0.9781988586344464,0.896399765930068
joint-2ce56f0ea0683dcda2f5,M0,291303,future_contact,P2,1.440724517972628,0.3731894588967383,0.9856690555934396,0.21539445246478578,0.16235216932388585
joint-e8e45e1d9d7dc3a06a25,M0,291303,no_contact_within_horizon,P3,0.4210280261875142,1.2640814984425335,0.2343457702620664,0.9377301116536063,0.9433473804490325
joint-cf92d455cc3ba4b96312,M0,291303,future_contact,P3,0.5172390885373904,1.3694895119460055,0.314438051382803,0.9127423755394171,0.9509130450974453
joint-2a931d7a53cb9c33974d,M1,291301,future_contact,P0,0.40443743315646347,1.1546211514765472,0.1437722827879573,0.9281448699478931,-0.36201273618772917
joint-4352a0ffd3ac22d2f5e6,M1,291301,no_contact_within_horizon,P0,0.9112786764071876,0.8475738584134229,0.16537729495433726,0.5956461384984763,-0.21991014931774
joint-147f59a58d0ef285e900,M1,291301,future_contact,P1,0.46945126637052254,1.0644500338638496,0.06245826565308125,0.8916514050039402,-0.3550930528770872
joint-d0326bfd1d59b011ffc1,M1,291301,no_contact_within_horizon,P2,0.23702104043793168,1.156439379844655,0.1453457844064679,0.9823432081787059,-0.03031014638976436
joint-b0a6408213b275a6eec4,M1,291301,no_contact_within_horizon,P2,0.368359832378134,0.8850005034527304,0.12216706510122764,0.9393737424942395,-0.08416451212012084
joint-f16075ae76c562b01afa,M1,291301,future_contact,P2,0.44401570277217184,1.4614246450030022,0.3794117442008995,0.9706789479240375,0.8086656570052478
joint-6c84dffefac07a85efd4,M1,291301,no_contact_within_horizon,P3,0.6938377433509889,0.909889452874795,0.09443216720794577,0.7632196068495394,-0.28495545954897916
joint-530af393a720d348afb0,M1,291301,no_contact_within_horizon,P0,0.5709093937143623,1.384694739408146,0.32547971058714187,0.886114673081278,-0.08960825114838417
joint-66b0d86cfbc4d904308f,M1,291301,no_contact_within_horizon,P0,1.1253705298301695,0.6448625204705682,0.4387181314625789,0.43359905434297547,0.11715942606099881
joint-cb84ae0ab47be6c0b097,M1,291301,no_contact_within_horizon,P1,1.2484205938735145,0.6350219010891669,0.4540957907800086,0.2847410020187799,-0.04081666903086287
joint-bd7b1bc3eac5c32be6ce,M1,291301,future_contact,P0,0.24185984691853504,1.0982428798340902,0.09371152066046656,0.975081785996486,0.08098001650738963
joint-f42e2b2aa0bcf1904b2c,M1,291301,future_contact,P2,0.4547967371345428,1.4349162346100295,0.361106474413753,0.9590822434136727,0.6439666152966093
joint-0cc5980f554a68da719e,M1,291301,future_contact,P3,0.43722743848359663,1.4286573748957612,0.356735104556079,0.9656503277270505,0.5554490109982032
joint-c71196ce6b27a5f15741,M1,291301,no_contact_within_horizon,P0,0.7435815442395441,1.7356397242279098,0.5513760625736066,0.857891785436452,0.08036008590096487
joint-08a29e94c959b15daf6c,M1,291301,future_contact,P2,0.14469835487469906,1.1194681007174092,0.11285366242775594,0.9958725610564788,0.0629800197312407
joint-009344968abd7434a0a8,M1,291301,no_contact_within_horizon,P3,1.059133741234603,0.6926498659394363,0.36723065142560574,0.48818485061680517,-0.04822662475984934
joint-0d9b039cb21daac03d2a,M1,291301,no_contact_within_horizon,P0,0.6324731641188268,1.7341930178494427,0.5505421858021103,0.9398615263257027,-0.06896311111515684
joint-96bbd61ef63ebf358d5e,M1,291301,no_contact_within_horizon,P0,0.913679664178786,0.8164558077369766,0.20278249205722418,0.5989199291037155,-0.1408057271640304
joint-71226efdc82c7b8eb4e1,M1,291301,future_contact,P3,1.0351262280522422,0.41550129753078974,0.878269541873725,0.7652467929031324,0.2031703423415531
joint-2b6a5ce6c26b3991652e,M1,291301,no_contact_within_horizon,P1,0.9377978297172315,0.7144812885321391,0.3361984701536775,0.6047734953808899,0.14358076985089316
joint-c45a492c6ab0e2e5bfbe,M1,291301,future_contact,P2,1.3783496107590132,0.41314061159746845,0.8839672800494033,0.26891835861852054,0.16476841480693832
joint-b2b2ebaf8b3253aafde3,M1,291301,future_contact,P3,0.9242486314399796,0.4535834007402065,0.7905761217262703,0.8317195157249688,0.5600195151430861
joint-58d5f239e12552c3626e,M1,291301,future_contact,P3,0.5391576891582271,0.7479915768361145,0.2903635619853498,0.8940218657615241,-0.38297149254152424
joint-fc2b76f0772372bf8c3c,M1,291301,no_contact_within_horizon,P2,0.9291852100525221,1.065705024360668,0.06363657484440198,0.5698957183896767,-0.12202732804635645
joint-fe2aefddb9b7745686ad,M1,291301,future_contact,P0,0.4195513806141995,1.214339134791329,0.19420000683084318,0.9300720571971879,0.2660076787935058
joint-8b6ff975d45da97a4933,M1,291301,no_contact_within_horizon,P3,0.8273511165628479,0.8440657604965769,0.16952487214111336,0.669683968463935,-0.12998642409346806
joint-175e17d0ef9573bac40e,M1,291301,no_contact_within_horizon,P3,0.5855914149134244,0.8921568399633096,0.11411333230305233,0.8345005588249714,-0.21303174780572653
joint-a3d06b9cb0966439eddd,M1,291301,future_contact,P1,0.2820413709078331,1.2849888096593862,0.2507500098729892,0.9912007036123308,0.44798900779625067
joint-04c90cd2b55e51d7395c,M1,291301,future_contact,P1,0.2820818310736416,0.773759733380951,0.256493875571724,0.9926322607253769,0.5440232833617213
joint-03d19206c4766692b70a,M1,291301,no_contact_within_horizon,P0,0.6854643612858675,0.9103641451017455,0.09391060006121504,0.7689637907874338,-0.2688924480075446
joint-f3533a47857412ee6574,M1,291301,no_contact_within_horizon,P0,0.6466784893236006,1.6844139772969788,0.5214177153577532,0.9154125644696572,0.23441104903955431
joint-19e423cc276169fd1073,M1,291301,future_contact,P2,0.3664229598531165,1.2165683281273225,0.19603404946295616,0.9514963578922767,-0.22082774689591317
joint-ff96f3eeddc533681410,M1,291301,future_contact,P2,0.10759279745883525,1.0101724890109824,0.01012109747071177,0.9942629654819819,0.36811989865013023
joint-c4e21270ec4d0d7be262,M1,291301,no_contact_within_horizon,P1,1.395983147359148,0.3589719371832769,1.0245110629551593,0.3191223356192196,0.38417212817041546
joint-f3c2aa3445150de38445,M1,291301,no_contact_within_horizon,P1,0.8918197266682822,2.040956602206309,0.7134186205964086,0.8150070589709544,0.03917709295547937
joint-9b1bd063fe31242ee1d4,M1,291301,no_contact_within_horizon,P2,0.32426682454936595,0.8815739399369943,0.12604640098296585,0.955170785396177,-0.04911243264257614
joint-dc07119105a4b0f17fef,M1,291301,no_contact_within_horizon,P3,0.5738906809035801,1.734966662993179,0.55098819880107,0.9781802792246396,-0.29753657791782945
joint-e62d176dd1f3b78034aa,M1,291301,no_contact_within_horizon,P0,0.7659336942264994,1.8599380224050952,0.6205431658823602,0.876311944216428,-0.19369667610968783
joint-7fb044ff7f38057c2332,M1,291301,no_contact_within_horizon,P1,0.9994001767193729,2.1921891913131035,0.7849006752668964,0.7438296634572361,-0.07379039207260232
joint-86e6ae730070eee6983b,M1,291301,future_contact,P0,0.36142503075836885,0.9309547526421325,0.07154460370016384,0.937162765352443,0.23109146667999855
joint-9a206f19112cd83d8451,M1,291301,no_contact_within_horizon,P3,0.8414184009101469,0.8078160879596242,0.21342086028037557,0.6648220679720624,-0.2424261475615991
joint-d9be6f5c2e8106f0264a,M1,291301,no_contact_within_horizon,P0,0.7943066855539919,0.8469508262543888,0.16611264238568013,0.6961857300660822,-0.1801129909801088
joint-6f8a92fc80c9c4920afe,M1,291301,future_contact,P0,1.0324039046126225,0.5837918419934003,0.5382107946347505,0.5759025155708162,0.023933365711514974
joint-2a31fc646bfd539046d7,M1,291301,future_contact,P1,0.5164992459676397,1.050871600806682,0.04961991583664918,0.8677634647859218,0.036156841863917336
joint-e8ed568644109d3c68dd,M1,291301,no_contact_within_horizon,P0,0.5748724780002181,1.5610645356503892,0.44536798318377113,0.927257092275338,-0.09673071613951115
joint-310c46903e1f1c1d5a60,M1,291301,no_contact_within_horizon,P0,1.3188452643538469,0.7190970864978308,0.3297589004771811,0.16133115601629708,-0.2847813946534314
joint-1285f64b5ffdc41a435d,M1,291301,future_contact,P0,0.36587257072270346,0.9321905932390375,0.07021798602013697,0.9354523905998421,0.23476561724666017
joint-70524fe1e7c2518c400a,M1,291301,no_contact_within_horizon,P1,0.9786694908909168,0.6991340326690804,0.3579128059609214,0.5703391905527426,-0.045172294166645456
joint-41ae71c0e6c6d51506eb,M1,291301,future_contact,P0,0.2470814856572528,1.0950558655407476,0.09080538072572518,0.9735380451581819,-0.02667677310330108
joint-f2a415df92c5dbd9c22b,M1,291301,no_contact_within_horizon,P2,0.4077052922325407,1.0609282057083431,0.059144190714970256,0.9185650216994171,-0.03731552353876871
joint-05f0f9643ecc833a54a1,M1,291301,no_contact_within_horizon,P3,0.6951406996687802,0.9154354680076439,0.0883554056014183,0.7618237324115388,-0.27643210115446254
joint-6731d5008cdff8444b8a,M1,291301,no_contact_within_horizon,P1,0.7342221986924,1.9789238036516585,0.6825531634292957,0.9399521141596566,0.0929363328627133
joint-cd5d57fb2d2fc404ed88,M1,291301,no_contact_within_horizon,P1,0.7113073222788949,0.8542731574259864,0.15750427986603266,0.7578782124593296,-0.2526609973348949
joint-c73f7954cc710bf9d63c,M1,291301,future_contact,P3,0.4495133491204833,0.8200515517426369,0.19838807272112136,0.9177150600696651,-0.07402502046882192
joint-8c80649d97868318c9fe,M1,291301,no_contact_within_horizon,P1,0.9315140687264545,0.47956821017019857,0.7348691420744562,0.7872709660558435,0.39830030229123464
joint-e8ffd69e58705acdb563,M1,291301,future_contact,P3,0.19273050473106357,1.1627303749696778,0.15077101086282113,0.9927092249817924,-0.09885692710406388
joint-2474a6ed6bbe4f7e1b97,M1,291301,future_contact,P0,0.456266776306637,1.4505654464471558,0.37195344348365184,0.9622443219554898,0.49538443869307797
joint-1b6c644185589ebc48c8,M1,291301,no_contact_within_horizon,P3,1.3038608203041686,1.0129501056766945,0.012866970032495144,0.15002107838579212,-0.22729270260028916
joint-efe7c8a0a11bb35094e0,M1,291301,future_contact,P2,1.1218183222448026,0.4740325707140528,0.7464792450611903,0.5707533220479483,0.07356904072963916
joint-9ea456682d298ae62b43,M1,291301,future_contact,P3,0.6058164759803423,1.7075414422999964,0.5350545829149819,0.949632507227231,0.021390230550414276
joint-7d924a87e8568d82b71b,M1,291301,no_contact_within_horizon,P1,0.9307983384568386,2.157075586866535,0.7687534093829982,0.8099232995332297,-0.06661478603382058
joint-f012efad790d4bcb5275,M1,291301,future_contact,P1,0.40021788653637813,0.6999956391795082,0.35668117370169694,0.9816264837591622,-0.4466568754814656
joint-99a2122f162a74088f58,M1,291301,no_contact_within_horizon,P2,0.35320201856662986,1.2440864450539133,0.21840148149587565,0.9608219412752356,-0.07362811697988894
joint-ce884c4d333127e8b6dc,M1,291301,no_contact_within_horizon,P3,0.9878627123610981,0.5692347454171816,0.5634623720834631,0.6352889656489583,0.21958441243166477
joint-50af49320c1511a0d6c6,M1,291301,future_contact,P3,0.41119819107519945,1.4377146358687798,0.36305479445217126,0.9792729234799771,0.7640250445528943
joint-4664e26abb95085a572a,M1,291301,future_contact,P3,0.6303165863494569,1.6555398598897604,0.5041271549667524,0.9182457331146411,0.5951528670406698
joint-79aa8ba0c5489ddf2497,M1,291301,future_contact,P0,0.3427677971794484,1.0664010379319533,0.06428946318642054,0.9432616769862422,0.14447470044906444
joint-d987f2e8f59153959f0b,M1,291301,future_contact,P0,0.6272967309949995,0.580259019114858,0.5442806904501423,0.940128351843342,0.1366009672261186
joint-cb8130fb1c35fd8e7b18,M1,291301,no_contact_within_horizon,P3,0.7444153250195082,1.7174728117139477,0.5408539148370737,0.8520231018206516,-0.12721604897012675
joint-d18a1d26ca0c2d035ee3,M1,291301,future_contact,P0,0.685959801145218,0.6314442531499473,0.4597456179687512,0.8596346716114721,0.22631744728083064
joint-da2f34f1c087e97b1afb,M1,291301,no_contact_within_horizon,P0,0.6072864479873942,0.7715662103486058,0.25933279057791964,0.8462994415092564,-0.06468594885333055
joint-d61e8bcf8b85f15c898a,M1,291301,no_contact_within_horizon,P0,0.9653315895101668,2.0228500431940546,0.7045074294836481,0.7324231741930278,-0.02973847051461471
joint-4de8fb543630717fe750,M1,291301,no_contact_within_horizon,P1,0.6866604987647014,1.8607389789322726,0.6209737093233857,0.9398619359349323,-0.3104837975550106
joint-dc3cf8ce3539277e0726,M1,291301,future_contact,P1,0.4556761448398036,1.1234601346178728,0.11641332880753719,0.902611170479734,0.31437858119142176
joint-afc74f4446a723051311,M1,291301,future_contact,P2,0.38867634486361435,0.9842290282771934,0.015896656698280318,0.9245869319078425,0.3231360595033751
joint-b8e91cf056a2850aa06d,M1,291301,future_contact,P3,0.4706236758899618,1.266124900452116,0.23596097640076424,0.9156762298264378,0.22849915230801968
joint-1f313d8436034e3c8a2f,M1,291301,no_contact_within_horizon,P0,0.8234647422543159,0.6558485320653722,0.4218254129404999,0.7359411265880219,0.14107518405297062
joint-86283058a19cd7794f47,M1,291301,future_contact,P3,0.7535406217520608,0.5186187834496329,0.6565861870008334,0.9077827727683829,0.3779425761342437
joint-a5ed81533299a3f553ae,M1,291301,no_contact_within_horizon,P1,1.0388126989344322,2.352437197560723,0.8554518960788513,0.7443162778511492,-0.5440732872551909
joint-1b3125f558c72b1ea5e4,M1,291301,no_contact_within_horizon,P1,0.8799410603237555,0.5446024180925503,0.6076992586264625,0.7663971076698359,-0.5047910163393572
joint-3dcb938aa6f788013529,M1,291301,future_contact,P0,0.2163481225294844,1.1799693534099491,0.1654884664538195,0.9901606415065971,0.744141565957967
joint-f3d0c584cd58125ec9bd,M1,291301,future_contact,P1,0.23444846240618628,1.1509475810738539,0.1405855866295669,0.982279380086805,0.35754340283630986
joint-a4fe2bd135f56d3a3b4d,M1,291301,future_contact,P2,0.21411501075098094,1.0121894648004637,0.012115771524413342,0.9771499367191029,-0.2976644087749623
joint-baf9ad5b2a0e2663433b,M1,291301,future_contact,P3,0.48935268450279246,0.9403520822779792,0.06150091823165954,0.8820454985966074,0.41593692560318024
joint-63dd4abeb6e1325c7806,M1,291301,no_contact_within_horizon,P3,0.6483138655015906,0.8723426228301047,0.13657301615490067,0.7982036764317377,-0.1378762582712051
joint-89a8114aac92bfca40db,M1,291301,future_contact,P1,0.24453991103354195,1.22053359898692,0.19928813934285422,0.98972594881733,0.3282529214615918
joint-fdd9add87d3e0887f0db,M1,291301,no_contact_within_horizon,P0,0.6245781488846959,1.7265051309364061,0.5460992097151454,0.9428989191142525,-0.10602586692683962
joint-8deb233befdaaa44244e,M1,291301,future_contact,P1,0.29207988903249255,1.1516962239269788,0.14123583299235867,0.9671219685990642,-0.057084288334213376
joint-750a25537e1c577ecb17,M1,291301,future_contact,P2,0.635658221412471,1.648876080539669,0.5000938925060674,0.9127470862930688,0.6472531480064101
joint-d20c3c92116f8fce3c1e,M1,291301,future_contact,P2,0.5449265888050865,1.520592835523143,0.4191002821893299,0.9340274422976473,0.026809421807335143
joint-83912571774477870e69,M1,291301,no_contact_within_horizon,P2,0.28501698448453094,0.8466739172182663,0.1664396440307106,0.9729837948168366,-0.1381267353682968
joint-0b091357d2bc89169b82,M1,291301,future_contact,P3,1.304453197319012,0.41163184641075545,0.8876259057831631,0.39081672488244357,0.65723509247242
joint-79a2726c7c85c127d89d,M1,291301,future_contact,P3,0.6076400859683762,1.6508428856353154,0.5012859972572472,0.9318411233752943,-0.4106096663745333
joint-ff0e8b614b34aecce4b3,M1,291301,future_contact,P1,0.22125158854753585,1.2157275378336903,0.19534269415631908,0.9944297608655932,0.6301182964520362
joint-a6e0056491e5774f3780,M1,291301,future_contact,P1,0.8102914897473685,0.6060503809200054,0.5007921595368053,0.7787362273604815,0.5195719805594003
joint-009541860623d2bb9f1f,M1,291301,no_contact_within_horizon,P1,1.068511610238728,0.8088761169352887,0.21210950475535745,0.4452762527417132,-0.2565300700508496
joint-ffe811f4bd9985f39189,M1,291301,no_contact_within_horizon,P1,0.6236036695975767,1.6999056951178664,0.5305727760633825,0.935637867733458,0.06578568812582943
joint-08c462a1ad92c4ade964,M1,291301,no_contact_within_horizon,P2,0.33822299629025393,0.8081662651272848,0.21298746795715767,0.9649191804147405,-0.05859514905427982
joint-2ce56f0ea0683dcda2f5,M1,291301,future_contact,P2,0.47346505084814144,1.4554204796624495,0.3752948483327736,0.9551757807307183,0.5694319848260447
joint-e8e45e1d9d7dc3a06a25,M1,291301,no_contact_within_horizon,P3,0.7903404967147418,0.5937853967296622,0.5212373098655277,0.8049306950456832,0.1422895823671966
joint-cf92d455cc3ba4b96312,M1,291301,future_contact,P3,0.4490133208373235,1.128944584575847,0.12128320032767313,0.9061861853910281,0.3138054689641219
joint-2a931d7a53cb9c33974d,M1,291302,future_contact,P0,0.3763884509652547,1.1335327992496085,0.12533912680582937,0.9367525404738952,0.028006052206411308
joint-4352a0ffd3ac22d2f5e6,M1,291302,no_contact_within_horizon,P0,0.6380294397541253,1.483066969293198,0.3941122201221769,0.8671253447235855,0.37670694316181697
joint-147f59a58d0ef285e900,M1,291302,future_contact,P1,0.4055117314709483,0.9308898678432619,0.07161430317796444,0.9202400547027555,0.09799393819050985
joint-d0326bfd1d59b011ffc1,M1,291302,no_contact_within_horizon,P2,0.4528914874849652,1.109469950905712,0.10388237956787792,0.9025683471428292,-0.027897718972016976
joint-b0a6408213b275a6eec4,M1,291302,no_contact_within_horizon,P2,0.6465563874609905,1.15418135057036,0.14339130528025204,0.8002043308368402,0.19435353727435428
joint-f16075ae76c562b01afa,M1,291302,future_contact,P2,0.3751562730297957,1.08315465736836,0.07987776241083903,0.9327085008245457,0.08146801999409765
joint-6c84dffefac07a85efd4,M1,291302,no_contact_within_horizon,P3,0.598820163421433,1.3703999991649893,0.31510266741845416,0.8662767542771744,0.41587022456210465
joint-530af393a720d348afb0,M1,291302,no_contact_within_horizon,P0,0.7028411320271611,1.2064033070574995,0.18764345952898726,0.7684833769731152,0.1592299731319313
joint-66b0d86cfbc4d904308f,M1,291302,no_contact_within_horizon,P0,0.9013553877385648,1.3012530979692192,0.2633277217082569,0.6215680098499655,0.12703454079218882
joint-cb84ae0ab47be6c0b097,M1,291302,no_contact_within_horizon,P1,0.6672670971976895,1.2247564332434657,0.20274199422205016,0.795704428413207,0.11559609025883677
joint-bd7b1bc3eac5c32be6ce,M1,291302,future_contact,P0,0.34223713659777444,1.1026448266564544,0.09771168175829649,0.946074561739286,0.24769697642037716
joint-f42e2b2aa0bcf1904b2c,M1,291302,future_contact,P2,0.7316596183896905,0.9395378199345201,0.06236720555351057,0.7340222016989125,-0.2113930962228179
joint-0cc5980f554a68da719e,M1,291302,future_contact,P3,0.5830496891306515,1.1956982749168854,0.17873034520327932,0.8446803140307317,-0.04824021772656007
joint-c71196ce6b27a5f15741,M1,291302,no_contact_within_horizon,P0,0.5625441116322792,1.1273986850715794,0.11991293032758038,0.8484007595873468,0.19541031860584032
joint-08a29e94c959b15daf6c,M1,291302,future_contact,P2,0.33617999004798177,1.1052461735170502,0.10006809162100486,0.9483609162759035,0.14735878795136673
joint-009344968abd7434a0a8,M1,291302,no_contact_within_horizon,P3,0.8499932650376196,1.5139554680541965,0.41472574114422983,0.7102369702618301,0.3588559296807376
joint-0d9b039cb21daac03d2a,M1,291302,no_contact_within_horizon,P0,0.6741294449288466,1.2641761789489854,0.23442066809177958,0.7972413259676199,0.1892208980982058
joint-96bbd61ef63ebf358d5e,M1,291302,no_contact_within_horizon,P0,0.5975008755653832,1.3156308575388318,0.27431629016474574,0.8559784095173529,0.16897236485557626
joint-71226efdc82c7b8eb4e1,M1,291302,future_contact,P3,0.6759564281931973,0.9871903852644174,0.012892365278343304,0.7716150679532083,0.00345959496993057
joint-2b6a5ce6c26b3991652e,M1,291302,no_contact_within_horizon,P1,0.3636211596557772,1.0762563367598914,0.07348866455653906,0.9365020349543095,-0.21337934454733812
joint-c45a492c6ab0e2e5bfbe,M1,291302,future_contact,P2,0.4395729255117556,1.067256670870577,0.06509149715931124,0.9054046509142262,-0.1547246717028844
joint-b2b2ebaf8b3253aafde3,M1,291302,future_contact,P3,0.7380554900943279,1.4606145921850038,0.37885730069552803,0.790375277389,0.028761944094509585
joint-58d5f239e12552c3626e,M1,291302,future_contact,P3,0.8930122068849848,0.8162784634875186,0.2029997279581064,0.6178179115460113,0.21427274401046048
joint-fc2b76f0772372bf8c3c,M1,291302,no_contact_within_horizon,P2,0.9079208226048062,1.4750913219018615,0.38871990102904735,0.6485808992288798,0.1860705518759326
joint-fe2aefddb9b7745686ad,M1,291302,future_contact,P0,0.36448055760839715,0.9583379785014203,0.04255476729862637,0.934452476277185,0.2130022757908578
joint-8b6ff975d45da97a4933,M1,291302,no_contact_within_horizon,P3,0.8418747254828907,1.4874640817552949,0.3970727114269816,0.7113452410161984,0.22881031277059752
joint-175e17d0ef9573bac40e,M1,291302,no_contact_within_horizon,P3,0.7402160343979114,1.1058575177077359,0.10062106813557548,0.730412664687484,0.18227959216617381
joint-a3d06b9cb0966439eddd,M1,291302,future_contact,P1,0.1825017380522171,1.0262356416537726,0.025897390606257068,0.9836791215491172,0.021604816741989344
joint-04c90cd2b55e51d7395c,M1,291302,future_contact,P1,0.26061624432004565,0.8915111078143679,0.11483738206574112,0.9725285609446443,-0.3959477919697086
joint-03d19206c4766692b70a,M1,291302,no_contact_within_horizon,P0,0.4881426840655928,1.270141283503231,0.2391281411359655,0.9078746672117632,0.2249350977560654
joint-f3533a47857412ee6574,M1,291302,no_contact_within_horizon,P0,0.5083004831758017,1.1087325772653127,0.10321754066503179,0.8758025862826054,0.1294956396468699
joint-19e423cc276169fd1073,M1,291302,future_contact,P2,0.3212933413688571,1.0257274830380902,0.025402100393722902,0.9486996183368303,0.07472982274402652
joint-ff96f3eeddc533681410,M1,291302,future_contact,P2,0.3445347711346868,0.993473763238628,0.0065476257550503535,0.9406686953884117,-0.031115930993543935
joint-c4e21270ec4d0d7be262,M1,291302,no_contact_within_horizon,P1,0.8151773383022453,1.0098329546249465,0.009784925714043222,0.6677828732946287,0.16672449709037207
joint-f3c2aa3445150de38445,M1,291302,no_contact_within_horizon,P1,0.5653732175818621,0.9920229320758387,0.008009054952524096,0.8402060720918709,0.2696369164812621
joint-9b1bd063fe31242ee1d4,M1,291302,no_contact_within_horizon,P2,0.6175659690093017,1.0728941266425758,0.07035978836333122,0.8115463033196955,0.18645873019469983
joint-dc07119105a4b0f17fef,M1,291302,no_contact_within_horizon,P3,0.798524654956642,1.1935429563324635,0.17692615804889864,0.6943699745008086,0.03704040090620553
joint-e62d176dd1f3b78034aa,M1,291302,no_contact_within_horizon,P0,0.811437670878698,1.2257439071773024,0.20354793084731662,0.6881501720094827,0.2824272400078866
joint-7fb044ff7f38057c2332,M1,291302,no_contact_within_horizon,P1,0.6561823900737952,0.9919439838848717,0.008088641149626005,0.7847415273365933,0.2996022153773172
joint-86e6ae730070eee6983b,M1,291302,future_contact,P0,0.3645398438301131,1.1553870071803813,0.1444353590018004,0.9436571459308564,0.004415074594241188
joint-9a206f19112cd83d8451,M1,291302,no_contact_within_horizon,P3,0.5788775834288146,1.3570476534439482,0.305311496996616,0.8754861338040346,0.4488913867641616
joint-d9be6f5c2e8106f0264a,M1,291302,no_contact_within_horizon,P0,0.6592680085961317,1.495468319069429,0.4024394146905785,0.8558419975668067,0.3731004895387897
joint-6f8a92fc80c9c4920afe,M1,291302,future_contact,P0,0.32674048212038387,1.1565812676500844,0.14546847056213277,0.9569366466165004,-0.1741768149062246
joint-2a31fc646bfd539046d7,M1,291302,future_contact,P1,0.5580929097323167,0.894673099392342,0.11129687950366371,0.8499832789816187,0.0055137626019405575
joint-e8ed568644109d3c68dd,M1,291302,no_contact_within_horizon,P0,0.5847202347499042,1.21000487781286,0.1906243908508218,0.8457173583625087,0.2634800090168299
joint-310c46903e1f1c1d5a60,M1,291302,no_contact_within_horizon,P0,0.586414624432267,1.2692505573730348,0.23842661398100773,0.8541622830908026,0.08319642008214065
joint-1285f64b5ffdc41a435d,M1,291302,future_contact,P0,0.4993542757373897,1.0119731837618238,0.011902072255121311,0.8753890686702448,0.05872795663900817
joint-70524fe1e7c2518c400a,M1,291302,no_contact_within_horizon,P1,0.6078453289667519,1.3613070156518516,0.3084452791642736,0.8587807405097868,0.3055949230155582
joint-41ae71c0e6c6d51506eb,M1,291302,future_contact,P0,0.3816550323462749,1.1005177354013804,0.09578073762133721,0.93159303771514,0.1745798727468931
joint-f2a415df92c5dbd9c22b,M1,291302,no_contact_within_horizon,P2,0.6157297608969302,0.9735841759839818,0.026770990538702747,0.8107628290861373,0.07697170197488061
joint-05f0f9643ecc833a54a1,M1,291302,no_contact_within_horizon,P3,0.6141659868491628,1.38597318347749,0.32640255244019467,0.8600759518284454,0.3919129321940236
joint-6731d5008cdff8444b8a,M1,291302,no_contact_within_horizon,P1,0.5565592642458661,1.2337174195855685,0.21003190378612174,0.8655444460233955,0.0006196740686445419
joint-cd5d57fb2d2fc404ed88,M1,291302,no_contact_within_horizon,P1,0.37166523697813547,1.24187994924523,0.21662631961664106,0.9536744005475312,0.4645604206237785
joint-c73f7954cc710bf9d63c,M1,291302,future_contact,P3,0.818468294321079,0.7008338000053569,0.35548450992176217,0.718214040466644,-0.06880765799699134
joint-8c80649d97868318c9fe,M1,291302,no_contact_within_horizon,P1,0.9617275287520306,1.1347213141786288,0.12638708261532552,0.5436883067848169,0.22437368525510049
joint-e8ffd69e58705acdb563,M1,291302,future_contact,P3,0.5158662205241904,1.27250596688087,0.24098815853242714,0.8941782433416808,0.013163933755187856
joint-2474a6ed6bbe4f7e1b97,M1,291302,future_contact,P0,0.3320785508046454,1.2959807664799203,0.2592677571408852,0.9777287016964284,0.6247912996739182
joint-1b6c644185589ebc48c8,M1,291302,no_contact_within_horizon,P3,1.0500666474254081,1.601596050036098,0.4710006633146003,0.5305207380172702,0.26990286651361234
joint-efe7c8a0a11bb35094e0,M1,291302,future_contact,P2,0.8082189479893792,0.6214711828831168,0.4756657361488067,0.7698437582848485,0.3439546521084886
joint-9ea456682d298ae62b43,M1,291302,future_contact,P3,0.5582795195300873,1.0978311803282412,0.09333657928836947,0.8481813600876369,-0.004821756528445666
joint-7d924a87e8568d82b71b,M1,291302,no_contact_within_horizon,P1,0.6594776894814648,1.0660831041002596,0.06399128152327686,0.7843700397063424,0.2794818702138524
joint-f012efad790d4bcb5275,M1,291302,future_contact,P1,0.32529283738079956,0.8108852993740503,0.2096286659737928,0.9685615756816377,-0.08154036139036351
joint-99a2122f162a74088f58,M1,291302,no_contact_within_horizon,P2,0.562742652111112,1.0089523258725297,0.008912491367725104,0.8416969259121675,-0.05622279384592813
joint-ce884c4d333127e8b6dc,M1,291302,no_contact_within_horizon,P3,0.670099515075443,1.2000586283285348,0.18237041254093886,0.7902869667595424,-0.26513804728046825
joint-50af49320c1511a0d6c6,M1,291302,future_contact,P3,0.39961149972715154,1.0371945505978302,0.03651952071352794,0.920795611776303,0.05034538592037515
joint-4664e26abb95085a572a,M1,291302,future_contact,P3,0.6860743645018813,1.4445026061943202,0.3677650451415078,0.8249942926188214,0.2630643622546186
joint-79aa8ba0c5489ddf2497,M1,291302,future_contact,P0,0.5422689622423823,0.8737384627601926,0.13497418980147444,0.861424383085815,-0.1783618654628082
joint-d987f2e8f59153959f0b,M1,291302,future_contact,P0,0.45997952039346823,1.1201077139770024,0.11342485387641019,0.900308299376314,-0.06182916064725239
joint-cb8130fb1c35fd8e7b18,M1,291302,no_contact_within_horizon,P3,0.8477008981893923,1.200329861847703,0.18259640389311588,0.654415474743199,0.01689012512081495
joint-d18a1d26ca0c2d035ee3,M1,291302,future_contact,P0,0.3971984858508838,1.0784305252284063,0.07550676681054053,0.9238561847088403,0.22756662720548113
joint-da2f34f1c087e97b1afb,M1,291302,no_contact_within_horizon,P0,0.862852818523257,1.311058779774596,0.27083503960758526,0.6577747988090026,0.0737234422118282
joint-d61e8bcf8b85f15c898a,M1,291302,no_contact_within_horizon,P0,0.7467230267149192,1.15253010209814,0.14195961450474387,0.7298885799203457,0.2144974584312931
joint-4de8fb543630717fe750,M1,291302,no_contact_within_horizon,P1,0.7029218712489198,1.0988063188700348,0.09422442592324265,0.7568440806261215,0.21833661602736798
joint-dc3cf8ce3539277e0726,M1,291302,future_contact,P1,0.41304312111817737,1.1034744562235355,0.09846379848437557,0.9193422464724355,0.15060413933606584
joint-afc74f4446a723051311,M1,291302,future_contact,P2,0.5077164703677775,1.039096974003474,0.03835204174006502,0.8718001220823288,0.06400476913651273
joint-b8e91cf056a2850aa06d,M1,291302,future_contact,P3,0.5767032943918107,0.9743121082980113,0.026023586938429683,0.8340171315897403,0.16479804539450665
joint-1f313d8436034e3c8a2f,M1,291302,no_contact_within_horizon,P0,0.6611129860096654,1.3470003890127817,0.2978801862275778,0.8212763939948222,-0.01899775450021328
joint-86283058a19cd7794f47,M1,291302,future_contact,P3,0.4949476097020853,1.012069268939689,0.011997016091708567,0.8775809895091365,0.3762669714698282
joint-a5ed81533299a3f553ae,M1,291302,no_contact_within_horizon,P1,0.862112558760449,1.0839551581523061,0.08061653514364801,0.6310281236648918,0.3687701036885186
joint-1b3125f558c72b1ea5e4,M1,291302,no_contact_within_horizon,P1,0.5232426054314117,1.3217528021453233,0.27895873615789996,0.8995900816743059,0.2705034277980877
joint-3dcb938aa6f788013529,M1,291302,future_contact,P0,0.3341923318946458,1.01607401390545,0.015946194835115134,0.9442813359271175,0.15893715689082988
joint-f3d0c584cd58125ec9bd,M1,291302,future_contact,P1,0.20187155440101257,1.1248860058706835,0.11768170240739524,0.9864857960333081,0.533879656449415
joint-a4fe2bd135f56d3a3b4d,M1,291302,future_contact,P2,0.45939607025337503,1.095276664994532,0.09100699345023541,0.8984029785870711,0.06636872769531621
joint-baf9ad5b2a0e2663433b,M1,291302,future_contact,P3,0.6684610555902204,1.192506867098864,0.17605770233724966,0.7903823629130436,-0.06656937639410586
joint-63dd4abeb6e1325c7806,M1,291302,no_contact_within_horizon,P3,0.766592313133954,1.1267418804291494,0.11933017637596798,0.7122491502723619,0.19526138219309938
joint-89a8114aac92bfca40db,M1,291302,future_contact,P1,0.3140487502215669,1.1603120243539913,0.14868895545994898,0.961488212712729,-0.1108282068760363
joint-fdd9add87d3e0887f0db,M1,291302,no_contact_within_horizon,P0,0.7199799080268436,1.1736532086577367,0.16012128480265614,0.751996436203372,-0.09991891390460222
joint-8deb233befdaaa44244e,M1,291302,future_contact,P1,0.4303528340519531,1.1038107350431186,0.09876849750878378,0.9120537723812309,0.10626023571674045
joint-750a25537e1c577ecb17,M1,291302,future_contact,P2,0.4536639148037497,1.0362774413530742,0.03563490851898443,0.8976968447444726,-0.010457590697409435
joint-d20c3c92116f8fce3c1e,M1,291302,future_contact,P2,0.41283811071732623,1.3997863402626032,0.33631961087635587,0.9694403268627946,0.7366079858345814
joint-83912571774477870e69,M1,291302,no_contact_within_horizon,P2,0.4625443756145917,1.1399161204849104,0.13095468117736345,0.9011538934088102,-0.04408128752045992
joint-0b091357d2bc89169b82,M1,291302,future_contact,P3,0.6710728520598758,1.5677415274724154,0.4496360661670473,0.8660576950822814,0.07795073078104266
joint-79a2726c7c85c127d89d,M1,291302,future_contact,P3,0.49205930044071744,1.4665626481650975,0.3829213280354274,0.9486611638801925,0.484555946144543
joint-ff0e8b614b34aecce4b3,M1,291302,future_contact,P1,0.1703689453573913,1.0163814616034708,0.01624873302507353,0.9856182668533539,-0.17071300196621828
joint-a6e0056491e5774f3780,M1,291302,future_contact,P1,0.46787407325524777,1.3493137191619526,0.2995961070171982,0.9332880380390203,0.08010137601484311
joint-009541860623d2bb9f1f,M1,291302,no_contact_within_horizon,P1,0.48625667355582225,1.1627959089837845,0.15082737145059538,0.8924996160730568,0.19856556351436438
joint-ffe811f4bd9985f39189,M1,291302,no_contact_within_horizon,P1,0.44816841592900936,1.0916595861037466,0.08769909438623609,0.9032273424256954,-0.09786618663519053
joint-08c462a1ad92c4ade964,M1,291302,no_contact_within_horizon,P2,0.4271741525274389,1.1462430483939332,0.13648967991927133,0.9176647154749652,-0.08460082255063095
joint-2ce56f0ea0683dcda2f5,M1,291302,future_contact,P2,0.5050826659111071,1.2456386516464675,0.21964837160090542,0.8951209221091098,0.32980467153463655
joint-e8e45e1d9d7dc3a06a25,M1,291302,no_contact_within_horizon,P3,0.8278416106774025,1.2870287463727077,0.2523362643184757,0.6838616018753815,-0.15375489989479937
joint-cf92d455cc3ba4b96312,M1,291302,future_contact,P3,0.253183454818481,1.1025894006827146,0.09766141410594076,0.9726452523561784,0.33642341968638445
joint-2a931d7a53cb9c33974d,M1,291303,future_contact,P0,0.8375739294750753,0.9648998997736579,0.035730913828062726,0.6497614061643155,-0.28734787127906863
joint-4352a0ffd3ac22d2f5e6,M1,291303,no_contact_within_horizon,P0,0.6799721959129682,0.9418625813603442,0.05989589470717838,0.7704057982305282,-0.2460753920087734
joint-147f59a58d0ef285e900,M1,291303,future_contact,P1,1.1433589081107876,0.525978432173965,0.6424950705566419,0.4901560222160928,-0.36333336959688495
joint-d0326bfd1d59b011ffc1,M1,291303,no_contact_within_horizon,P2,0.36730246812737377,1.4039389357015675,0.33928181156771586,0.9886948304671649,0.744426496862636
joint-b0a6408213b275a6eec4,M1,291303,no_contact_within_horizon,P2,1.25986590266062,0.4456538901358606,0.8082126593155825,0.4143311843264779,0.5572096929751282
joint-f16075ae76c562b01afa,M1,291303,future_contact,P2,0.39143793507866514,1.3433364075004608,0.2951563757497449,0.9655832579831138,0.771027385196011
joint-6c84dffefac07a85efd4,M1,291303,no_contact_within_horizon,P3,0.5137452239215463,0.956333683990274,0.04464838500083419,0.8689640478808036,-0.14504233069991937
joint-530af393a720d348afb0,M1,291303,no_contact_within_horizon,P0,0.41284289043354566,1.231327719070753,0.20809303359996764,0.9355840781613484,0.09694517517229928
joint-66b0d86cfbc4d904308f,M1,291303,no_contact_within_horizon,P0,0.8454034280604015,0.5133327533207788,0.666831002137797,0.832120419560766,0.1461277771583518
joint-cb84ae0ab47be6c0b097,M1,291303,no_contact_within_horizon,P1,0.7259605665096697,0.5294746610213334,0.6358699696252433,0.9180143148529761,0.7092937212613503
joint-bd7b1bc3eac5c32be6ce,M1,291303,future_contact,P0,0.5521138703776745,1.6124144073580362,0.47773268757076526,0.9550233056972236,0.5827505572758687
joint-f42e2b2aa0bcf1904b2c,M1,291303,future_contact,P2,0.30795910818691324,0.9860072582381333,0.014091563110314618,0.9526775274784481,0.9221330786454727
joint-0cc5980f554a68da719e,M1,291303,future_contact,P3,0.5889700646725587,1.6640342409124,0.5092449196586979,0.9475589673074062,0.4026371803967395
joint-c71196ce6b27a5f15741,M1,291303,no_contact_within_horizon,P0,0.44111523008125825,1.0820054462506203,0.07881621391496771,0.9056651113371829,-0.3030560777821128
joint-08a29e94c959b15daf6c,M1,291303,future_contact,P2,0.4702692321080261,1.4849573891453662,0.3953860776647726,0.9642339103235303,0.554123310874986
joint-009344968abd7434a0a8,M1,291303,no_contact_within_horizon,P3,0.6549515940301122,0.9027132012806384,0.10235038256801329,0.7901993848488351,-0.12455699636586023
joint-0d9b039cb21daac03d2a,M1,291303,no_contact_within_horizon,P0,0.5232338892816532,1.4595603408673012,0.37813525397731756,0.9305104132336691,0.17882927862404988
joint-96bbd61ef63ebf358d5e,M1,291303,no_contact_within_horizon,P0,0.8311412384159109,0.516588904959219,0.6605078755947427,0.841722780128186,0.08922120343749358
joint-71226efdc82c7b8eb4e1,M1,291303,future_contact,P3,1.2429159545243353,0.3258707780161456,1.1212543626508473,0.6555670752086429,-0.15487575310751947
joint-2b6a5ce6c26b3991652e,M1,291303,no_contact_within_horizon,P1,0.42281432373541883,0.6611026617613941,0.41384613838933637,0.9935953516075025,-0.041579836380949635
joint-c45a492c6ab0e2e5bfbe,M1,291303,future_contact,P2,0.8432788013549762,0.4813213311629687,0.7312201837653541,0.8742244504544541,-0.1052183992359663
joint-b2b2ebaf8b3253aafde3,M1,291303,future_contact,P3,1.2680841648120387,0.41166270890183476,0.8875509326380242,0.4473872617188687,0.5128062271415682
joint-58d5f239e12552c3626e,M1,291303,future_contact,P3,1.228150668253491,0.36918024228544866,0.9964702927219032,0.581536205358605,0.2873492210240087
joint-fc2b76f0772372bf8c3c,M1,291303,no_contact_within_horizon,P2,0.7826627271440623,1.1082612930892277,0.10279238461071338,0.6981975449777654,-0.0667510636382671
joint-fe2aefddb9b7745686ad,M1,291303,future_contact,P0,1.4933286086788493,0.7607905887807743,0.27339713798943616,-0.09837463388592146,-0.3692188104409636
joint-8b6ff975d45da97a4933,M1,291303,no_contact_within_horizon,P3,0.4641841187898474,0.9856630119986397,0.014440755617995153,0.8923652047973862,-0.11338840976114922
joint-175e17d0ef9573bac40e,M1,291303,no_contact_within_horizon,P3,1.3000068694992228,0.31451176782313583,1.156733785980021,0.586392660679185,0.7829796639708183
joint-a3d06b9cb0966439eddd,M1,291303,future_contact,P1,0.4853120601192762,1.4266381772613983,0.3553207515169082,0.9422732008272808,0.7275501063941413
joint-04c90cd2b55e51d7395c,M1,291303,future_contact,P1,0.8541129217260924,0.4458706025139284,0.8077264979501396,0.916783239737309,0.05595567329589984
joint-03d19206c4766692b70a,M1,291303,no_contact_within_horizon,P0,0.8310738137915228,0.5203099633112891,0.6533305617028007,0.8375976832211642,0.08966938150774928
joint-f3533a47857412ee6574,M1,291303,no_contact_within_horizon,P0,0.4631620840823187,1.1114634694556333,0.10567758789518124,0.8980297759245979,-0.23763072638052476
joint-19e423cc276169fd1073,M1,291303,future_contact,P2,0.5057992517408011,1.4871888114155254,0.39688763414204037,0.9467789383218692,0.42595147510147496
joint-ff96f3eeddc533681410,M1,291303,future_contact,P2,0.5594975362275699,0.6360416754960921,0.45249119027926954,0.9394647298713912,-0.030274346201962423
joint-c4e21270ec4d0d7be262,M1,291303,no_contact_within_horizon,P1,0.5445909442083108,0.6055314448962168,0.5016487852214507,0.970670402559776,0.5412350160515539
joint-f3c2aa3445150de38445,M1,291303,no_contact_within_horizon,P1,0.5221951636037516,1.289139117674477,0.25397464495608285,0.8938709039694231,-0.20557797872576034
joint-9b1bd063fe31242ee1d4,M1,291303,no_contact_within_horizon,P2,1.279030325964915,0.4493932198122567,0.799857006544862,0.3813965872596131,0.5931524256731096
joint-dc07119105a4b0f17fef,M1,291303,no_contact_within_horizon,P3,0.551656166419661,1.6600779914731076,0.5068645840799191,0.9690832999145851,0.5111424243568539
joint-e62d176dd1f3b78034aa,M1,291303,no_contact_within_horizon,P0,0.5736667807746234,1.457619282121511,0.376804476114373,0.9013778654284929,0.04950801515954029
joint-7fb044ff7f38057c2332,M1,291303,no_contact_within_horizon,P1,0.5860454613420186,1.4003887037380789,0.33674984361202553,0.8805988418797157,-0.3107135018661736
joint-86e6ae730070eee6983b,M1,291303,future_contact,P0,0.9850920975224121,0.4020345853598071,0.9112171608304115,0.8516053223923304,0.16612360137190907
joint-9a206f19112cd83d8451,M1,291303,no_contact_within_horizon,P3,0.675154206833086,0.8975294589309633,0.10810933583696902,0.7772663066472876,-0.270521450444759
joint-d9be6f5c2e8106f0264a,M1,291303,no_contact_within_horizon,P0,0.6945144823332032,0.8933055812841345,0.11282656035460917,0.7644281436773612,-0.15900151409845983
joint-6f8a92fc80c9c4920afe,M1,291303,future_contact,P0,1.0657178434418746,0.38313130857224487,0.9593775063332751,0.7877197186507001,-0.2189465925474478
joint-2a31fc646bfd539046d7,M1,291303,future_contact,P1,0.6285084626914668,1.5958859137986467,0.46742901389031394,0.9027506850400946,0.816088677227472
joint-e8ed568644109d3c68dd,M1,291303,no_contact_within_horizon,P0,0.3655818681874806,1.1874680560961808,0.17182335643531227,0.947478497032381,0.11191030486952495
joint-310c46903e1f1c1d5a60,M1,291303,no_contact_within_horizon,P0,0.6893789434112666,0.5584445556245443,0.5825999391259213,0.9162042773831848,-0.34995810554615403
joint-1285f64b5ffdc41a435d,M1,291303,future_contact,P0,0.5389796932641283,0.966717042683656,0.033849439912499425,0.8552817819707242,0.28680438195592084
joint-70524fe1e7c2518c400a,M1,291303,no_contact_within_horizon,P1,1.047667404495459,0.6976095880263723,0.3600956621779599,0.4987508082338025,-0.1658974821535042
joint-41ae71c0e6c6d51506eb,M1,291303,future_contact,P0,0.6656959569035956,1.6417536624110007,0.49576497688347254,0.8899576422194541,0.22412368886219872
joint-f2a415df92c5dbd9c22b,M1,291303,no_contact_within_horizon,P2,0.25951358319858214,0.9829708228845191,0.017175840979937677,0.9664713748778858,0.030036040012415787
joint-05f0f9643ecc833a54a1,M1,291303,no_contact_within_horizon,P3,0.4708103677302296,0.9594243214178658,0.041421839581059994,0.8899792589071346,-0.15371762563049637
joint-6731d5008cdff8444b8a,M1,291303,no_contact_within_horizon,P1,0.26213200283651156,1.2733410788203037,0.24164421677504413,0.994477732326907,0.552330646692244
joint-cd5d57fb2d2fc404ed88,M1,291303,no_contact_within_horizon,P1,0.850687753029778,0.8499177210908866,0.16261573289967704,0.6490189191762639,-0.3305649153904737
joint-c73f7954cc710bf9d63c,M1,291303,future_contact,P3,1.1528239991445728,0.3485848257110362,1.053873676071879,0.7419329915790599,0.2641668765536683
joint-8c80649d97868318c9fe,M1,291303,no_contact_within_horizon,P1,1.293396263920688,0.6054954385923887,0.5017082493082181,0.2383323175365525,0.13460757443848226
joint-e8ffd69e58705acdb563,M1,291303,future_contact,P3,0.4789276930257498,1.4232545212124492,0.35294616552586294,0.944640037361831,0.8364763456438591
joint-2474a6ed6bbe4f7e1b97,M1,291303,future_contact,P0,0.6242304403363803,1.6322330152879223,0.48994902532541007,0.9156853757378296,0.8017458274264403
joint-1b6c644185589ebc48c8,M1,291303,no_contact_within_horizon,P3,1.0724584886732234,1.1752790785816738,0.161505633080743,0.4342285147387212,-0.04482680137454644
joint-efe7c8a0a11bb35094e0,M1,291303,future_contact,P2,1.1856292990347705,0.4620518150974018,0.7720782402986955,0.5002451739796168,0.3578971912537476
joint-9ea456682d298ae62b43,M1,291303,future_contact,P3,0.6402969553842365,1.7174718977698267,0.5408533826921931,0.9295113675465082,0.20057453841152922
joint-7d924a87e8568d82b71b,M1,291303,no_contact_within_horizon,P1,0.6560034094672874,1.3483221413851847,0.29886096122830424,0.8249815897983754,-0.39506227371189906
joint-f012efad790d4bcb5275,M1,291303,future_contact,P1,0.790507304345828,0.44712636795942146,0.8049140219512833,0.9759641385835831,-0.04286533534247943
joint-99a2122f162a74088f58,M1,291303,no_contact_within_horizon,P2,0.7175537295371064,1.8681808482433784,0.624965148955279,0.9183218736256298,0.37059506907213885
joint-ce884c4d333127e8b6dc,M1,291303,no_contact_within_horizon,P3,0.8571109390906565,0.42921032887559646,0.8458082031013762,0.942510256734269,0.06213042270406629
joint-50af49320c1511a0d6c6,M1,291303,future_contact,P3,0.5898243980231442,1.089751216876169,0.08594942879201027,0.8294280697287568,0.9022607377983993
joint-4664e26abb95085a572a,M1,291303,future_contact,P3,0.7833332105743275,2.03023735894369,0.7081527118064568,0.9144910898776389,0.8764087102931666
joint-79aa8ba0c5489ddf2497,M1,291303,future_contact,P0,0.5687026263111802,1.5408986973716576,0.4323658159367999,0.9255479163039904,0.7972176189748543
joint-d987f2e8f59153959f0b,M1,291303,future_contact,P0,0.9791534556738294,0.611196925960988,0.49233607065656476,0.6146538712260564,0.3255614260437814
joint-cb8130fb1c35fd8e7b18,M1,291303,no_contact_within_horizon,P3,0.4584436010887254,1.5253420886057987,0.4222187053005616,0.9806277567734184,0.5746050309900746
joint-d18a1d26ca0c2d035ee3,M1,291303,future_contact,P0,1.5906309559962477,0.47379514641570075,0.7469802312615874,-0.15767552698586482,-0.33786231256432653
joint-da2f34f1c087e97b1afb,M1,291303,no_contact_within_horizon,P0,1.0973821400822243,0.5711614795499567,0.5600833079934715,0.5103982065047931,0.3800451099401036
joint-d61e8bcf8b85f15c898a,M1,291303,no_contact_within_horizon,P0,0.5255764717966759,1.2862251541987835,0.2517116915160262,0.8915324119858969,-0.15295504045231584
joint-4de8fb543630717fe750,M1,291303,no_contact_within_horizon,P1,0.7260929254511855,1.685287809851858,0.5219363562522081,0.8573597050445941,0.03629779924806895
joint-dc3cf8ce3539277e0726,M1,291303,future_contact,P1,0.7792847009290423,1.893750072668335,0.6385590286482596,0.8752398064503779,0.54493061871618
joint-afc74f4446a723051311,M1,291303,future_contact,P2,0.5528253690670768,1.4124949438145435,0.345357604431729,0.9028212048725859,0.0007084942475081093
joint-b8e91cf056a2850aa06d,M1,291303,future_contact,P3,0.5638556165889052,0.9200618030416297,0.08331443397617673,0.844230059225355,0.8681819052527886
joint-1f313d8436034e3c8a2f,M1,291303,no_contact_within_horizon,P0,0.9349226658200356,0.5370532151507543,0.6216580922680683,0.7188908681740511,0.33467408979421437
joint-86283058a19cd7794f47,M1,291303,future_contact,P3,1.828198965287872,0.27338359265080653,1.296879368743254,-0.512385801865331,-0.22708826631939613
joint-a5ed81533299a3f553ae,M1,291303,no_contact_within_horizon,P1,0.8640338113707688,1.6760024979130375,0.5164114924603543,0.7376084752244272,-0.13846776585240175
joint-1b3125f558c72b1ea5e4,M1,291303,no_contact_within_horizon,P1,0.9627414954721307,1.165562705120815,0.1532039790939107,0.5455984080276032,-0.3581157284755846
joint-3dcb938aa6f788013529,M1,291303,future_contact,P0,0.6281149912902757,1.581966774155751,0.45866886669491497,0.8992232913217943,0.6203404080790828
joint-f3d0c584cd58125ec9bd,M1,291303,future_contact,P1,0.20414841368756226,1.1378779724261057,0.12916510010057017,0.9874280927868031,0.939349853466582
joint-a4fe2bd135f56d3a3b4d,M1,291303,future_contact,P2,0.6269519550305632,1.6106266229024062,0.4766233100467438,0.9078425422802746,-0.21389197335487062
joint-baf9ad5b2a0e2663433b,M1,291303,future_contact,P3,0.7708001539631575,1.5670961444853988,0.44922431725774475,0.7903021782004863,0.11093782278089619
joint-63dd4abeb6e1325c7806,M1,291303,no_contact_within_horizon,P3,1.2651225494454332,0.32301128126180156,1.1300680298622712,0.6253010840920944,0.7781071053215913
joint-89a8114aac92bfca40db,M1,291303,future_contact,P1,0.5216751580750554,1.4949988289675942,0.40212542354307484,0.9402999287945352,-0.015844067565521435
joint-fdd9add87d3e0887f0db,M1,291303,no_contact_within_horizon,P0,0.42391427158953565,1.4712662867708899,0.3861234495537721,0.9822339533302711,0.5586910596423813
joint-8deb233befdaaa44244e,M1,291303,future_contact,P1,0.6767663953623418,1.812849311459598,0.5948998127418086,0.9323608680815517,0.5818193940728217
joint-750a25537e1c577ecb17,M1,291303,future_contact,P2,0.419369774124369,1.425961133739276,0.3548460661783649,0.9728884722938852,0.40012235485914927
joint-d20c3c92116f8fce3c1e,M1,291303,future_contact,P2,0.6486405518733651,1.791015946592811,0.5827830267758496,0.9459384635206173,0.8824145335439758
joint-83912571774477870e69,M1,291303,no_contact_within_horizon,P2,1.1802528662464913,0.514594393393149,0.6643762742712856,0.45271095663386157,0.46384846982075445
joint-0b091357d2bc89169b82,M1,291303,future_contact,P3,1.1960978934136854,0.5243624453524464,0.6455721441641915,0.42324004283827915,0.3157468032148431
joint-79a2726c7c85c127d89d,M1,291303,future_contact,P3,0.9907283279973486,2.4586428353838556,0.8996095047723378,0.8357394845191864,0.7507329129333965
joint-ff0e8b614b34aecce4b3,M1,291303,future_contact,P1,0.3619598151069158,1.040131590465284,0.03934723444266763,0.93524139041966,0.9366247558275793
joint-a6e0056491e5774f3780,M1,291303,future_contact,P1,1.2309739505989827,0.7923921709185487,0.23269884442039643,0.2592455395967256,-0.2599744325747166
joint-009541860623d2bb9f1f,M1,291303,no_contact_within_horizon,P1,0.522874817710331,0.6221784212067795,0.4745283765620286,0.9701773065530018,0.36462265635449587
joint-ffe811f4bd9985f39189,M1,291303,no_contact_within_horizon,P1,0.27308155542269225,1.28928863647522,0.254090621679239,0.994563233251196,0.5517198922365917
joint-08c462a1ad92c4ade964,M1,291303,no_contact_within_horizon,P2,1.1891255724090541,0.49708176917231284,0.6990007409207324,0.45746604438355354,0.5089269346283525
joint-2ce56f0ea0683dcda2f5,M1,291303,future_contact,P2,0.800360784195962,1.8354295658843252,0.6072785499601441,0.8393935464082344,0.6717470630511804
joint-e8e45e1d9d7dc3a06a25,M1,291303,no_contact_within_horizon,P3,1.2168255756323823,0.33729344168643044,1.0868019806658782,0.669711949258252,0.6174571840994636
joint-cf92d455cc3ba4b96312,M1,291303,future_contact,P3,1.7181562858096295,0.3498607322609647,1.0502201115108183,-0.31777326598985955,-0.30723851383411693
joint-2a931d7a53cb9c33974d,M2,291501,future_contact,P0,0.6698252195008315,0.8654211720004862,0.14453898650276464,0.7849573402423224,0.11716552210742237
joint-4352a0ffd3ac22d2f5e6,M2,291501,no_contact_within_horizon,P0,0.5526195925106199,0.836297001817186,0.17877146365765867,0.8621047642879778,-0.1837050441097521
joint-147f59a58d0ef285e900,M2,291501,future_contact,P1,0.6671744414672331,0.7656885173426383,0.2669798272630347,0.8093008918978498,-0.16193031032487445
joint-d0326bfd1d59b011ffc1,M2,291501,no_contact_within_horizon,P2,0.5723737210267132,1.5671229430920233,0.4492414179171922,0.930406975857789,0.1631036634750306
joint-b0a6408213b275a6eec4,M2,291501,no_contact_within_horizon,P2,0.6998628529109586,1.0830418638944823,0.07977362276065274,0.7578897581974583,-0.19952675777985587
joint-f16075ae76c562b01afa,M2,291501,future_contact,P2,0.1942993955744981,0.895002153375032,0.11092915470455379,0.9872246943033338,0.15384732132685808
joint-6c84dffefac07a85efd4,M2,291501,no_contact_within_horizon,P3,0.5445674290946306,0.9863833248420653,0.013710232341738581,0.8518101762661578,0.01812251171124311
joint-530af393a720d348afb0,M2,291501,no_contact_within_horizon,P0,0.49511909343852467,1.1832891172804003,0.16829794844256543,0.8907541152961153,-0.12058857110367029
joint-66b0d86cfbc4d904308f,M2,291501,no_contact_within_horizon,P0,0.9069033902670538,1.105893245752963,0.10065337561417621,0.5927904991036337,-0.1336211837878545
joint-cb84ae0ab47be6c0b097,M2,291501,no_contact_within_horizon,P1,0.8038340905111759,0.9376038877389133,0.06442771368876905,0.6786661795897684,-0.22668032034369795
joint-bd7b1bc3eac5c32be6ce,M2,291501,future_contact,P0,0.43590674781425504,1.3507841484138317,0.30068527449879145,0.9483764225028251,0.18538335152525534
joint-f42e2b2aa0bcf1904b2c,M2,291501,future_contact,P2,0.25583319616366595,0.8842362850037033,0.12303096133212492,0.974728554042661,0.27686791516062853
joint-0cc5980f554a68da719e,M2,291501,future_contact,P3,0.3566747779260104,1.0219663211013525,0.021728537325949693,0.9366201172017599,0.1701023886801879
joint-c71196ce6b27a5f15741,M2,291501,no_contact_within_horizon,P0,0.25965543804367874,1.1329424410687852,0.12481817852131012,0.9739579650261164,-0.16295544076812374
joint-08a29e94c959b15daf6c,M2,291501,future_contact,P2,0.49840449292841316,1.4046281859486274,0.3397726314278386,0.930457359599644,0.09644157772137768
joint-009344968abd7434a0a8,M2,291501,no_contact_within_horizon,P3,0.7037134234487786,0.8440346592002453,0.16956171982620624,0.7650197618975483,0.016629257806103085
joint-0d9b039cb21daac03d2a,M2,291501,no_contact_within_horizon,P0,0.3316858619392524,1.2880641821332368,0.25314045728943274,0.9763178087056252,0.16598990626994187
joint-96bbd61ef63ebf358d5e,M2,291501,no_contact_within_horizon,P0,0.6714210763458316,1.1499538498053246,0.13972181096583886,0.7832719702862428,-0.15912836235147074
joint-71226efdc82c7b8eb4e1,M2,291501,future_contact,P3,0.19392868086444326,0.8563155214248461,0.1551163709612298,0.9931371801653337,0.23914074368395277
joint-2b6a5ce6c26b3991652e,M2,291501,no_contact_within_horizon,P1,0.5651364683076521,1.2530654107638755,0.22559287787451007,0.8638241916538715,-0.07326161820284201
joint-c45a492c6ab0e2e5bfbe,M2,291501,future_contact,P2,0.14796101732394945,1.0045038788485678,0.004493766737340685,0.9890638104009908,0.3304006156747069
joint-b2b2ebaf8b3253aafde3,M2,291501,future_contact,P3,0.27025556927135364,0.958342511377568,0.0425500373750198,0.9643698210931704,0.3656024153185701
joint-58d5f239e12552c3626e,M2,291501,future_contact,P3,0.5897309528968541,0.9318101388261589,0.07062619875483932,0.8283868332362732,-0.24813791888060513
joint-fc2b76f0772372bf8c3c,M2,291501,no_contact_within_horizon,P2,0.46534455803481106,1.0139851968781497,0.013888306322931447,0.891818444096075,-0.08209149372654564
joint-fe2aefddb9b7745686ad,M2,291501,future_contact,P0,0.4741316573226882,1.0141502555123767,0.01405107516994989,0.8876927557721269,0.08108498530877735
joint-8b6ff975d45da97a4933,M2,291501,no_contact_within_horizon,P3,0.5850610632112521,0.9601111988828996,0.040706169058595774,0.8296094790557905,0.017490496177121527
joint-175e17d0ef9573bac40e,M2,291501,no_contact_within_horizon,P3,0.888048213743522,1.101343025437932,0.09653036728900448,0.6094285789809923,-0.25526331544189407
joint-a3d06b9cb0966439eddd,M2,291501,future_contact,P1,0.12522518480934738,1.0108319931934853,0.010773747389818539,0.9922171363964595,0.0720030208417865
joint-04c90cd2b55e51d7395c,M2,291501,future_contact,P1,0.3103672284407349,0.8402041840363202,0.17411034044930426,0.966665687781556,0.1532611760693118
joint-03d19206c4766692b70a,M2,291501,no_contact_within_horizon,P0,0.6111337304665257,1.157779802529713,0.14650420781352,0.8230049038328124,-0.16217226040337201
joint-f3533a47857412ee6574,M2,291501,no_contact_within_horizon,P0,0.21452937915073483,1.1281996513618502,0.12062313330210804,0.9841885627660001,-0.08132189824589749
joint-19e423cc276169fd1073,M2,291501,future_contact,P2,0.30855576867191004,1.0579546172288434,0.056337437647328424,0.953946259904661,-0.4075342185251373
joint-ff96f3eeddc533681410,M2,291501,future_contact,P2,0.6975890712463824,0.8014182118671838,0.2213723559731875,0.7782946790546724,-0.015772050591745492
joint-c4e21270ec4d0d7be262,M2,291501,no_contact_within_horizon,P1,0.8867674578791743,0.6600719950854794,0.4154063664479865,0.6771435883111133,0.06781864593704787
joint-f3c2aa3445150de38445,M2,291501,no_contact_within_horizon,P1,0.25603638206708107,1.153295030066477,0.1426230889250083,0.9772436439923089,0.07313817497963895
joint-9b1bd063fe31242ee1d4,M2,291501,no_contact_within_horizon,P2,0.6235605386264786,1.0204770328533594,0.020270197236315898,0.8057716038959786,-0.222318852590027
joint-dc07119105a4b0f17fef,M2,291501,no_contact_within_horizon,P3,1.075982244266539,1.4276158368704313,0.3560058059251192,0.46663728276568994,-0.17177932906054086
joint-e62d176dd1f3b78034aa,M2,291501,no_contact_within_horizon,P0,0.47316039481145755,1.371301686040312,0.3157604245425771,0.9355140268162276,-0.00958472781011255
joint-7fb044ff7f38057c2332,M2,291501,no_contact_within_horizon,P1,0.30642558624226773,1.2455628462216912,0.21958751307551957,0.9766898263231757,-0.042138919904903135
joint-86e6ae730070eee6983b,M2,291501,future_contact,P0,0.2792605092825949,0.9976123107463383,0.002390544329242038,0.9610095856213877,0.29931577854052477
joint-9a206f19112cd83d8451,M2,291501,no_contact_within_horizon,P3,0.5935942745431773,0.8848614528227781,0.12232419671225007,0.8306539910666733,-0.05913467124444842
joint-d9be6f5c2e8106f0264a,M2,291501,no_contact_within_horizon,P0,0.5771456443311921,0.8892602282871992,0.11736536606937119,0.8397724818969659,-0.08931940548592276
joint-6f8a92fc80c9c4920afe,M2,291501,future_contact,P0,0.16261645083095427,1.0508467901717322,0.049596305980012335,0.987999961323049,0.1936192159093351
joint-2a31fc646bfd539046d7,M2,291501,future_contact,P1,0.589237825558965,1.3731534573129816,0.31710988843027715,0.8727005264335985,0.08488493812173205
joint-e8ed568644109d3c68dd,M2,291501,no_contact_within_horizon,P0,0.3899707081634947,1.2089396583139576,0.18974365997679812,0.9413303709647425,-0.05806377052333343
joint-310c46903e1f1c1d5a60,M2,291501,no_contact_within_horizon,P0,0.7265312113432065,0.9769415907351433,0.023328413030352168,0.7363124097983041,-0.21164995190217975
joint-1285f64b5ffdc41a435d,M2,291501,future_contact,P0,0.5953437875326462,1.1308403716475195,0.12296104804605792,0.8296814272911085,0.03419636829697331
joint-70524fe1e7c2518c400a,M2,291501,no_contact_within_horizon,P1,0.49479618832001915,0.7197988225080059,0.3287835191984977,0.9287882732800076,-0.035379679836455825
joint-41ae71c0e6c6d51506eb,M2,291501,future_contact,P0,0.4860652238280968,1.385285222830889,0.32590605549918955,0.9322847684199848,0.17764743336646388
joint-f2a415df92c5dbd9c22b,M2,291501,no_contact_within_horizon,P2,0.3656905469804853,0.9752698890656076,0.02504103699085596,0.9334382725767111,-0.05881014294604485
joint-05f0f9643ecc833a54a1,M2,291501,no_contact_within_horizon,P3,0.5344983219651772,0.9762983621240945,0.023987040387794256,0.8574229264103164,0.004038264324766341
joint-6731d5008cdff8444b8a,M2,291501,no_contact_within_horizon,P1,0.5596926285228393,1.5650572902662137,0.44792243052094793,0.9373893730666298,-0.10330676279823486
joint-cd5d57fb2d2fc404ed88,M2,291501,no_contact_within_horizon,P1,0.42987826253983635,0.7817160214891348,0.24626374826531733,0.9366708358041061,-0.1094170074682139
joint-c73f7954cc710bf9d63c,M2,291501,future_contact,P3,1.1671385138879014,0.5323433277321643,0.6304666449111055,0.45435422950544774,0.2791293240286942
joint-8c80649d97868318c9fe,M2,291501,no_contact_within_horizon,P1,0.48426221435720734,0.6538427396869312,0.42488841563418056,0.9690041907581496,0.18966980570967426
joint-e8ffd69e58705acdb563,M2,291501,future_contact,P3,0.5715518473064649,1.4570594349794508,0.37642031909174095,0.9024963671815576,0.10325399121943932
joint-2474a6ed6bbe4f7e1b97,M2,291501,future_contact,P0,0.14083264666827006,1.0566194268459996,0.055074591766826275,0.9915925496069933,-0.46807610588627513
joint-1b6c644185589ebc48c8,M2,291501,no_contact_within_horizon,P3,0.6631550987424026,0.8876140742536643,0.11921823152207457,0.7864453320905965,-0.019172362060226118
joint-efe7c8a0a11bb35094e0,M2,291501,future_contact,P2,0.45957147130729425,0.9480075528250493,0.05339280964382159,0.8957474851895104,-0.09439955722252974
joint-9ea456682d298ae62b43,M2,291501,future_contact,P3,0.4002367718663743,1.206719820756226,0.1879057865498453,0.9369024716962486,0.05928265405021392
joint-7d924a87e8568d82b71b,M2,291501,no_contact_within_horizon,P1,0.3115617604941209,1.2337174440840224,0.21003192364354883,0.9730653058337035,-0.1434212897155603
joint-f012efad790d4bcb5275,M2,291501,future_contact,P1,0.10721907593855169,0.9412168833719636,0.06058168415555804,0.9960823908477484,0.4283439287583304
joint-99a2122f162a74088f58,M2,291501,no_contact_within_horizon,P2,0.8820381717442166,1.5724147667042125,0.4526125057095993,0.6949293145757738,-0.11568025288083104
joint-ce884c4d333127e8b6dc,M2,291501,no_contact_within_horizon,P3,0.8860785141046407,1.3263780549217312,0.2824519604201467,0.6397060256541146,0.014674507325651905
joint-50af49320c1511a0d6c6,M2,291501,future_contact,P3,0.2249413272378606,0.8882640307953029,0.11848624820766664,0.9816395131280344,0.24323475427242486
joint-4664e26abb95085a572a,M2,291501,future_contact,P3,0.30404312149120144,1.0399040865890679,0.03912848446675814,0.9545268131305382,-0.29672929692321215
joint-79aa8ba0c5489ddf2497,M2,291501,future_contact,P0,0.45771914271239134,1.3884773818680007,0.32820773801590797,0.9467455462429831,0.41451333450196887
joint-d987f2e8f59153959f0b,M2,291501,future_contact,P0,0.2802897640215229,1.0329538798211464,0.032422542307449,0.9612341565571754,0.290855505928035
joint-cb8130fb1c35fd8e7b18,M2,291501,no_contact_within_horizon,P3,0.9100175187873307,2.021432058470598,0.7038062000709039,0.7905714317572896,-0.08278795125279288
joint-d18a1d26ca0c2d035ee3,M2,291501,future_contact,P0,0.20368622046709187,1.0129321973348206,0.012849290484332134,0.9793376588206251,-0.07465883154648882
joint-da2f34f1c087e97b1afb,M2,291501,no_contact_within_horizon,P0,0.8793548921588245,1.192161550821593,0.1757680886726498,0.625860614780455,-0.24284427484518634
joint-d61e8bcf8b85f15c898a,M2,291501,no_contact_within_horizon,P0,0.35403412171557813,1.3021648367647924,0.26402813851086304,0.9712897480324286,0.0711723609437761
joint-4de8fb543630717fe750,M2,291501,no_contact_within_horizon,P1,0.3521986133545312,1.3327469451084528,0.2872421845466209,0.9782283872070656,-0.15145177039069382
joint-dc3cf8ce3539277e0726,M2,291501,future_contact,P1,0.5185126260610959,1.30086208771705,0.2630271890821356,0.8980253972801674,0.08339210426784248
joint-afc74f4446a723051311,M2,291501,future_contact,P2,0.4435536362074823,1.1728052196881629,0.15939850276122158,0.9137347814658302,0.18059806612498916
joint-b8e91cf056a2850aa06d,M2,291501,future_contact,P3,0.5356518106978314,1.2490085920472862,0.22235011026092133,0.8795798818758204,0.23876611762001035
joint-1f313d8436034e3c8a2f,M2,291501,no_contact_within_horizon,P0,0.7937363461849506,1.2731695242454846,0.2415094797942736,0.7096810131041174,-0.12369041464843689
joint-86283058a19cd7794f47,M2,291501,future_contact,P3,0.25893479391047286,1.0147884535017457,0.014680170575919022,0.9665823357112823,-0.43814444816260123
joint-a5ed81533299a3f553ae,M2,291501,no_contact_within_horizon,P1,0.5768810684167597,1.5441969460635168,0.43450399920866234,0.9215175202566995,-0.31195977252295254
joint-1b3125f558c72b1ea5e4,M2,291501,no_contact_within_horizon,P1,0.32720649806819124,0.7486991452935022,0.28941805133356435,0.9875136721556088,-0.28290710736227836
joint-3dcb938aa6f788013529,M2,291501,future_contact,P0,0.25420264001222564,1.0005840827517565,0.0005839122418174054,0.9676906766281561,-0.3546939636597699
joint-f3d0c584cd58125ec9bd,M2,291501,future_contact,P1,0.17012294965433378,1.1140879131062262,0.10803605500375157,0.9913283976411195,0.1344719840062083
joint-a4fe2bd135f56d3a3b4d,M2,291501,future_contact,P2,0.5501679156093267,1.3776485079334735,0.3203780659859467,0.8965023082110832,0.1412960323626651
joint-baf9ad5b2a0e2663433b,M2,291501,future_contact,P3,0.5158270356400618,1.2002239254686198,0.18250814394267303,0.8825511936331929,0.27224965111428556
joint-63dd4abeb6e1325c7806,M2,291501,no_contact_within_horizon,P3,0.9673033913766758,1.0553398049261236,0.05386280504555675,0.5332736210412958,-0.23848156116621638
joint-89a8114aac92bfca40db,M2,291501,future_contact,P1,0.16627271859014345,1.0320949374848358,0.03159065651506769,0.9866722687177037,0.1770118466632607
joint-fdd9add87d3e0887f0db,M2,291501,no_contact_within_horizon,P0,0.8002423365251317,1.121321756991947,0.11450812966036036,0.6853185721473872,-0.2968690824402859
joint-8deb233befdaaa44244e,M2,291501,future_contact,P1,0.49107978929447704,1.3650732647205897,0.3112081009845146,0.9252944697107978,0.19620277659475938
joint-750a25537e1c577ecb17,M2,291501,future_contact,P2,0.3413624140222964,1.0862535290472646,0.0827346464274136,0.9450605529875438,0.053089222155640124
joint-d20c3c92116f8fce3c1e,M2,291501,future_contact,P2,0.40558219024488235,1.3741962593426387,0.3178690215493077,0.9666035572783294,0.4312796434583071
joint-83912571774477870e69,M2,291501,no_contact_within_horizon,P2,0.7479906689613114,1.0993683158160825,0.09473575650583116,0.7241176306074962,-0.06733565066711407
joint-0b091357d2bc89169b82,M2,291501,future_contact,P3,0.2979343899537438,1.0243870958193668,0.02409447844562509,0.9559013938287186,0.3205530068998265
joint-79a2726c7c85c127d89d,M2,291501,future_contact,P3,0.6245790860845084,1.534134027924613,0.4279660706568256,0.8888660412885845,-0.10432612144152864
joint-ff0e8b614b34aecce4b3,M2,291501,future_contact,P1,0.11024978170382373,0.9715563089054327,0.028856051056416393,0.9943375923186493,0.2910457481211529
joint-a6e0056491e5774f3780,M2,291501,future_contact,P1,0.19058946228410714,1.0491457722355912,0.04797628280601189,0.9829784579731583,0.26539905249867746
joint-009541860623d2bb9f1f,M2,291501,no_contact_within_horizon,P1,0.6394848305802517,0.963641675576991,0.0370357593043252,0.7961453545087253,-0.2040410321878503
joint-ffe811f4bd9985f39189,M2,291501,no_contact_within_horizon,P1,0.6905766983631821,1.087165992413199,0.0835743033924253,0.7646296647742843,-0.10074776673647375
joint-08c462a1ad92c4ade964,M2,291501,no_contact_within_horizon,P2,0.6764518573101197,1.1672960585899874,0.1546900131523079,0.7818233879538659,-0.0827897874418516
joint-2ce56f0ea0683dcda2f5,M2,291501,future_contact,P2,0.5413523834873187,1.1062989580361922,0.10102017221266602,0.8582015183213826,-0.07911973723635796
joint-e8e45e1d9d7dc3a06a25,M2,291501,no_contact_within_horizon,P3,1.0697228770440337,1.1792598891880646,0.16488702914500647,0.4375734681433961,0.04125698617113922
joint-cf92d455cc3ba4b96312,M2,291501,future_contact,P3,0.5908200985759551,0.9831461366472765,0.016997505950200945,0.8255976599423317,-0.02925132265743011
joint-2a931d7a53cb9c33974d,M2,291502,future_contact,P0,0.4352078740622022,1.2694262266545713,0.2385650083468617,0.9325350381123427,0.27120118952050387
joint-4352a0ffd3ac22d2f5e6,M2,291502,no_contact_within_horizon,P0,0.429109658325893,1.1931929226587683,0.17663284224526413,0.9228526545208556,0.41648878414986773
joint-147f59a58d0ef285e900,M2,291502,future_contact,P1,0.419757911146832,1.2829662173402263,0.24917475429714167,0.9417320780287313,0.2276326255504155
joint-d0326bfd1d59b011ffc1,M2,291502,no_contact_within_horizon,P2,0.6147314674573222,0.9553058030942503,0.045723777094403686,0.8119993519145874,0.29708475534796863
joint-b0a6408213b275a6eec4,M2,291502,no_contact_within_horizon,P2,0.6911134561856215,1.3430110729662077,0.29491416245588825,0.7997538549207888,0.5260590751661538
joint-f16075ae76c562b01afa,M2,291502,future_contact,P2,0.3637511590494204,1.1645530282892762,0.1523373466942792,0.9450837713236977,0.3348316514644445
joint-6c84dffefac07a85efd4,M2,291502,no_contact_within_horizon,P3,0.43098064477634146,0.9357410537390262,0.06641649276798565,0.9092317721284923,0.5597228070536864
joint-530af393a720d348afb0,M2,291502,no_contact_within_horizon,P0,0.5400812472574098,0.9896285499551143,0.010425608324949067,0.8542065072278858,0.02458255999070935
joint-66b0d86cfbc4d904308f,M2,291502,no_contact_within_horizon,P0,0.8189103033963071,1.4469830471667517,0.3694807317318918,0.7221565550246234,0.35114729179846005
joint-cb84ae0ab47be6c0b097,M2,291502,no_contact_within_horizon,P1,0.6815957142518505,1.2728254773726417,0.24123921463293715,0.7935572351628206,0.4721827316686454
joint-bd7b1bc3eac5c32be6ce,M2,291502,future_contact,P0,0.4072803994835996,0.8400587319301996,0.17428347062447125,0.9316557781463018,0.12670768869286536
joint-f42e2b2aa0bcf1904b2c,M2,291502,future_contact,P2,0.5269691143661169,0.8486372531738414,0.16412344760895592,0.8737131665029736,-0.17714080438863516
joint-0cc5980f554a68da719e,M2,291502,future_contact,P3,0.39191471934395367,0.8461350463754428,0.1670763028299191,0.9366539733801846,0.06022576919989375
joint-c71196ce6b27a5f15741,M2,291502,no_contact_within_horizon,P0,0.5684372095186315,0.9476596530728917,0.05375985693459194,0.8397682181288624,0.08135264201409277
joint-08a29e94c959b15daf6c,M2,291502,future_contact,P2,0.3748036897413645,0.8444775394470891,0.16903713936139853,0.9435789857695733,0.08418726579229426
joint-009344968abd7434a0a8,M2,291502,no_contact_within_horizon,P3,0.5113820794663739,1.0143256764704427,0.014224033552879115,0.8693387338282056,0.4765230378227364
joint-0d9b039cb21daac03d2a,M2,291502,no_contact_within_horizon,P0,0.5903131095466628,0.9800363687385143,0.02016559704844635,0.8259508350903729,0.13014329501172398
joint-96bbd61ef63ebf358d5e,M2,291502,no_contact_within_horizon,P0,0.5414000151468379,1.3290015181765165,0.2844279220754644,0.8911819409535181,0.4430163264636713
joint-71226efdc82c7b8eb4e1,M2,291502,future_contact,P3,0.6809952323729423,0.8244511420365379,0.19303739642593312,0.784645541686613,0.2286245475426495
joint-2b6a5ce6c26b3991652e,M2,291502,no_contact_within_horizon,P1,0.3387415783033374,1.1448173493110763,0.13524510402915912,0.9515238839209689,0.5352939247710004
joint-c45a492c6ab0e2e5bfbe,M2,291502,future_contact,P2,0.5362882386472466,0.9285198562762599,0.07416351309088823,0.8587510093452728,0.07163362906644176
joint-b2b2ebaf8b3253aafde3,M2,291502,future_contact,P3,0.27453908298099994,0.8737025021866527,0.1350153477853679,0.9712705660745529,0.2868571320432425
joint-58d5f239e12552c3626e,M2,291502,future_contact,P3,0.3128682813592624,1.1812626943010873,0.16658394626634723,0.9646236084292329,0.21773851114671314
joint-fc2b76f0772372bf8c3c,M2,291502,no_contact_within_horizon,P2,0.7549702074407467,1.51122457457414,0.41292029870220537,0.7891582762724387,-0.05211249065525732
joint-fe2aefddb9b7745686ad,M2,291502,future_contact,P0,0.4102038720178248,1.215395941813856,0.19506990174189295,0.934150024012206,0.046085093319546036
joint-8b6ff975d45da97a4933,M2,291502,no_contact_within_horizon,P3,0.5106080682960938,0.9848576352033818,0.015258181044363073,0.8697485210876477,0.45780540309726986
joint-175e17d0ef9573bac40e,M2,291502,no_contact_within_horizon,P3,0.7919310987170006,1.169474638359668,0.1565546209238146,0.6967769698134261,0.6717009340762007
joint-a3d06b9cb0966439eddd,M2,291502,future_contact,P1,0.2662595161521998,1.0679140062258767,0.06570721878111675,0.9666741572200245,0.1377384984088035
joint-04c90cd2b55e51d7395c,M2,291502,future_contact,P1,0.12259851954417969,0.9409539683251121,0.06086105841993418,0.9943304461104053,0.06524432944148072
joint-03d19206c4766692b70a,M2,291502,no_contact_within_horizon,P0,0.4520190470045061,1.267541881455263,0.2370794985055624,0.9246323508872267,0.5673756483428722
joint-f3533a47857412ee6574,M2,291502,no_contact_within_horizon,P0,0.48551818536685115,0.9712377929417846,0.029183945778969846,0.8825368293674037,0.09098450528334591
joint-19e423cc276169fd1073,M2,291502,future_contact,P2,0.5093203753532083,0.9283791115395129,0.07431510425384961,0.8728798539701276,-0.05266070391555507
joint-ff96f3eeddc533681410,M2,291502,future_contact,P2,0.11741094464832406,0.9783219176147705,0.021916503992989327,0.9933466834985208,0.3459453822996146
joint-c4e21270ec4d0d7be262,M2,291502,no_contact_within_horizon,P1,0.9567290425787548,1.0682374674484283,0.06601006362054883,0.5440154945111173,0.33361463025313426
joint-f3c2aa3445150de38445,M2,291502,no_contact_within_horizon,P1,0.49941011588008516,0.947318096538021,0.0541203430021878,0.8766682932830596,0.3702935111427286
joint-9b1bd063fe31242ee1d4,M2,291502,no_contact_within_horizon,P2,0.6779463014784417,1.3019255979554778,0.2638443977261361,0.8011810597321976,0.591405578461873
joint-dc07119105a4b0f17fef,M2,291502,no_contact_within_horizon,P3,0.9940391163924649,0.8348649466164113,0.18048530779184774,0.5182404493741131,0.5774628660824612
joint-e62d176dd1f3b78034aa,M2,291502,no_contact_within_horizon,P0,0.661008597188883,0.9611182527331417,0.03965782583064217,0.7822343828081568,0.13196159651999662
joint-7fb044ff7f38057c2332,M2,291502,no_contact_within_horizon,P1,0.5640477791787124,0.9327224383644902,0.06964761610919931,0.8431584393962291,0.364030054052523
joint-86e6ae730070eee6983b,M2,291502,future_contact,P0,0.3576059528163857,0.9872022527958091,0.012880343828138234,0.9361392919884731,0.26846929701648964
joint-9a206f19112cd83d8451,M2,291502,no_contact_within_horizon,P3,0.4305967482177629,0.921815057830221,0.08141066358265077,0.9104552060043866,0.5543340272881591
joint-d9be6f5c2e8106f0264a,M2,291502,no_contact_within_horizon,P0,0.4198767013719623,1.2071624901901616,0.18827255624436653,0.9288440220392535,0.44431676154771077
joint-6f8a92fc80c9c4920afe,M2,291502,future_contact,P0,0.39386689517205226,0.8288957103375373,0.18766093352467644,0.9394095777270978,-0.04603483783165244
joint-2a31fc646bfd539046d7,M2,291502,future_contact,P1,0.4566199960406154,0.849786007054223,0.16277071760053544,0.9083334767514986,-0.12132910284225466
joint-e8ed568644109d3c68dd,M2,291502,no_contact_within_horizon,P0,0.47122115201029224,0.9960923722194737,0.0039152825056801505,0.8889825521903535,0.03928926416264247
joint-310c46903e1f1c1d5a60,M2,291502,no_contact_within_horizon,P0,0.548816863090675,1.3235741940025039,0.2803358000503103,0.8859738462220996,0.22193163185301656
joint-1285f64b5ffdc41a435d,M2,291502,future_contact,P0,0.45746268635194953,1.0223096744527576,0.022064454154577924,0.8955946394676284,-0.18668224181793566
joint-70524fe1e7c2518c400a,M2,291502,no_contact_within_horizon,P1,0.4147698726183384,1.0905230217665953,0.08665741763945514,0.9175784932199156,0.4460034180686875
joint-41ae71c0e6c6d51506eb,M2,291502,future_contact,P0,0.42727909002656933,0.8180834517680377,0.2007909283066728,0.9280194400192155,0.11606222290696659
joint-f2a415df92c5dbd9c22b,M2,291502,no_contact_within_horizon,P2,0.38615791595818194,0.9518006661247664,0.04939965043745378,0.9266159465680539,-0.04233764058085292
joint-05f0f9643ecc833a54a1,M2,291502,no_contact_within_horizon,P3,0.438298502169944,0.9235121978300551,0.07957127116796449,0.9069625539324099,0.5479780138437943
joint-6731d5008cdff8444b8a,M2,291502,no_contact_within_horizon,P1,0.6230613927043042,1.0267747903839202,0.02642261808111873,0.8062124677334155,0.33171717138887236
joint-cd5d57fb2d2fc404ed88,M2,291502,no_contact_within_horizon,P1,0.30491453163333343,0.9872413514608996,0.012840739085808423,0.9535940913718981,0.5389957718316755
joint-c73f7954cc710bf9d63c,M2,291502,future_contact,P3,0.28883688007037,1.0086169774016838,0.008580063159791974,0.9583226696102592,0.16559640062927142
joint-8c80649d97868318c9fe,M2,291502,no_contact_within_horizon,P1,0.7549447199220122,1.2010337750293143,0.18318266512482848,0.7294568441775158,0.05377484710726103
joint-e8ffd69e58705acdb563,M2,291502,future_contact,P3,0.6083544008900476,0.7714917526932933,0.2594292971993865,0.8456623141692104,0.12679753348005968
joint-2474a6ed6bbe4f7e1b97,M2,291502,future_contact,P0,0.2310947685652284,1.060883688377797,0.05910222909652828,0.975021324024211,-0.37620532718005834
joint-1b6c644185589ebc48c8,M2,291502,no_contact_within_horizon,P3,1.047082508566724,1.736680261569329,0.5519753952254487,0.5652286092171848,0.038654396759681256
joint-efe7c8a0a11bb35094e0,M2,291502,future_contact,P2,0.2307355601154665,1.1485122332040478,0.13846739455223794,0.982854688166499,0.2712944081961065
joint-9ea456682d298ae62b43,M2,291502,future_contact,P3,0.35498259923553055,0.7659718337431477,0.266609880487903,0.9716188277217422,0.20397655800582606
joint-7d924a87e8568d82b71b,M2,291502,no_contact_within_horizon,P1,0.6233355294760212,0.9360442836659156,0.06609249201481965,0.807699078202175,0.3459855804176227
joint-f012efad790d4bcb5275,M2,291502,future_contact,P1,0.15800900018181133,1.0046225683304888,0.004611917073000912,0.9875271464591414,0.3977781184503579
joint-99a2122f162a74088f58,M2,291502,no_contact_within_horizon,P2,0.7099595432803739,0.7793956841875913,0.24923642344519284,0.7752651185464837,0.302568242648225
joint-ce884c4d333127e8b6dc,M2,291502,no_contact_within_horizon,P3,0.45628247945590666,1.120486585958163,0.11376304270852726,0.9020439768904605,0.40254827165101353
joint-50af49320c1511a0d6c6,M2,291502,future_contact,P3,0.5329249361613384,1.2361178950979435,0.21197573887014737,0.878945436403623,0.12152585101051007
joint-4664e26abb95085a572a,M2,291502,future_contact,P3,0.619757962740229,1.218688801778781,0.1977755281440557,0.825687300745933,-0.40949474720597373
joint-79aa8ba0c5489ddf2497,M2,291502,future_contact,P0,0.6613407462008988,0.9285775882360423,0.0741013386907547,0.7837606306624368,-0.25426096215941585
joint-d987f2e8f59153959f0b,M2,291502,future_contact,P0,0.1619483270324241,0.9415913780772424,0.060183879750420076,0.9886860877899929,0.2944521005705695
joint-cb8130fb1c35fd8e7b18,M2,291502,no_contact_within_horizon,P3,1.0063621965643759,0.9397241800083846,0.062168872298774325,0.49506122582656426,0.3540015965670732
joint-d18a1d26ca0c2d035ee3,M2,291502,future_contact,P0,0.4176586482804659,1.0160300172061898,0.01590289321414147,0.912901565824577,0.038487160202068486
joint-da2f34f1c087e97b1afb,M2,291502,no_contact_within_horizon,P0,0.8401434717629217,1.5098128336458871,0.41198569191635537,0.7179642506293402,0.4383301100531937
joint-d61e8bcf8b85f15c898a,M2,291502,no_contact_within_horizon,P0,0.6590036423614312,0.9779988325824484,0.02224680262651032,0.7830777017854923,0.2660376758674288
joint-4de8fb543630717fe750,M2,291502,no_contact_within_horizon,P1,0.6006946957560275,0.9447369733841572,0.05684872527400143,0.8210534590454227,0.12495571155129183
joint-dc3cf8ce3539277e0726,M2,291502,future_contact,P1,0.539090544058365,0.7234745758620926,0.3236898740089068,0.9036977201811623,0.09777023348142838
joint-afc74f4446a723051311,M2,291502,future_contact,P2,0.4080984313556969,0.9433346782358095,0.05833415132230886,0.9183588930579452,-0.0406497175035704
joint-b8e91cf056a2850aa06d,M2,291502,future_contact,P3,0.6956556630464491,0.7873254637898005,0.23911356612942752,0.7832805523968139,-0.21468087826364868
joint-1f313d8436034e3c8a2f,M2,291502,no_contact_within_horizon,P0,0.582485720946652,1.5232282286628172,0.4208319173562026,0.9125970172240384,0.48906186661193135
joint-86283058a19cd7794f47,M2,291502,future_contact,P3,0.8388993176426663,0.9528168563351941,0.04833256972978513,0.6490866745817956,-0.13192979742655087
joint-a5ed81533299a3f553ae,M2,291502,no_contact_within_horizon,P1,0.7633526899899948,0.9244747863605917,0.07852950125743127,0.711281944707732,0.14902877207486406
joint-1b3125f558c72b1ea5e4,M2,291502,no_contact_within_horizon,P1,0.524734559072417,1.2300803275829981,0.20707947422996553,0.8823633003614273,0.043654502759847995
joint-3dcb938aa6f788013529,M2,291502,future_contact,P0,0.15996304874787226,0.9538739113597433,0.04722378465487463,0.988314027367154,-0.06021751332088856
joint-f3d0c584cd58125ec9bd,M2,291502,future_contact,P1,0.12116859727914077,1.0453540984085883,0.044355678171786345,0.9936393486333648,0.1248548325897793
joint-a4fe2bd135f56d3a3b4d,M2,291502,future_contact,P2,0.37364166020595124,0.8120252379470527,0.2082238580878879,0.9511936182949401,0.1768693924757487
joint-baf9ad5b2a0e2663433b,M2,291502,future_contact,P3,0.5892129746200924,0.8321342300018247,0.18376151703707214,0.841876194850337,-0.02412903542641218
joint-63dd4abeb6e1325c7806,M2,291502,no_contact_within_horizon,P3,0.8105855314801953,1.1983421313763158,0.18093904437751687,0.6851934963062972,0.6585190439232382
joint-89a8114aac92bfca40db,M2,291502,future_contact,P1,0.1863773888899593,0.8608762763570286,0.14980448249078146,0.9937758012932038,-0.022849753950517165
joint-fdd9add87d3e0887f0db,M2,291502,no_contact_within_horizon,P0,0.8367038880018601,1.0361805393339922,0.035541394421178256,0.6504844113346215,-0.11016458358109318
joint-8deb233befdaaa44244e,M2,291502,future_contact,P1,0.545941006977049,0.7486325921312414,0.2895069470146498,0.8900303718360888,0.18457636310765688
joint-750a25537e1c577ecb17,M2,291502,future_contact,P2,0.31563240923825353,0.8707294391223066,0.1384239828516711,0.9595450031596541,0.04919668123253759
joint-d20c3c92116f8fce3c1e,M2,291502,future_contact,P2,0.2484885379076305,0.9066620561393595,0.09798549351354546,0.9738569797851221,0.024082980615329867
joint-83912571774477870e69,M2,291502,no_contact_within_horizon,P2,0.3803224324031454,1.2605912510273711,0.23158085774863424,0.953638323613109,0.45707319660553114
joint-0b091357d2bc89169b82,M2,291502,future_contact,P3,0.3361299052421754,0.8591985499287401,0.1517552429282858,0.9547194152959448,0.3003875904056118
joint-79a2726c7c85c127d89d,M2,291502,future_contact,P3,0.2624154789508182,0.9424018951373505,0.0593234551176618,0.9672989086305271,0.10123176749012001
joint-ff0e8b614b34aecce4b3,M2,291502,future_contact,P1,0.32056236496888024,1.0853132962449066,0.08186869761095417,0.9518868574363946,0.15797814132648427
joint-a6e0056491e5774f3780,M2,291502,future_contact,P1,0.19962458744401418,0.9284800167906258,0.07420642045584615,0.9828021298461489,0.24406921339496546
joint-009541860623d2bb9f1f,M2,291502,no_contact_within_horizon,P1,0.46935909445303403,1.1234782194374755,0.1164294261068427,0.8962628744141261,0.6099617009038468
joint-ffe811f4bd9985f39189,M2,291502,no_contact_within_horizon,P1,0.65140508764021,0.9139408368969625,0.08998943949508792,0.7914576668929537,0.39697275259816567
joint-08c462a1ad92c4ade964,M2,291502,no_contact_within_horizon,P2,0.3009667769878803,1.1652500745006722,0.15293572020606605,0.966161633568758,0.5048073042176096
joint-2ce56f0ea0683dcda2f5,M2,291502,future_contact,P2,0.2653100987637202,0.8557895146955324,0.1557308271245682,0.976742029640455,-0.013486479723088534
joint-e8e45e1d9d7dc3a06a25,M2,291502,no_contact_within_horizon,P3,0.6361531411980307,1.3323234831143138,0.28692439782457535,0.8349073660640665,0.4099495786612802
joint-cf92d455cc3ba4b96312,M2,291502,future_contact,P3,0.6711874992519857,1.4969347557429338,0.40341952114965646,0.8479474147607126,-0.06705226395692344
joint-2a931d7a53cb9c33974d,M2,291503,future_contact,P0,0.6090293428848084,1.0169501054110577,0.016808055303482314,0.814669789636788,0.08997698429004945
joint-4352a0ffd3ac22d2f5e6,M2,291503,no_contact_within_horizon,P0,0.44575820676880984,1.512292479359654,0.4136266977804124,0.9831096117770303,0.7076184779195742
joint-147f59a58d0ef285e900,M2,291503,future_contact,P1,0.7617153383147286,0.7179378039045541,0.3313723377743607,0.7572658508889096,0.1234299576851212
joint-d0326bfd1d59b011ffc1,M2,291503,no_contact_within_horizon,P2,0.3152306786684084,1.3265365142272803,0.28257142096183185,0.989506051275275,0.659857872727127
joint-b0a6408213b275a6eec4,M2,291503,no_contact_within_horizon,P2,0.976959964049251,0.8397974245604782,0.17459457746635096,0.5344089096981032,0.35090621979232633
joint-f16075ae76c562b01afa,M2,291503,future_contact,P2,0.5139121073832871,0.8121698450707043,0.20804579188691774,0.8882327969399195,0.2519731242325682
joint-6c84dffefac07a85efd4,M2,291503,no_contact_within_horizon,P3,0.3455073965658667,1.334922018443652,0.2888728769952759,0.9810731620586636,0.826786810543774
joint-530af393a720d348afb0,M2,291503,no_contact_within_horizon,P0,1.056083747950398,0.5107594893779027,0.6718564661561612,0.6113242589049231,0.3189553523657523
joint-66b0d86cfbc4d904308f,M2,291503,no_contact_within_horizon,P0,1.1398360536963497,0.8500656800631959,0.16244166182041533,0.3593147551012823,0.4087766054770211
joint-cb84ae0ab47be6c0b097,M2,291503,no_contact_within_horizon,P1,1.0653545220961222,0.7369093323015933,0.3052904170179765,0.4661482038319102,0.480793213181207
joint-bd7b1bc3eac5c32be6ce,M2,291503,future_contact,P0,0.6123571838024565,1.587946270172714,0.46244152734869826,0.911150855565818,0.254138043705007
joint-f42e2b2aa0bcf1904b2c,M2,291503,future_contact,P2,0.46805356210746873,0.7844610001656687,0.24275842102672024,0.9184520063760826,0.39721068612350496
joint-0cc5980f554a68da719e,M2,291503,future_contact,P3,0.9337930147141146,1.5202593442474865,0.41888094151949257,0.6336303471025185,-0.18125489632245
joint-c71196ce6b27a5f15741,M2,291503,no_contact_within_horizon,P0,1.0736678654097263,0.4473196434342368,0.8044818539380962,0.6666508292086917,-0.06887039320333863
joint-08a29e94c959b15daf6c,M2,291503,future_contact,P2,0.5755557553839721,1.599784672171799,0.46986904029642357,0.937490805065527,0.14059054090203785
joint-009344968abd7434a0a8,M2,291503,no_contact_within_horizon,P3,0.6123508905989155,1.7290686310670598,0.5475828999949488,0.9518114813149647,0.6816190856376568
joint-0d9b039cb21daac03d2a,M2,291503,no_contact_within_horizon,P0,1.2344302176969109,0.4130768779644483,0.8841215581516022,0.49621249133417433,0.2673591458611262
joint-96bbd61ef63ebf358d5e,M2,291503,no_contact_within_horizon,P0,0.9055455037050864,1.0043900303647513,0.00438042229100998,0.590001297611109,0.3017009689505829
joint-71226efdc82c7b8eb4e1,M2,291503,future_contact,P3,0.3250528399653069,1.2073428353963382,0.18842194105176444,0.9645040308975772,0.6702994416182747
joint-2b6a5ce6c26b3991652e,M2,291503,no_contact_within_horizon,P1,0.47036471993750956,0.9180376797713878,0.08551684370138905,0.8928349387267996,0.2576335244336149
joint-c45a492c6ab0e2e5bfbe,M2,291503,future_contact,P2,0.21358928579387707,1.1426158963579385,0.13332027965494392,0.9859886193501323,0.7121387148948799
joint-b2b2ebaf8b3253aafde3,M2,291503,future_contact,P3,0.9406372068222528,1.2212714210971642,0.19989246452576653,0.5732119630706681,0.03569620917224893
joint-58d5f239e12552c3626e,M2,291503,future_contact,P3,0.6968043799716386,0.7273609297320442,0.3183324600906021,0.8021265498102843,0.20973343658986285
joint-fc2b76f0772372bf8c3c,M2,291503,no_contact_within_horizon,P2,0.7985442523249431,2.1722760029863206,0.7757754671966959,0.9470490767081744,-0.0604079068126903
joint-fe2aefddb9b7745686ad,M2,291503,future_contact,P0,0.5170263277505145,1.1447604668493836,0.1351954158628056,0.8748830419449715,0.06115847853391708
joint-8b6ff975d45da97a4933,M2,291503,no_contact_within_horizon,P3,0.44361358904396886,1.4844224611970136,0.3950257815887568,0.9767573016221626,0.7821053543089697
joint-175e17d0ef9573bac40e,M2,291503,no_contact_within_horizon,P3,1.1861477876917652,0.7559492680144714,0.27978101085526286,0.3220648406868834,0.2500324156585954
joint-a3d06b9cb0966439eddd,M2,291503,future_contact,P1,0.23529103987144656,0.9217409277907106,0.08149108429146411,0.9755953182952755,0.09866598209971217
joint-04c90cd2b55e51d7395c,M2,291503,future_contact,P1,0.4378220438520672,0.8414219411598999,0.1726620311988739,0.9183829796874667,-0.24150029107637838
joint-03d19206c4766692b70a,M2,291503,no_contact_within_horizon,P0,0.8233479778095038,1.014858723768151,0.014749414400383003,0.661139393678827,0.2594262555684365
joint-f3533a47857412ee6574,M2,291503,no_contact_within_horizon,P0,1.0247103372095199,0.4752674625802277,0.7438775543007882,0.6886158826045677,0.18935216822062167
joint-19e423cc276169fd1073,M2,291503,future_contact,P2,0.39534973071683044,0.8968638051308955,0.10885126219607197,0.9275477229943919,-0.1410350748059801
joint-ff96f3eeddc533681410,M2,291503,future_contact,P2,0.605565300337718,0.8574652863835328,0.15377458311303982,0.8274058942739568,-0.08241836380889389
joint-c4e21270ec4d0d7be262,M2,291503,no_contact_within_horizon,P1,1.236773319459324,0.45166704989737977,0.7948099858555218,0.44075943397973616,0.5147039287027727
joint-f3c2aa3445150de38445,M2,291503,no_contact_within_horizon,P1,0.8715652352799067,0.504807302072914,0.6835785025806066,0.8169430239527452,0.6655146900479324
joint-9b1bd063fe31242ee1d4,M2,291503,no_contact_within_horizon,P2,0.8829921495838328,0.8467930981194954,0.1662988902984602,0.621320501061039,0.31232168659005816
joint-dc07119105a4b0f17fef,M2,291503,no_contact_within_horizon,P3,0.7936803092526376,1.303145959509913,0.2647813099120666,0.7147428412767027,0.07043945049476373
joint-e62d176dd1f3b78034aa,M2,291503,no_contact_within_horizon,P0,1.1831242961735073,0.44688976878968734,0.8054433170401126,0.5226148777659922,0.5181691708119057
joint-7fb044ff7f38057c2332,M2,291503,no_contact_within_horizon,P1,0.9326492064827518,0.47628854005969645,0.741731431805536,0.7903983643089691,0.6952147273104371
joint-86e6ae730070eee6983b,M2,291503,future_contact,P0,0.2785353584866257,1.140061898863494,0.13108255818104086,0.9696457828680731,0.026545638092681838
joint-9a206f19112cd83d8451,M2,291503,no_contact_within_horizon,P3,0.3566224281953407,1.3103391598276928,0.27028600433590166,0.9719919317974004,0.8269833737926192
joint-d9be6f5c2e8106f0264a,M2,291503,no_contact_within_horizon,P0,0.5148943545716927,1.6155224710020157,0.47965841581242863,0.9769287439045146,0.6187896183446483
joint-6f8a92fc80c9c4920afe,M2,291503,future_contact,P0,0.8268308915634127,1.644900130488534,0.4976796714251315,0.7629885080970549,-0.06034283243554201
joint-2a31fc646bfd539046d7,M2,291503,future_contact,P1,0.5914824829348954,0.8857305981371444,0.1213424399222483,0.8318005759934878,-0.15934430148875212
joint-e8ed568644109d3c68dd,M2,291503,no_contact_within_horizon,P0,1.053327394266464,0.5029188517378103,0.6873264504503098,0.6227676666515327,0.38195440651449997
joint-310c46903e1f1c1d5a60,M2,291503,no_contact_within_horizon,P0,1.0451025691991136,0.8963509303576422,0.10942327934169066,0.45823664630073757,0.013733620074830725
joint-1285f64b5ffdc41a435d,M2,291503,future_contact,P0,0.5195189995429081,1.0668760449606685,0.06473479402541436,0.8670046036248757,0.042735445173726856
joint-70524fe1e7c2518c400a,M2,291503,no_contact_within_horizon,P1,0.5094915219140418,1.5670543974171354,0.4491976771409362,0.9661482789308288,0.6049985742114824
joint-41ae71c0e6c6d51506eb,M2,291503,future_contact,P0,0.6241985088496036,1.6089351699523902,0.47557257506200784,0.9091959429013048,0.200123537577263
joint-f2a415df92c5dbd9c22b,M2,291503,no_contact_within_horizon,P2,0.7719122475710896,0.4857721229569475,0.7220156478461939,0.9337071962738687,0.020933353768391335
joint-05f0f9643ecc833a54a1,M2,291503,no_contact_within_horizon,P3,0.31356278685763916,1.280760473988084,0.24745402181512194,0.9808560657977425,0.841338556259653
joint-6731d5008cdff8444b8a,M2,291503,no_contact_within_horizon,P1,0.7567827004218894,1.975630467694054,0.6808875715607855,0.9200470503067738,0.7085250388155606
joint-cd5d57fb2d2fc404ed88,M2,291503,no_contact_within_horizon,P1,0.2599806861681991,1.2282560951924184,0.20559535455576752,0.9870559138752809,0.8549822616511463
joint-c73f7954cc710bf9d63c,M2,291503,future_contact,P3,1.192867043258461,0.3999912735989676,0.9163125481147085,0.5784690414601319,0.033331594144671656
joint-8c80649d97868318c9fe,M2,291503,no_contact_within_horizon,P1,0.9345125247168624,2.5422440650795575,0.9330471811715092,0.9290080941436816,-0.11938128902141656
joint-e8ffd69e58705acdb563,M2,291503,future_contact,P3,0.5685713842496316,1.3244737682308925,0.2810152244986763,0.874896444828204,0.4924172463200617
joint-2474a6ed6bbe4f7e1b97,M2,291503,future_contact,P0,0.5222141734918011,1.177952832119908,0.16377804378250752,0.8761713989836856,-0.04132978031930311
joint-1b6c644185589ebc48c8,M2,291503,no_contact_within_horizon,P3,0.5621084058721093,1.6235638586085939,0.4846236457007219,0.9523045353347749,0.684492913768172
joint-efe7c8a0a11bb35094e0,M2,291503,future_contact,P2,0.4718936153729682,1.0226187510035754,0.02236674009214306,0.8888944279947266,0.23491263354125244
joint-9ea456682d298ae62b43,M2,291503,future_contact,P3,1.0298867800414784,1.5265910425555516,0.4230371727871014,0.5364061274162462,-0.1564404737099822
joint-7d924a87e8568d82b71b,M2,291503,no_contact_within_horizon,P1,1.03721859863363,0.45788985196599136,0.781126621683056,0.6966886833206046,0.7183350909560571
joint-f012efad790d4bcb5275,M2,291503,future_contact,P1,0.43560463391405746,1.2530111804821171,0.22554959884468614,0.9294568615832739,0.31115943378928995
joint-99a2122f162a74088f58,M2,291503,no_contact_within_horizon,P2,0.6858367573276916,1.8852408977663118,0.6340556099581122,0.9482121543671485,0.2253956799005196
joint-ce884c4d333127e8b6dc,M2,291503,no_contact_within_horizon,P3,0.9783832873738353,0.7567562857960936,0.27871402481009055,0.5511206638395448,0.050387179936431555
joint-50af49320c1511a0d6c6,M2,291503,future_contact,P3,0.8006754483133987,0.6351322264651658,0.4539220711126345,0.7674662447324828,0.2724843993121545
joint-4664e26abb95085a572a,M2,291503,future_contact,P3,0.9062950674485348,1.0130164707093645,0.012932484472335618,0.5893810791672958,0.07384872575026254
joint-79aa8ba0c5489ddf2497,M2,291503,future_contact,P0,0.6403414917802988,1.0150180200090269,0.014906366039630262,0.7950810999018062,-0.3691879187734068
joint-d987f2e8f59153959f0b,M2,291503,future_contact,P0,0.6979604104452458,0.9047758508291647,0.10006804460143826,0.7608263450193538,0.10859442882515949
joint-cb8130fb1c35fd8e7b18,M2,291503,no_contact_within_horizon,P3,0.7747803633811601,2.0011454527564116,0.6937197429929931,0.9127050582022422,0.6276306811078757
joint-d18a1d26ca0c2d035ee3,M2,291503,future_contact,P0,0.4606482362525581,1.027863130397586,0.02748201653224941,0.8942592213403809,0.19616524490805726
joint-da2f34f1c087e97b1afb,M2,291503,no_contact_within_horizon,P0,1.0223311421054597,0.9873469630945774,0.01273376829802453,0.4774794092207558,0.1817952888279717
joint-d61e8bcf8b85f15c898a,M2,291503,no_contact_within_horizon,P0,1.0277464740271522,0.5131387404615146,0.6672090211334529,0.6418434476671524,0.5221175764489641
joint-4de8fb543630717fe750,M2,291503,no_contact_within_horizon,P1,1.2070719448240648,0.330774070579111,1.1063197028857075,0.7018830096234834,0.6340942452143679
joint-dc3cf8ce3539277e0726,M2,291503,future_contact,P1,0.7093998229389485,1.5002017796642444,0.40559961883735357,0.8212739467673357,0.06893692455972512
joint-afc74f4446a723051311,M2,291503,future_contact,P2,0.5064538856772488,1.2107203288939286,0.19121549561555773,0.8889138161862324,0.0008106438777697032
joint-b8e91cf056a2850aa06d,M2,291503,future_contact,P3,0.7684695297560891,1.119495491725284,0.11287813000549464,0.7101632429397261,-0.08728683691454478
joint-1f313d8436034e3c8a2f,M2,291503,no_contact_within_horizon,P0,1.0919740792590216,0.9633238361868933,0.03736564522188801,0.4042863542232591,0.07960838965874077
joint-86283058a19cd7794f47,M2,291503,future_contact,P3,0.38245170760384894,0.9442008748287184,0.05741634434134115,0.9284538256945724,0.31484102822697063
joint-a5ed81533299a3f553ae,M2,291503,no_contact_within_horizon,P1,1.3127921876728934,0.37941989214616134,0.9691117923175395,0.42713536121236984,0.6075477341057651
joint-1b3125f558c72b1ea5e4,M2,291503,no_contact_within_horizon,P1,0.18748952492799753,1.1483760291314444,0.1383487957723177,0.9919250703058405,0.8742279070862987
joint-3dcb938aa6f788013529,M2,291503,future_contact,P0,0.6044106986762006,1.4997543595555138,0.4053013344016589,0.8930045205295762,-0.047368516666455494
joint-f3d0c584cd58125ec9bd,M2,291503,future_contact,P1,0.08396166310015936,0.9628331927303336,0.03787509845940251,0.9971913026086562,0.7172514236955825
joint-a4fe2bd135f56d3a3b4d,M2,291503,future_contact,P2,0.6086564652876519,1.3692051135477858,0.3142303623643965,0.8599363748471144,-0.08466592836690044
joint-baf9ad5b2a0e2663433b,M2,291503,future_contact,P3,0.6458824756164753,1.1697136235688497,0.15675895266906392,0.8024457622079364,0.07448490238924213
joint-63dd4abeb6e1325c7806,M2,291503,no_contact_within_horizon,P3,1.2334166585232287,0.7134765961292517,0.33760564410392524,0.27499265828109787,0.2695710160545094
joint-89a8114aac92bfca40db,M2,291503,future_contact,P1,0.5579038895600558,1.1256871675249882,0.11839366476224517,0.8508423449509461,-0.01797506408850938
joint-fdd9add87d3e0887f0db,M2,291503,no_contact_within_horizon,P0,0.7324583242746032,1.4177349375864086,0.34906048368798004,0.7850407627547431,-0.16045082718593764
joint-8deb233befdaaa44244e,M2,291503,future_contact,P1,0.6584769969862034,1.5920480875367535,0.4650212927051739,0.8813559485544842,0.1345680723518694
joint-750a25537e1c577ecb17,M2,291503,future_contact,P2,0.7527406758588733,1.4399172086316725,0.36458561792928257,0.7743722250824051,-0.20219207016336968
joint-d20c3c92116f8fce3c1e,M2,291503,future_contact,P2,0.18641671706593635,1.0857786699236667,0.0822973977242052,0.9859833091495034,0.8370182533573896
joint-83912571774477870e69,M2,291503,no_contact_within_horizon,P2,0.87269620486787,0.5691988826188703,0.5635253758413281,0.751187402097079,-0.014216386213478665
joint-0b091357d2bc89169b82,M2,291503,future_contact,P3,1.0713947333569964,1.36917948174195,0.3142116419802104,0.4615454794574786,-0.12458117447804017
joint-79a2726c7c85c127d89d,M2,291503,future_contact,P3,0.2923844254861345,1.0842940852612193,0.08092916258968831,0.9604621992703071,0.6328455528048617
joint-ff0e8b614b34aecce4b3,M2,291503,future_contact,P1,0.17029893273710278,0.9322922628218109,0.07010892673590313,0.9879399481974729,0.2523173708156993
joint-a6e0056491e5774f3780,M2,291503,future_contact,P1,0.790343592532062,1.1251663708376207,0.11793090991144306,0.6935532381837681,-0.07977295853299007
joint-009541860623d2bb9f1f,M2,291503,no_contact_within_horizon,P1,0.9011962745036203,0.8390382643994311,0.17549896640421278,0.60622733012577,0.3178953154839426
joint-ffe811f4bd9985f39189,M2,291503,no_contact_within_horizon,P1,0.5036671506562757,1.227306807689239,0.2048221814887242,0.8928742365270822,0.026598835293099497
joint-08c462a1ad92c4ade964,M2,291503,no_contact_within_horizon,P2,0.8748541141425868,0.6127444548100279,0.4898073062925007,0.7162730601947291,0.029642171707121103
joint-2ce56f0ea0683dcda2f5,M2,291503,future_contact,P2,0.715568578521744,1.7376232786327426,0.5525182476709299,0.8805005003547938,-0.020295667023204348
joint-e8e45e1d9d7dc3a06a25,M2,291503,no_contact_within_horizon,P3,1.3370866914108939,0.5285489970656728,0.6376197682895135,0.2223841661260865,-0.025906843049044753
joint-cf92d455cc3ba4b96312,M2,291503,future_contact,P3,0.867425361072026,1.2492834621599005,0.22257015668284424,0.6439793456169917,-0.13586239544021933
